Country Name,Country Code,Series Name,Series Code,1981 [YR1981],1982 [YR1982],1983 [YR1983],1984 [YR1984],1985 [YR1985],1986 [YR1986],1987 [YR1987],1988 [YR1988],1989 [YR1989],1990 [YR1990],1991 [YR1991],1992 [YR1992],1993 [YR1993],1994 [YR1994],1995 [YR1995],1996 [YR1996],1997 [YR1997],1998 [YR1998],1999 [YR1999],2000 [YR2000],2001 [YR2001],2002 [YR2002],2003 [YR2003],2004 [YR2004],2005 [YR2005],2006 [YR2006],2007 [YR2007],2008 [YR2008],2009 [YR2009],2010 [YR2010],2011 [YR2011],2012 [YR2012],2013 [YR2013],2014 [YR2014],2015 [YR2015],2016 [YR2016],2017 [YR2017],2018 [YR2018],2019 [YR2019],2020 [YR2020],2021 [YR2021],2022 [YR2022],2023 [YR2023],2024 [YR2024]
Afghanistan,AFG,GDP per capita growth (annual %),NY.GDP.PCAP.KD.ZG,..,..,..,..,..,..,..,..,..,..,..,..,..,..,..,..,..,..,..,..,-10.1194841059326,22.0201902696299,2.34567163632688,-2.14821228495553,7.38337728197978,1.13248505528998,11.6923032922081,1.6772791560615,17.0438963216074,11.0550305527288,-3.21329500579925,8.27936899310519,2.0520682606117,-0.939984755736006,-1.66505744749013,-0.300121027406746,-0.195569548342789,-1.71374269254262,0.856294729087764,-5.38251464221077,-22.5844818732987,-7.57666891152213,0.10609280092082,..
Afghanistan,AFG,General government final consumption expenditure (% of GDP),NE.CON.GOVT.ZS,..,..,..,..,..,..,..,..,..,..,..,..,..,..,..,..,..,..,..,..,..,..,..,..,..,..,..,..,..,..,..,..,..,..,..,..,..,..,..,22.1092193573017,21.2623843883974,21.8454919236646,21.2145146604881,..
Afghanistan,AFG,"Unemployment, total (% of total labor force) (national estimate)",SL.UEM.TOTL.NE.ZS,..,..,..,..,..,..,..,..,..,..,..,..,..,..,..,..,..,..,..,..,..,..,..,..,..,..,..,2.494,..,..,..,1.692,..,7.915,..,..,11.184,..,..,11.71,5.679,..,..,..
Afghanistan,AFG,"Inflation, consumer prices (annual %)",FP.CPI.TOTL.ZG,..,..,..,..,..,..,..,..,..,..,..,..,..,..,..,..,..,..,..,..,..,..,..,..,..,6.78459655001656,8.68057078513405,26.4186641547444,-6.81116108898994,2.17853752389419,11.8041858089129,6.44121280934116,7.38577178397856,4.67399603536345,-0.661709164713771,4.38389195513915,4.97595150553836,0.626149149168802,2.30237251516839,5.60188791482222,5.1332034082496,13.7121023720065,-4.64470870797776,-6.60118564073727
Afghanistan,AFG,"Mortality rate, infant (per 1,000 live births)",SP.DYN.IMRT.IN,184.6,199,195.1,207.7,202.5,181.1,176.9,163.4,149,144.5,140.1,135.9,132,128.3,124.8,121.7,118.8,115.9,113,110.1,107,103.8,100.6,97.2,93.7,90.1,86.7,83.3,80,76.9,74,71.3,68.7,66.4,64.2,62.3,60.4,58.6,56.9,55.3,53.6,52,50.4,..
Albania,ALB,GDP per capita growth (annual %),NY.GDP.PCAP.KD.ZG,3.64864854723079,0.79584007109321,-1.01680217228541,-3.30749720231947,-0.290595348322213,3.61465554406625,-2.74949637948959,-3.26252233446826,6.92361728508746,-11.1879052989609,-27.566820834883,-6.62255120696442,10.2299493392305,8.96976165854495,14.0244959350984,8.00551384353483,-11.1576605254893,8.99380682261059,12.9639268824224,8.14996793452505,9.89019357107392,4.94262296313663,5.72810598121802,5.70712308403314,5.67025027957055,6.68998139667232,7.30798262922809,7.73056161381389,3.38511539501225,3.48564808644622,2.73953255678821,1.15104401333457,1.89373834041304,2.45213157165934,2.52583093525412,4.07519842345548,3.37821153577109,3.92752570942996,2.4982994465818,-2.75698023547982,9.98433057956316,6.10894789534866,5.13712355330536,5.16252191527128
Albania,ALB,General government final consumption expenditure (% of GDP),NE.CON.GOVT.ZS,8.84353390708875,8.89861279321276,9.09399523742266,9.75153050082957,9.63955140756505,9.61342983715576,9.99617333989332,9.80506206927652,9.13190329724955,19.1885468896252,22.8753325986112,21.4082882933696,14.6384098004022,14.6234019156112,10.0145358633844,9.59940257545617,10.5565146074516,10.9090460292713,11.147365193997,9.73155830514379,10.5939074940139,11.2361484858024,11.0505142453075,11.1885774385069,11.0832938282823,10.554951865021,10.3858870895021,10.7049766567384,11.5158448272289,11.6894266755022,11.8730326134018,11.7429129944326,11.7676839794264,12.2746384670784,11.6995817212428,12.1050326390236,11.851016747215,11.8666140811981,12.6759912713341,13.6673333207542,12.8352254087666,12.0411716018624,12.0464694929138,12.8229406224379
Albania,ALB,"Unemployment, total (% of total labor force) (national estimate)",SL.UEM.TOTL.NE.ZS,5.1,3.6,4.4,5.7,6.7,6.4,6.1,7,7.3,9.5,9.1,26.5,22.3,18.4,12.9,12.3,14.9,17.7,18.4,16.8,16.4,4.615,15,14.4,6.566,13.8,15.966,13.06,13.674,14.086,13.481,13.376,15.866,18.055,17.193,15.418,13.616,12.304,11.466,11.639,11.474,10.785,10.669,..
Albania,ALB,"Inflation, consumer prices (annual %)",FP.CPI.TOTL.ZG,..,..,..,..,..,..,..,..,..,..,..,..,..,..,..,..,..,..,..,..,..,..,..,..,..,..,..,3.32087090389265,2.2669220945083,3.62604695579816,3.42912324722166,2.03159268395297,1.93762080205226,1.62586504402611,1.89617402592365,1.27543168367414,1.98666133171195,2.02805963071135,1.41109078954247,1.62088661717011,2.04147163139547,6.72520271530052,4.75976421930108,2.21448953273292
Albania,ALB,"Mortality rate, infant (per 1,000 live births)",SP.DYN.IMRT.IN,51.6,47.3,43.5,40.2,37.2,34.6,32.3,30.3,28.6,27.2,26,25,24,23.1,22.2,21.3,20.5,19.6,18.7,17.9,17,16.1,15.3,14.4,13.5,12.7,11.9,11.1,10.4,9.7,9,8.5,8,7.8,7.6,7.6,7.7,7.8,8,8.1,8.2,8.3,8.3,..
Algeria,DZA,GDP per capita growth (annual %),NY.GDP.PCAP.KD.ZG,-0.287791268389398,2.91098891233696,1.88412406994871,2.05622585528499,0.229398496603636,-2.85296270395477,-3.65704095206092,-3.73441250470079,1.67998285930979,-1.66808064996022,-3.52712947648031,-0.649140042449275,-4.42745904751482,-3.0685083752782,1.67474517206692,2.08184989450046,-0.767068614422456,3.43950503955708,1.77694241787516,2.35726435010288,1.59517814379704,4.00705031536965,5.09333212662064,3.05086148235007,3.86890214242119,1.32618894855368,1.39346833661227,0.652527943948144,-0.72042057547074,2.77921908194712,1.00399237129356,0.379563284418055,0.548743629610698,2.00005200987388,1.09962061859601,1.78594064734014,-0.541667024495979,-0.546019580108478,-0.939992962004737,-6.61247509707083,2.13263632683078,1.96825188100587,2.55120301943617,1.86551988917833
Algeria,DZA,General government final consumption expenditure (% of GDP),NE.CON.GOVT.ZS,15.0992682724718,16.1849716595944,16.2173732771297,16.0313902477679,16.7181584306133,18.9983304224347,19.4315721200527,20.1144484587383,18.0014175378966,16.0669306193343,14.7187690708191,16.0179356226305,17.3241859122684,17.8746231496666,16.7637898364963,15.7743188040564,16.5383785645998,17.7919085156143,16.7872347521677,13.5839456347184,15.1061980679688,15.8283010861494,15.1191333175551,13.9668642251548,12.4253615606667,11.9514452302174,12.3881656291708,13.7657607144016,16.3715688126633,16.9633056770368,20.1129065782839,19.7502925593678,18.535080427414,18.9932826125176,20.5244656437501,20.0218426111777,18.8290421977276,17.4037117605062,18.2610260787535,19.8031597171656,18.4286289389909,16.5359089102657,17.9279465789317,..
Algeria,DZA,"Unemployment, total (% of total labor force) (national estimate)",SL.UEM.TOTL.NE.ZS,..,..,..,..,..,..,..,..,17.64,21.26,20.6,24.38,26.23,27.74,31.84,..,25.43,..,..,29.77,27.3,25.9,23.72,17.65,15.27,12.27,13.79,11.33,10.16,9.96,9.96,10.97,9.82,10.207,11.206,10.202,12,..,..,..,..,..,..,..
Algeria,DZA,"Inflation, consumer prices (annual %)",FP.CPI.TOTL.ZG,..,..,..,..,..,..,..,..,..,..,..,..,..,..,..,..,..,..,..,..,..,..,..,..,..,2.31149918514424,3.678995747417,4.85859062814938,5.73706036145628,3.91106195534029,4.5242115050527,8.8914509106232,3.25423910998842,2.91692692067458,4.78444700693894,6.39769480268751,5.5911159096167,4.26999020467083,1.95176821052892,2.41513094083414,7.22606307415475,9.26551551551555,9.32217375928319,4.04611455313438
Algeria,DZA,"Mortality rate, infant (per 1,000 live births)",SP.DYN.IMRT.IN,98.1,86.9,75.1,64.3,55.5,48.9,44.4,41.8,40.4,39.8,39.6,39.6,39.5,39.2,38.8,38.2,37.4,36.6,35.7,34.7,33.6,32.4,31.3,30.1,29,27.9,26.9,25.9,25.1,24.4,23.8,23.2,22.7,22.3,21.9,21.6,21.3,21,20.7,20.4,20.2,20,19.7,..
American Samoa,ASM,GDP per capita growth (annual %),NY.GDP.PCAP.KD.ZG,..,..,..,..,..,..,..,..,..,..,..,..,..,..,..,..,..,..,..,..,..,..,1.12678985497159,0.68022053736145,-0.0545952701160815,-3.68497685539259,2.32559828018989,-2.16041177422564,-3.6489098592902,0.84468159199173,0.606612624100549,-3.62202258510453,-1.62801355404956,2.79061243809868,4.29662336687659,-0.488137584297121,-5.79936404816848,4.03850712136055,0.897584681397618,5.3517874262504,0.297884820349225,3.59327606262792,..,..
American Samoa,ASM,General government final consumption expenditure (% of GDP),NE.CON.GOVT.ZS,..,..,..,..,..,..,..,..,..,..,..,..,..,..,..,..,..,..,..,..,..,..,..,..,..,..,..,..,..,..,..,..,..,..,..,..,..,..,..,..,..,..,..,..
American Samoa,ASM,"Unemployment, total (% of total labor force) (national estimate)",SL.UEM.TOTL.NE.ZS,12.61,12.78,12.96,13.11,13.29,13.38,..,..,..,5.11,..,..,..,..,..,..,..,..,..,5.05,..,..,..,..,9.98,..,..,..,..,9.2,..,..,..,..,..,..,..,..,..,..,..,..,..,..
American Samoa,ASM,"Inflation, consumer prices (annual %)",FP.CPI.TOTL.ZG,..,..,..,..,..,..,..,..,..,..,..,..,..,..,..,..,..,..,..,..,..,..,..,..,..,..,..,..,..,..,..,..,..,..,..,..,..,..,..,..,..,..,..,..
American Samoa,ASM,"Mortality rate, infant (per 1,000 live births)",SP.DYN.IMRT.IN,..,..,..,..,..,..,..,..,..,..,..,..,..,..,..,..,..,..,..,..,..,..,..,..,..,..,..,..,..,..,..,..,..,..,..,..,..,..,..,..,..,..,..,..
Andorra,AND,GDP per capita growth (annual %),NY.GDP.PCAP.KD.ZG,-3.85913536256933,-2.91946873272366,-2.74825922222037,-2.32782592052799,-1.30213488514967,-1.05661369805985,1.29670922958218,1.34490703710843,2.33371642842843,-0.119515604880633,-4.81916904530696,-4.99409016591666,-5.83663168981438,0.259838841219207,3.8829592914651,4.53197827144704,7.86067895733267,2.11836793796665,3.57945484802578,3.56776571144128,7.84516813384302,3.51828473360374,4.03270748560267,1.09540001410325,1.18302768739022,1.95883002800001,-1.2896115123411,-7.38929878788132,-5.74648545856505,1.88988084312282,3.7495175357235,-3.80075429834201,-1.44394540350855,4.52989381717444,3.63079793724701,3.69962046811506,-1.80605703312767,-0.30211930399588,0.265352820614368,-12.2238384935431,6.92704485233561,7.72123800096536,1.1232590791063,2.00678445056737
Andorra,AND,General government final consumption expenditure (% of GDP),NE.CON.GOVT.ZS,..,..,..,..,..,..,..,..,..,..,..,..,..,..,..,..,..,..,..,..,..,..,..,..,..,..,..,..,..,..,..,..,..,..,..,..,..,..,..,..,..,..,..,..
Andorra,AND,"Unemployment, total (% of total labor force) (national estimate)",SL.UEM.TOTL.NE.ZS,..,..,..,..,..,..,..,..,..,..,..,..,..,..,..,..,..,..,..,..,..,..,..,..,..,..,..,..,..,..,..,..,..,..,..,..,..,..,..,..,..,..,..,..
Andorra,AND,"Inflation, consumer prices (annual %)",FP.CPI.TOTL.ZG,..,..,..,..,..,..,..,..,..,..,..,..,..,..,..,..,..,..,..,..,..,..,..,..,..,..,..,..,..,..,..,..,..,..,..,..,..,..,..,..,..,..,..,..
Andorra,AND,"Mortality rate, infant (per 1,000 live births)",SP.DYN.IMRT.IN,..,..,..,..,10.1,9.9,9.7,9.4,9.2,9.1,8.8,8.6,8.4,8.2,7.9,7.6,7.4,7.1,6.8,6.6,6.3,6.1,5.8,5.6,5.4,5.1,4.9,4.7,4.4,4.2,4.1,3.9,3.7,3.5,3.4,3.2,3.1,2.9,2.8,2.7,2.7,2.6,2.5,..
Angola,AGO,GDP per capita growth (annual %),NY.GDP.PCAP.KD.ZG,-7.81953767077424,-3.61121699593035,0.398925562456398,2.14350685089642,-0.238221364131419,-0.756799921119068,0.529253267498703,2.57767901918209,-3.31670877387496,-6.67052697297514,-2.34465271095358,-8.87134519094992,-26.3741958805223,-1.89306801134029,11.2224490340233,9.76893815229339,3.69291015107152,1.2453317264635,-1.13079877894916,-0.302928309232016,0.769184668379879,9.85780236264033,-0.545677504743708,7.03277266902487,10.9112436267704,7.51431491457519,9.82194382769093,7.04803548922715,-2.90228933630272,0.45432400635525,-0.473683326061277,4.40758705942397,0.990675718833643,0.981943967654047,-2.63070183214901,-6.00264868319587,-3.62075768171319,-4.6659699174492,-4.01001733670611,-8.67207617426551,-1.96959068680444,-0.143628267802001,-1.98829331292345,1.29293065625025
Angola,AGO,General government final consumption expenditure (% of GDP),NE.CON.GOVT.ZS,..,..,..,..,..,..,..,..,..,..,..,..,..,..,..,..,..,..,..,..,..,19.1305785372378,21.8542597859949,14.3120629446155,16.0290371753303,15.3417224061598,15.5369347037304,16.8146115372764,19.8985860825078,17.0423458554536,18.2358592210108,17.8426333032037,21.6219487315047,17.9756586545567,16.4328328348133,13.8806850814508,12.9358193168237,10.4745435629873,8.59885628389892,8.64793565020863,7.68345467585382,8.09626587411972,5.17178248225276,6.26678930309017
Angola,AGO,"Unemployment, total (% of total labor force) (national estimate)",SL.UEM.TOTL.NE.ZS,..,..,..,14.2,14.9,18.9,..,..,..,..,..,..,..,..,..,..,..,..,..,..,..,..,..,23.643,..,..,..,..,3.782,9.43,16.77,..,..,9.579,..,..,..,..,16.431,..,15.766,14.094,..,..
Angola,AGO,"Inflation, consumer prices (annual %)",FP.CPI.TOTL.ZG,..,..,..,..,..,..,..,..,..,..,..,..,..,..,..,..,..,..,..,..,..,..,98.2241436573304,43.5421067519687,22.953513851394,13.3052101780032,12.2514974459487,12.4758291326398,13.7302839288409,14.4696564932577,13.4824679218511,10.2779049218839,8.77781429332625,7.2803873036112,9.35597215533781,30.6944150806719,29.8444799015679,19.6289379701521,17.080954143438,22.271539247051,25.7542948841891,21.3552901320822,13.6441017767715,28.2404948915773
Angola,AGO,"Mortality rate, infant (per 1,000 live births)",SP.DYN.IMRT.IN,126.4,125.4,124.2,123.4,122.8,122.4,122.1,121.9,122,122.3,122.5,122.9,123.1,123.3,123.2,122.6,121.5,119.8,117.6,115,111.9,108.1,104,99.3,94.4,89.1,83.8,78.7,73.7,68.9,64.4,60.4,56.7,53.6,51.1,48.9,47,45.3,43.8,42.3,40.9,39.6,38.3,..
Antigua and Barbuda,ATG,GDP per capita growth (annual %),NY.GDP.PCAP.KD.ZG,3.57042439618608,-0.268580068501166,5.12204706420198,10.2535226083518,8.12880918168268,12.0400709213822,7.17639021932308,5.74727601654992,5.74760641106589,3.43486298151443,1.6594153249851,-0.43883830028318,3.38094182895334,4.67192490428931,-6.24765118209551,4.42573962263424,3.33223171042644,2.76572360104406,1.94235195854947,4.43708445751554,-5.99992111346744,-0.235736724833515,4.91622766558386,4.64519467801469,5.28070690333209,11.3196408319242,7.84344693304287,-1.47076894898352,-13.2817680568047,-9.0794536101368,-3.10800074739414,2.27378133147778,-1.50846791062001,1.39120573166151,0.691094824520249,3.47228425039911,2.1461875762954,6.17448976886325,2.67761319425004,-19.2945462845167,7.58367481372255,8.53077119658229,1.90488641843235,3.82019143947201
Antigua and Barbuda,ATG,General government final consumption expenditure (% of GDP),NE.CON.GOVT.ZS,..,..,..,..,..,..,..,..,..,..,..,..,..,..,..,..,..,..,..,..,..,..,..,..,..,..,..,..,..,..,..,..,..,..,..,..,..,..,..,..,..,..,..,..
Antigua and Barbuda,ATG,"Unemployment, total (% of total labor force) (national estimate)",SL.UEM.TOTL.NE.ZS,..,..,..,..,..,..,..,..,..,..,6,..,..,..,..,..,..,..,..,..,8.42,..,..,..,..,..,..,..,..,..,..,..,..,..,..,..,..,8.78,..,..,..,..,5.37,..
Antigua and Barbuda,ATG,"Inflation, consumer prices (annual %)",FP.CPI.TOTL.ZG,..,..,..,..,..,..,..,..,..,..,..,..,..,..,..,..,..,..,..,..,..,2.40765801293491,1.99353055152454,2.03007757853237,2.09875196709307,1.78778537419121,1.41605259409741,5.33380639820233,-0.550159995508911,3.37002540220151,3.45674967234604,3.37688044338876,1.05949782356172,1.08944157435359,0.968993458825594,-0.489437796230531,2.43248789041367,1.20715793367006,1.43135598182988,0.625989707046714,2.06299638545329,7.53107834634287,5.06713865364216,6.19886698842119
Antigua and Barbuda,ATG,"Mortality rate, infant (per 1,000 live births)",SP.DYN.IMRT.IN,12.2,11.5,11,10.7,10.5,10.4,10.5,10.6,10.8,11.1,11.4,11.7,12.1,12.3,12.6,12.7,12.7,12.6,12.4,12.2,11.9,11.6,11.3,11,10.8,10.5,10.2,10,9.7,9.5,9.3,9.1,8.9,8.8,8.6,8.4,8.3,8.2,8,7.8,7.7,7.5,7.3,..
Argentina,ARG,GDP per capita growth (annual %),NY.GDP.PCAP.KD.ZG,-6.69655885721481,-2.31535975378387,2.69083801550656,-0.0338209216825902,-6.66838660626058,4.51505097092362,1.1301429501441,-2.61112478271322,-8.56786939027158,-3.91119229289714,7.57513507305919,6.45332357113911,6.75211494763417,4.42731162216963,-4.10993598659498,4.20805017284493,6.80582114293425,2.63654066984506,-4.49306655170841,-1.90684139222867,-5.45263903304014,-11.8423138177008,7.71839038006088,7.92951713016532,7.73898107569444,6.94185160089025,7.93261011269163,3.00856892610517,-6.9103121153056,8.96819672899282,4.88127252804149,-2.0383253093713,1.39351266056681,-3.51326421042003,1.66091253843923,-3.02450095578762,1.91639608148853,-3.41553683867816,-2.69506723533574,-10.3361096878518,10.1485599877349,5.04819532337936,-1.89294979737558,-2.05840275449496
Argentina,ARG,General government final consumption expenditure (% of GDP),NE.CON.GOVT.ZS,..,..,..,..,..,..,4.7144944990421,4.32191028434568,4.49439596541391,3.13542839161188,3.32176128752774,2.97553802761558,13.5103784728742,13.1869043660659,13.3494556774505,12.5016776609201,12.0620142457633,12.4947749986829,13.7232114149469,13.7841913064131,14.1562743129569,12.235247296692,11.4380567929249,11.114636067696,12.1418612359575,12.4294153726307,12.9893238963619,13.6335132595631,15.903896746884,15.1637178886417,15.6889565165983,16.6454378106252,16.8062377968797,16.9498757371062,18.098379759087,17.6545781863509,17.6968939223042,15.8050971558947,16.4432415862976,16.8730073837365,15.9158179423023,15.8356571842994,16.3874689950096,15.0308136208788
Argentina,ARG,"Unemployment, total (% of total labor force) (national estimate)",SL.UEM.TOTL.NE.ZS,4.5,4.73,4.17,3.54,5.3,4.4,5.3,6,7.3,7.06,5.44,6.36,10.1,11.76,18.8,17.11,14.82,12.65,14.05,15,17.32,19.59,15.36,13.522,11.506,10.078,8.47,7.837,8.645,7.714,7.18,7.217,7.1,7.268,..,..,8.347,9.22,9.843,11.461,8.736,6.805,6.139,1.694
Argentina,ARG,"Inflation, consumer prices (annual %)",FP.CPI.TOTL.ZG,..,..,..,..,..,..,..,..,..,..,..,..,..,..,..,..,..,..,..,..,..,..,..,..,..,..,..,..,..,..,..,..,..,..,..,..,..,34.2772237131003,53.5483043492339,42.0150947376509,48.4093786255199,72.430757531824,133.488935594175,219.883929014578
Argentina,ARG,"Mortality rate, infant (per 1,000 live births)",SP.DYN.IMRT.IN,33.5,31.1,29.1,27.5,26.2,25.4,25,24.9,24.9,24.8,24.5,23.8,22.9,22,20.9,19.9,18.9,18.1,17.3,16.7,16.2,15.8,15.4,14.9,14.4,14,13.6,13.2,12.8,12.4,11.9,11.4,10.9,10.4,10,9.7,9.4,9.2,8.9,8.7,8.5,8.3,8.2,..
Armenia,ARM,GDP per capita growth (annual %),NY.GDP.PCAP.KD.ZG,..,..,..,..,..,..,..,..,..,..,-13.2111499901537,-41.1137635319795,-5.66973360505507,8.17931421395623,8.74315812160908,6.79679451868454,4.35375293195368,8.56710543978232,4.64095231749397,4.13075887426186,9.91735475361723,13.6245265308361,14.6197014940959,11.1144901880771,14.5697018806234,13.8986537041733,14.4208244850475,7.60294775074826,-13.5088421403002,2.91158696816194,5.28437530828725,7.33470454115984,3.37178358702843,3.88187670110254,3.51599547257022,0.611877151180408,7.96544606461424,5.56850117850011,7.83608438672164,-7.16866452731679,5.77142760758333,12.3383335576379,8.47902034166535,3.48421625230606
Armenia,ARM,General government final consumption expenditure (% of GDP),NE.CON.GOVT.ZS,..,..,..,..,..,..,..,..,..,18.3064997018485,18.5092232400552,18.5466971855959,17.1936819797033,11.5430460348078,11.3229912230238,11.3430091616755,11.4771831087164,11.2920970499034,12.230469548754,10.7986680994975,10.3413384803578,9.16904182303383,9.38479580771821,9.3562321018201,9.71001179777312,9.26564058035311,9.39819198234112,9.39590568718206,12.2837259772012,12.0437077284519,11.9102932556784,10.9099638916146,11.9350654316666,12.0858534859076,13.1115978061212,13.4541585167703,12.3185519874739,11.4866903221706,12.5645600985114,14.9686182373692,13.649850256969,11.6764818949578,14.146579323878,10.7332822502691
Armenia,ARM,"Unemployment, total (% of total labor force) (national estimate)",SL.UEM.TOTL.NE.ZS,..,..,..,..,..,..,..,..,..,..,..,1.8,5.3,6.6,6.7,9.3,10.8,9.4,11.2,..,35.964,..,..,..,..,..,10.394,22.974,19.295,19.523,18.884,17.511,16.576,17.498,18.261,17.617,17.704,10.589,9.794,8.055,8.418,8.262,8.298,..
Armenia,ARM,"Inflation, consumer prices (annual %)",FP.CPI.TOTL.ZG,..,..,..,..,..,..,..,..,..,..,..,..,..,..,..,..,..,..,..,..,..,..,..,..,..,..,..,..,..,..,7.65000807859295,2.55802007757904,5.78966778544654,2.98130868933676,3.73169119261694,-1.40360755900904,0.969553268816178,2.52023382001632,1.44344660770699,1.2114357783847,7.18483629443367,8.64091108973852,1.98041877615558,0.269511978259078
Armenia,ARM,"Mortality rate, infant (per 1,000 live births)",SP.DYN.IMRT.IN,66,63.4,60.8,58.4,56.1,53.9,51.7,67.8,47.5,45.5,43.5,41.5,39.6,37.8,35.9,34.2,32.5,30.9,29.3,27.8,26.4,25,23.7,22.5,21.3,20.1,19.1,18.1,17.2,16.4,15.6,14.8,14.1,13.4,12.8,12.2,11.7,11.2,10.7,10.2,9.7,9.3,8.9,..
Aruba,ABW,GDP per capita growth (annual %),NY.GDP.PCAP.KD.ZG,..,..,..,..,..,..,17.5932059495681,18.3046873736158,10.0669319753621,0.134479696268457,2.81343465185566,1.11185560632529,0.49219478038809,2.75152351032429,-0.292643137693034,-2.73386429761131,2.97839664366641,-0.487159557964318,-0.12596572599432,6.51922376579444,3.21240568796392,-1.62809915245946,-0.0338394415310148,5.02691151582482,-2.93082349408309,-0.673257700327071,2.32267757939195,1.06177235220186,-12.2749362798142,-2.95695264975568,2.61052505937265,-2.4846479774957,4.85527943148365,-2.62961535972701,-1.63575344980413,0.951537824831789,7.04065746506117,2.23442876498228,-2.496550426491,-25.7932294186771,25.154963851554,8.91230807871956,4.2161321395799,..
Aruba,ABW,General government final consumption expenditure (% of GDP),NE.CON.GOVT.ZS,..,..,..,..,..,..,..,..,..,..,..,..,..,..,19.9661590524535,20.1619433198381,23.5959153902261,21.9724924521972,21.8547341115435,21.4195402984363,24.8419722988295,24.8902241079819,24.4446509390647,22.8866788053061,22.8359748330604,22.3230008475629,21.4144525595569,21.2483204015552,24.8330340013432,26.4651444384815,25.1084551379907,26.1779453788038,26.1933038710376,24.8237406320455,23.2556955609808,23.4875270259162,23.021623543388,23.0710204165153,22.4985522696464,28.5514839909581,22.8317058472403,21.2077650789821,19.5624740562885,..
Aruba,ABW,"Unemployment, total (% of total labor force) (national estimate)",SL.UEM.TOTL.NE.ZS,..,..,..,..,..,..,..,..,..,..,6.08,..,..,6.45,..,..,7.45,..,..,6.92,6.9,..,..,..,..,..,5.71,..,..,10.6,8.9,..,..,..,..,..,..,..,..,..,..,..,..,..
Aruba,ABW,"Inflation, consumer prices (annual %)",FP.CPI.TOTL.ZG,..,..,..,..,..,..,..,..,..,..,..,..,..,..,..,..,..,..,..,..,..,3.3152467858543,3.65636507938414,2.52912946932762,3.39778677828807,3.60802438784539,5.39256784475513,8.95598705177788,-2.13542872046934,2.07814071860783,4.31629742195208,0.627471992893336,-2.37206524252255,0.421440918881169,0.474763597342611,-0.931195987079601,-1.02828178762003,3.62604141352957,4.25746204335427,..,..,..,..,..
Aruba,ABW,"Mortality rate, infant (per 1,000 live births)",SP.DYN.IMRT.IN,..,..,..,..,..,..,..,..,..,..,..,..,..,..,..,..,..,..,..,..,..,..,..,..,..,..,..,..,..,..,..,..,..,..,..,..,..,..,..,..,..,..,..,..
Australia,AUS,GDP per capita growth (annual %),NY.GDP.PCAP.KD.ZG,1.73854470077819,1.54942787951435,-3.55329833455862,3.34555850570975,3.88534344407061,2.47327841377252,1.01135337400945,4.04154229993129,2.12970908863994,2.0557054222491,-1.64395163608239,-0.689832363962793,3.12529541270305,2.98376796241043,2.73533229601546,2.61075293623199,2.79492575571827,3.62518181751807,3.8849685552909,2.73892956618373,0.723509653715439,2.80347962904044,1.91181254513451,3.1158569222052,1.90609317064833,1.37802725495408,1.89663870701868,1.53115006701066,-0.185790579384147,0.642043486475501,0.993946506952952,2.11825529215481,0.851364693358519,1.07636325622693,0.729964314626955,1.16681538734224,0.609016553617764,1.35086613147908,0.673067165560809,-1.34397743292375,1.96739983729857,2.92410064137691,0.964385754176206,-0.627097846487104
Australia,AUS,General government final consumption expenditure (% of GDP),NE.CON.GOVT.ZS,17.809792596482,17.7391106562038,18.6522643521598,18.3164633375918,19.2464639516269,19.4250119789171,19.3664750703645,18.4585097140322,17.7834799608993,17.6415791333398,18.63184151474,19.4960782460782,19.3760425366196,18.8128593686042,18.6412716851603,18.5846429563925,18.2705936245318,18.262337926821,18.7307315614009,18.5380745283503,18.5426391217441,18.3484346536303,18.4107243359548,18.3022813622208,18.3815949567882,18.3072975284743,18.1722516420682,18.0939091867019,18.4307470583246,18.8355329435523,18.6655613196208,18.8983020353986,18.853734962801,18.7777654809849,19.1888755144951,19.9735933226935,19.9482833661896,20.0168291219813,20.3713413159323,21.8946914788236,22.4227187171293,22.0784275525044,21.3138550807727,22.2288739416439
Australia,AUS,"Unemployment, total (% of total labor force) (national estimate)",SL.UEM.TOTL.NE.ZS,5.784,7.163,9.961,8.987,8.258,8.081,8.106,7.226,6.175,6.926,9.579,10.729,10.874,9.719,8.469,8.506,8.362,7.676,6.872,6.283,6.742,6.368,5.929,5.395,5.032,4.782,4.377,4.234,5.561,5.211,5.081,5.224,5.662,6.077,6.054,5.714,5.604,5.345,5.143,6.394,5.022,3.728,3.668,3.942
Australia,AUS,"Inflation, consumer prices (annual %)",FP.CPI.TOTL.ZG,9.4876660341556,11.3518197573657,10.0389105058366,3.96039603960396,6.73469387755102,9.05035054174633,8.53302162478083,7.21593968766828,7.53390256152687,7.33302195235871,3.17667536988686,1.01223112610713,1.75365344467641,1.96963479688141,4.62776659959759,2.61538461538461,0.224887556221889,0.860134629768138,1.48312940304041,4.45743514797223,4.40713536201469,2.98157453936348,2.73259596616786,2.34325522482584,2.69183168316832,3.55528773727026,2.32761128891475,4.35029854990048,1.77111716621253,2.91834002677376,3.30385015608741,1.76278015613196,2.44988864142539,2.48792270531401,1.5083667216592,1.2769909449733,1.94864740944521,1.91140094445694,1.6107678729038,0.846905537459283,2.86391042204996,6.59409671341846,5.59701492537313,3.16161428305747
Australia,AUS,"Mortality rate, infant (per 1,000 live births)",SP.DYN.IMRT.IN,10.4,10.1,9.8,9.6,9.3,9.1,8.8,8.4,8,7.6,7.1,6.7,6.3,6,5.8,5.6,5.4,5.3,5.2,5.1,5,4.9,4.9,4.8,4.8,4.7,4.5,4.4,4.2,4,3.8,3.6,3.5,3.4,3.3,3.2,3.2,3.2,3.2,3.2,3.2,3.2,3.1,..
Austria,AUT,GDP per capita growth (annual %),NY.GDP.PCAP.KD.ZG,-0.398620558135931,1.938121352414,3.13962788748358,0.0575734873694387,2.45056602359712,2.23640193792993,1.29304520975597,3.14974642661939,3.42010175394032,3.55354808185622,2.41398616813638,0.976092051303695,-0.298753799856229,2.00876130503556,2.51091305108029,2.07784870159793,2.03015241563726,3.3793812628262,3.56023814714031,2.94168464206538,0.929888060915275,0.986311683800295,0.650068295894712,1.93089688878541,1.62565909591297,2.75962370061296,3.43938549159965,1.13621131218787,-3.83849307623562,1.56453337880819,2.5811033185299,0.170488694211613,-0.836906795346636,-0.0285805465757676,0.174259722821304,1.01887723192984,1.56430689663536,1.98626296400239,1.30350317565873,-6.70639361073974,4.33975839929197,4.27593327942937,-1.93014566427215,-1.67659441879363
Austria,AUT,General government final consumption expenditure (% of GDP),NE.CON.GOVT.ZS,18.0353468833493,18.4188221221471,18.4184640717763,18.4610404120009,18.6508968882493,18.8593075512545,18.8258204002414,18.5863052916521,18.2574981773408,18.0463589294257,18.2291968557384,18.5626189584472,19.3763102383694,19.5208265345441,19.666689628253,19.6734069943384,19.6994349775578,19.6604112826844,19.9204421915907,19.3282687281008,19.0757989319958,18.9765669389252,19.088358925098,19.0332382539184,19.4781411306907,19.3952174935544,18.8623416708543,19.3986351091914,20.812093929858,20.6211987878032,20.0232182516466,19.9901506497011,20.0845066022548,19.9847608163281,19.8879548545364,19.7584191442748,19.598940636538,19.4423168006638,19.5313211345866,21.1529340170726,21.7317656146414,20.5524888096447,20.4654125213615,..
Austria,AUT,"Unemployment, total (% of total labor force) (national estimate)",SL.UEM.TOTL.NE.ZS,2.06,3.35,4.11,3.8,3.6,3.12,3.79,3.55,3.14,3.25,3.42,3.59,4.25,3.535,4.345,5.282,5.15,5.483,4.699,4.687,4.007,4.852,4.779,5.969,5.682,5.32,4.909,4.198,5.371,4.883,4.637,4.909,5.367,5.674,5.802,6.064,5.561,4.933,4.56,5.201,6.459,4.992,5.264,5.161
Austria,AUT,"Inflation, consumer prices (annual %)",FP.CPI.TOTL.ZG,6.80304177599258,5.43603082512847,3.33916453409533,5.66318573909352,3.18951681805191,1.70544456731974,1.40195271783971,1.91571684671257,2.56834829029372,3.26187231878578,3.33742703474788,4.02084780038558,3.63178524943176,2.95340936761079,2.24336631500905,1.86097115760432,1.30597857227693,0.922467196680793,0.568993765885571,2.34486285357281,2.65000077279529,1.81035787764127,1.35555370896452,2.06120618032862,2.29913785639286,1.44154851119019,2.1685552880075,3.21595033239886,0.506308827696515,1.81353438995062,3.28657914875377,2.48567562177015,2.00015616900599,1.60581182954475,0.896563335260335,0.891591752655315,2.08126911385585,1.99837981429547,1.53089564152644,1.38191063351859,2.7666666666667,8.54686993188449,7.81413417002833,2.93791574279385
Austria,AUT,"Mortality rate, infant (per 1,000 live births)",SP.DYN.IMRT.IN,13.2,12.5,11.9,11.3,10.6,10,9.4,8.8,8.4,8,7.5,7.1,6.6,6.1,5.7,5.3,5,4.8,4.6,4.5,4.5,4.4,4.3,4.2,4.1,4,3.9,3.8,3.7,3.6,3.5,3.4,3.3,3.2,3.1,3,3,3,2.9,2.9,2.8,2.7,2.6,..
Azerbaijan,AZE,GDP per capita growth (annual %),NY.GDP.PCAP.KD.ZG,..,..,..,..,..,..,..,..,..,..,-2.01238310352751,-23.7612021557258,-24.2568641648081,-20.7755585486808,-12.8134294386306,0.280213889570334,4.78428235238688,8.96088676293809,6.46158407611676,10.1910292674816,9.05182186490225,8.62535113851197,9.37646097029317,8.30153801248458,26.6600947307444,32.9970663204964,24.0486789316636,8.29339079060354,7.12223873867468,3.54945565734815,-2.8471829529599,0.85388605157199,4.48320302714377,1.52243157217873,-0.147024803718438,-4.1411749032482,-0.824348483224085,0.624884409708869,1.61582957425298,-4.85235154597305,5.15148935615073,4.67331801395174,1.23267975524143,3.57269253001031
Azerbaijan,AZE,General government final consumption expenditure (% of GDP),NE.CON.GOVT.ZS,..,..,..,..,..,..,..,..,..,17.5989085948158,19.4236526946108,17.7195493869422,30.140127388535,23.5111822791567,12.7940762958103,12.017858449828,12.6112148940886,15.1572400162762,15.6128314481736,15.1501663805345,13.6466250282188,12.4041237113402,12.3892814664521,12.9000492368291,10.4220403274107,8.53986407912003,9.66026692054089,8.49511176664042,11.1234077215848,10.8814317673378,10.1276832686917,10.5259600648111,10.2832491148465,10.8858730371216,12.4082383229128,12.8320634437288,11.3414124411056,10.4664635668981,11.1234709302752,16.2189420775689,13.867442319577,11.6421479898517,13.81500937233,14.3667334193467
Azerbaijan,AZE,"Unemployment, total (% of total labor force) (national estimate)",SL.UEM.TOTL.NE.ZS,..,..,..,..,..,..,..,..,..,..,0.11,0.17,0.52,0.65,0.8,0.9,1.03,1.13,16.25,11.78,10.91,10.04,9.17,7.99,7.26,6.62,6.33,5.86,5.74,5.63,5.42,5.19,4.97,4.91,4.96,5,5,4.9,5,7.24,6.04,5.65,..,..
Azerbaijan,AZE,"Inflation, consumer prices (annual %)",FP.CPI.TOTL.ZG,..,..,..,..,..,..,..,..,..,..,..,..,..,..,..,..,..,..,..,..,..,..,..,..,..,8.3289248286321,16.6997549618244,20.8490871772712,1.45704835970321,5.72687224669605,7.8583333333334,1.06621339720303,2.41571745279419,1.37344181533176,4.02768573742726,12.4433748584372,12.9359184187335,2.26854690373999,2.61057182799215,2.75980947008127,6.65029912708779,13.8522590144267,8.78543049849081,2.21217188919901
Azerbaijan,AZE,"Mortality rate, infant (per 1,000 live births)",SP.DYN.IMRT.IN,..,84.5,82.7,81.1,79.6,78.2,76.9,76.1,75.6,75.5,75.9,76.4,76.7,76.4,75.5,73.7,71.1,67.8,64,59.9,55.7,51.7,47.9,44.5,41.4,38.6,36.1,33.7,31.6,29.5,27.5,25.7,24.1,22.5,21.1,19.8,18.7,17.6,16.6,15.6,14.8,14.1,13.3,..
"Bahamas, The",BHS,GDP per capita growth (annual %),NY.GDP.PCAP.KD.ZG,-10.7947081234762,4.92512069760862,1.86802114455067,12.2603670641799,3.05230906313199,0.0649144081291979,1.25497231137513,0.576822781492382,4.86574711954306,-3.29619175946311,-5.81532737138369,-5.57330907482256,-1.55554108245764,1.3503874431031,2.66415684647076,2.5876999442699,-0.222584467419338,3.23454357427582,5.72071861955573,2.79090551843051,1.37353399953901,1.5348629318823,-2.44284894921039,-0.353931310699963,2.1597593545269,1.197964733166,0.0223161568588637,-3.62901783567871,-5.41414044702256,0.248837037553542,-0.537416355238307,3.47901214919351,-3.7563309686515,0.956170654089306,0.19788742455718,-1.84629209221779,2.7279541457891,1.81653986091274,-1.33099312036482,-20.3293697322449,17.4356022061203,10.5525244794227,2.55809108046651,2.90371303863959
"Bahamas, The",BHS,General government final consumption expenditure (% of GDP),NE.CON.GOVT.ZS,13.8310550297932,13.2357599949313,13.7349953831948,12.9342021459017,12.4574487205347,12.1375126390293,12.0265295514565,..,13.5620509470934,12.8591282375237,14.1612774656398,13.7430041814088,12.8716041397154,14.8106781221233,13.8874307378244,14.3216957605985,10.0357528630716,9.52406039905052,9.18157126552115,9.2540429172646,9.64674680776116,9.52916060514618,9.72143461903994,10.0239749361975,9.75173339297696,10.238756792643,10.0976235456766,11.1846855405662,12.6728618427643,12.5171359065588,13.7590673703757,13.0881310398866,11.7380886466259,11.1355495506818,11.3680137865784,10.718043245882,11.7105464011119,11.2721542685971,12.6549672365745,21.7683727034121,17.3440225969926,13.1735363536929,13.1128325682817,12.9111717447325
"Bahamas, The",BHS,"Unemployment, total (% of total labor force) (national estimate)",SL.UEM.TOTL.NE.ZS,..,..,..,..,..,12.09,..,11.02,11.59,7.77,12.17,14.81,12.72,13.83,10.83,11.46,9.76,7.65,7.45,..,6.87,9.05,10.84,10.2,10.2,7.54,7.88,8.18,14.25,..,14.52,14.02,16.18,13.8,12,12.7,9.8,10,9.336,..,..,..,8.645,..
"Bahamas, The",BHS,"Inflation, consumer prices (annual %)",FP.CPI.TOTL.ZG,..,..,..,..,..,..,..,..,..,..,..,..,..,..,..,..,..,..,..,..,..,..,..,..,..,..,..,..,..,..,3.19878141660322,1.97336755976255,0.722414784530534,1.51375643050832,1.86148302863365,-0.346376929989347,1.51820700736147,2.26586346678732,2.49123527368049,0.0385210980054084,2.90491262928485,5.60540633583038,3.05291578969747,0.409162489083242
"Bahamas, The",BHS,"Mortality rate, infant (per 1,000 live births)",SP.DYN.IMRT.IN,24.6,24.3,24,23.7,23.4,23,22.3,21.5,20.6,19.7,18.7,17.9,17,16.2,15.5,14.8,14.3,13.9,13.7,13.7,13.9,14.1,14.3,14.4,14.5,14.4,14.2,14,13.7,13.4,13.1,12.8,12.6,12.4,12.3,12.2,12.1,12,15.7,11.8,11.7,11.6,11.4,..
Bahrain,BHR,GDP per capita growth (annual %),NY.GDP.PCAP.KD.ZG,-9.00391241881118,-10.7713482626281,2.73304290430794,1.34961001401166,-8.12303760275989,-2.42823907607398,6.44724314575416,3.19312676440913,-3.14702885262435,0.893819936325329,13.8269392087557,3.92058393511722,9.93939920516908,-2.84120790487738,1.2311327478419,1.40416077716732,0.411529525314464,2.06527153677192,1.58798229607446,2.55964691370853,-1.18735356761402,-3.81287513307996,-1.20657192911173,-0.710582645687865,-1.04880316974081,-1.47038032480991,0.0756469326690166,0.0637144631576234,-3.97919772562874,0.0771669589062469,4.78747209697194,2.60578123430011,1.5766868455926,-0.560855463138182,-1.66329278716239,-0.0791098754103388,-0.457057166110175,1.91849572888873,3.38274086937953,-5.17307400932464,2.11919822497499,4.76451212539493,0.42885937985659,2.26433351806703
Bahrain,BHR,General government final consumption expenditure (% of GDP),NE.CON.GOVT.ZS,12.7208169243338,14.9678093361773,15.9372932973764,18.0983195579904,20.034669226503,23.9386747416532,21.4383789278959,21.4290545073644,21.5945744582074,21.2953484569812,20.5716423659497,20.9822633412881,19.5881020204126,18.4849398783632,18.3338105055733,17.7977911036114,17.133927523155,18.2617851870899,18.3063975171692,16.2088242630552,17.2604850298514,17.6690249392874,17.3159819698232,15.43849075531,14.0567332418424,12.7112200856881,12.0997787155712,11.2930187332554,13.9782278252058,12.3894325358045,13.3095861279241,14.8557525893975,14.9618991678442,15.4830749544723,16.8844595527265,16.2780349588925,15.8528821640076,15.5591909844562,14.9942124539716,16.5555429863148,15.2083548234166,13.6922335799518,14.6137011761089,..
Bahrain,BHR,"Unemployment, total (% of total labor force) (national estimate)",SL.UEM.TOTL.NE.ZS,3.1,..,..,..,..,..,..,..,..,..,..,..,..,..,..,..,..,..,..,..,..,..,..,..,..,..,5.6,3.7,4,1.13,4,1.2,..,..,..,..,..,..,..,..,..,..,..,..
Bahrain,BHR,"Inflation, consumer prices (annual %)",FP.CPI.TOTL.ZG,..,..,..,..,..,..,..,..,..,..,..,..,..,..,..,..,..,..,..,..,..,..,..,..,..,..,..,..,..,..,-0.40004069748808,2.75739669962981,3.30001156888437,2.64755321246194,1.8486274237498,2.78679347602043,1.38671830576399,2.08766938046983,1.00582004702132,-2.31770629331375,-0.606319385140878,3.62574104304489,0.0746206782191527,0.919635459817729
Bahrain,BHR,"Mortality rate, infant (per 1,000 live births)",SP.DYN.IMRT.IN,26.9,25.4,24,22.9,22,21.2,20.7,20.4,20.2,20,19.7,19.1,18.2,16.9,15.6,14.2,13,11.9,11.1,10.5,10.1,9.7,9.4,9.1,8.8,8.5,8.1,7.8,7.4,7.1,6.8,6.6,6.5,6.4,6.3,6.3,6.3,6.4,6.5,6.6,6.8,7,7.2,..
Bangladesh,BGD,GDP per capita growth (annual %),NY.GDP.PCAP.KD.ZG,4.51854466481316,-0.629252594549101,1.13444624118337,2.14633009039818,0.828029751172664,1.75594933819035,1.4749596769563,0.260566560580443,0.752490665566441,3.54080541439843,1.52679628840617,3.47383819956345,2.7790785666494,1.98156571211732,3.18589383291992,2.62954460746047,2.57102378007102,3.20995244419584,2.70069249240193,3.38671358983686,3.34027882244948,2.24286058481829,3.22632477639362,3.81635685042457,5.20131368672413,5.44042881455881,5.91320275589507,4.96057170242533,4.07076421640669,4.65046297355514,5.501503282369,5.50548020192592,5.02341839695075,5.09905460197942,5.60449539732434,6.16181560014782,5.68710307010265,6.44197494702485,6.97264399779152,2.58647816564581,6.07069417020969,6.00847462887278,4.4907040939439,2.96499837954917
Bangladesh,BGD,General government final consumption expenditure (% of GDP),NE.CON.GOVT.ZS,4.39132011605416,4.43233517127319,4.3091271083747,4.34462740554859,4.03063329644585,4.20118152968138,4.14317368059806,4.16537536251982,4.15394423380197,4.05325016763114,4.13633163394744,4.45122187024089,4.95383869591304,4.88315945317799,4.62988612520877,4.72749921814699,4.90298208959861,5.12567978040796,5.03961520253427,4.97312138319291,4.84565983723317,5.02264856478482,5.12829861719188,5.17438311061483,5.18022516467283,5.44007855680545,5.35945621469055,5.17827687820651,5.09374516609514,5.07532583559895,5.0974466876342,5.03934251857421,5.11613164192944,5.33752075651661,5.40424038147983,5.86529831496558,6.02233215987973,5.95916693091491,6.2381894055709,5.97120729189186,5.88274868783073,5.69899955596024,5.66516962733289,5.90807456126884
Bangladesh,BGD,"Unemployment, total (% of total labor force) (national estimate)",SL.UEM.TOTL.NE.ZS,..,..,..,2.04,2.02,0.96,..,..,0.92,..,2.2,..,..,..,..,2.51,..,..,..,3.27,..,..,4.32,..,4.25,3.591,..,..,5,3.379,2.504,..,4.426,..,..,4.35,4.372,..,..,..,..,4.593,3.352,..
Bangladesh,BGD,"Inflation, consumer prices (annual %)",FP.CPI.TOTL.ZG,..,..,..,..,..,..,..,..,..,..,..,..,..,..,..,..,..,..,..,..,..,..,..,..,..,..,..,..,..,..,11.3951651552399,6.21750422069283,7.53040640913172,6.99163889220849,6.19428022984985,5.51352572692994,5.70207015717244,5.54362139486472,5.59199639930633,5.69107474746208,5.54565430773475,7.69695437176898,9.88350303779208,10.4657482763412
Bangladesh,BGD,"Mortality rate, infant (per 1,000 live births)",SP.DYN.IMRT.IN,129.4,126.1,122.6,119.1,115.4,111.6,107.7,103.8,99.9,96.2,92.5,88.9,85.2,81.5,77.8,74.2,70.5,66.9,63.3,59.8,56.6,53.6,50.9,48.4,46,43.9,41.9,40.1,38.4,36.9,35.4,34.1,32.7,31.4,30,28.6,27.4,26.3,25.4,24.9,24.5,24.4,24.4,..
Barbados,BRB,GDP per capita growth (annual %),NY.GDP.PCAP.KD.ZG,-2.18984863095589,-5.21092771385968,0.146322174139996,3.22323163924484,0.742566225121294,4.77732628524372,2.32739077995596,3.31103086007256,3.46112223905399,-3.48446373308892,-4.19297972140554,-6.01646094594412,0.499601553882883,1.77956018959978,1.85087792828587,3.87935174789631,4.6969925195591,3.71107319952964,0.303697654101299,4.62813476022488,-2.50014582126161,0.129980080742214,1.54960907235986,0.834158697576243,3.41073813264568,5.56141136626411,1.5952928300061,0.107256161301009,-5.50548928278754,-2.61559986287267,-1.05353551011096,-0.600919440264519,-1.26956270224146,-0.163173017240183,-1.07426728994763,1.57057863064074,-0.0763346486714909,-1.36417522426169,0.475051848593893,-15.2024233113658,-0.413697039221532,17.7614916652573,4.08718373049098,3.75186089014285
Barbados,BRB,General government final consumption expenditure (% of GDP),NE.CON.GOVT.ZS,..,..,..,..,..,..,..,..,..,..,..,..,..,..,..,..,..,..,..,..,..,..,..,..,..,..,..,..,..,..,..,..,..,..,..,..,..,..,..,..,..,..,..,..
Barbados,BRB,"Unemployment, total (% of total labor force) (national estimate)",SL.UEM.TOTL.NE.ZS,7.23,8.39,9.06,17.02,18.85,17.88,17.94,17.57,14.06,8.16,7.52,22.94,24.54,22.98,19.66,14.71,14.61,12.4,10.61,9.35,9.85,10.32,11,..,..,..,..,..,10.02,10.69,..,..,11.55,12.17,9.803,8.247,8.62,8.321,8.41,..,11.015,7.261,6.54,..
Barbados,BRB,"Inflation, consumer prices (annual %)",FP.CPI.TOTL.ZG,..,..,..,..,..,..,..,..,..,..,..,..,..,..,..,..,..,..,..,..,..,..,..,..,..,..,..,..,..,..,9.43220240177219,4.53334753888772,1.81410436049102,1.76950322089726,-1.11278992510965,1.28192813061895,4.66018463955998,3.67381410406796,4.10028964518462,..,..,..,9.79207077126447,-0.462229168356189
Barbados,BRB,"Mortality rate, infant (per 1,000 live births)",SP.DYN.IMRT.IN,22.5,21.5,20.7,20,19.4,18.8,18.2,17.6,16.9,16.2,15.5,14.8,14.2,13.7,13.4,13.1,12.9,12.8,12.9,13,13.1,13.3,13.4,13.5,13.5,13.4,13.2,13.1,12.9,12.7,12.5,12.4,12.2,12,11.8,11.5,11.2,10.9,10.5,10.2,9.9,9.6,9.3,..
Belarus,BLR,GDP per capita growth (annual %),NY.GDP.PCAP.KD.ZG,..,..,..,..,..,..,..,..,..,..,-1.24556715313437,-9.7983835729257,-7.8037701462255,-11.595575075621,-10.108852707236,3.14668599194982,11.8639522071228,8.88936457622947,3.86637869161063,6.29963627464727,5.26389217749148,5.71608248149053,7.79491785232338,12.2126183470013,10.1497671746044,10.6755867050299,9.09946004367048,10.5813050729023,0.446705700216683,7.98573282581962,5.7975501798942,1.86726977292648,1.03749002701832,1.59406200763553,-3.9572512538216,-2.61191380516289,2.64480752237107,3.36999151883472,1.65136750420831,-0.251224717470436,3.29081751550133,-3.88854008273081,4.69120797390816,4.51757015046452
Belarus,BLR,General government final consumption expenditure (% of GDP),NE.CON.GOVT.ZS,..,..,..,..,..,..,..,..,..,23.7875288683603,22.2222222222222,15.2173913043478,18.4771573604061,20.5136851570842,20.5497392980404,20.5516083799436,20.3219474961154,19.8646749107398,19.5036522690862,19.4785302940726,21.5527682668344,21.0292941775096,21.3793046864744,20.6031789213431,20.785312392899,19.2073624585262,18.5231764837859,16.5249771170222,16.1000708699266,16.0213954939935,13.4483555468763,13.5666972902762,13.4298113058447,13.7542695534472,14.9217643769907,15.6531401067942,15.652843263526,15.7394924938501,16.8429795126774,16.9649774780792,16.8160720040254,17.2288777285138,17.8518963705848,19.0029231086173
Belarus,BLR,"Unemployment, total (% of total labor force) (national estimate)",SL.UEM.TOTL.NE.ZS,..,..,..,..,..,..,..,..,..,..,0.05,0.5,1.4,2.1,2.9,4,2.8,2.3,2.1,2.1,2.3,3,3.1,1.9,1.5,1.2,1,0.8,6.1,..,0.6,0.5,0.5,0.5,1,5.844,5.648,4.763,4.165,4.049,3.9,3.574,3.461,..
Belarus,BLR,"Inflation, consumer prices (annual %)",FP.CPI.TOTL.ZG,..,..,..,..,..,..,..,..,..,..,..,..,..,..,..,..,..,..,..,..,..,..,..,..,..,6.99712903535584,8.42675273505309,14.8378764828254,12.9456563410401,7.73574804312501,53.2286983118173,59.2197360232519,18.3122610377873,18.1195543526734,13.5344897649735,11.8365807653496,6.03183725177786,4.8723022055069,5.59815595039853,5.54814357456511,9.46028389623105,15.209675274081,5.00059903091313,5.78531910427999
Belarus,BLR,"Mortality rate, infant (per 1,000 live births)",SP.DYN.IMRT.IN,16.2,15.7,15.2,14.7,14.2,13.7,13.2,12.7,12.4,12.1,12.1,12.2,12.3,12.4,12.4,12.2,11.9,11.4,10.7,9.9,9.2,8.5,7.8,7.2,6.7,6.1,5.6,5.1,4.6,4.2,3.9,3.7,3.5,3.3,3.1,2.9,2.8,2.6,2.4,2.2,2.1,2,1.9,..
Belgium,BEL,GDP per capita growth (annual %),NY.GDP.PCAP.KD.ZG,-0.276653761516926,0.622329065147227,0.319812571005968,2.46792120866535,1.62151904693751,1.78646985792142,2.21947823908795,4.39079485847489,3.09399911803459,2.8302678771237,1.45537186156888,1.11956566849732,-1.34799947777529,2.90931869867012,2.17055024299408,1.12365026891848,3.54280305613241,1.74434797656973,3.30568109675036,3.46547823151502,0.752467698420773,1.25199428184297,0.615852527269695,3.1239312841995,1.76045646457337,1.87817418916214,2.91838151983706,-0.343476136908251,-2.69253471722568,1.77618341639121,0.613616927857308,-0.403775116080638,-0.166173060728624,1.31477462306464,0.887876358046185,0.682454832714654,1.08431151262542,1.41528937457539,1.89071932044187,-5.20244011003201,5.77134564278701,3.42016830765408,0.281207552235884,0.258325283022586
Belgium,BEL,General government final consumption expenditure (% of GDP),NE.CON.GOVT.ZS,24.1030980623394,23.7618826871375,23.4186755594308,23.3482159754814,22.8336885831274,22.687508927644,22.5216395173423,21.1432035444767,20.4558333384452,20.2172850732894,20.8629258399334,20.9609310665367,21.2946426523691,21.1019338255165,21.2989651245599,21.7183862211024,21.1513979156766,21.0949180608347,21.2820398534755,21.0401971476314,21.3136063380204,22.1388815392458,22.4843723439742,22.1972126513166,22.093997631255,21.9387885339603,21.6158948183584,22.6661446948071,24.1041091935264,23.7260022508386,23.8730556199494,24.1930798182891,24.205791803329,24.1169029008666,23.681203644432,23.3498908084191,23.1178023270709,23.1696191313969,23.0038112825895,24.3008045914304,23.8396339313803,23.4860801776799,23.7766450906713,..
Belgium,BEL,"Unemployment, total (% of total labor force) (national estimate)",SL.UEM.TOTL.NE.ZS,11.35,13,11.66,11.882,11.321,11.28,11.257,10.127,8.284,7.25,6.984,6.702,8.078,9.645,9.337,9.483,8.95,9.322,8.649,6.586,6.178,6.91,7.68,7.363,8.44,8.246,7.459,6.976,7.908,8.293,7.14,7.542,8.425,8.523,8.482,7.83,7.09,5.941,5.364,5.545,6.248,5.57,5.547,5.701
Belgium,BEL,"Inflation, consumer prices (annual %)",FP.CPI.TOTL.ZG,7.62748656814276,8.72654906555468,7.66160983743884,6.34177491009125,4.86873399496946,1.2943681910248,1.55338261314948,1.16093493415325,3.10705065111094,3.44831217961808,3.21531069260809,2.42795567164616,2.75442643473461,2.37754084476398,1.46796699090271,2.07702107350674,1.62816049512958,0.949250288350616,1.12084823417844,2.54451776190909,2.46925823086077,1.64521436175358,1.58896399970379,2.09728311239315,2.78143263670022,1.79120770070459,1.82305630026808,4.48944420508402,-0.0531456741253725,2.18929920422458,3.53208210722743,2.83966343445896,1.11309594027539,0.340002833356965,0.561429152790087,1.97385264653175,2.12597086002608,2.05316499865184,1.4368195699643,0.740791812220353,2.44024851144083,9.59751172872501,4.04901077613945,3.14349136500037
Belgium,BEL,"Mortality rate, infant (per 1,000 live births)",SP.DYN.IMRT.IN,11.6,11.1,10.6,10.2,9.8,9.5,9.2,8.9,8.6,8.3,8,7.7,7.3,6.8,6.4,5.9,5.6,5.3,5,4.8,4.7,4.5,4.4,4.2,4.1,4,3.9,3.8,3.8,3.7,3.6,3.5,3.5,3.4,3.4,3.4,3.4,3.3,3.3,3.2,3.2,3.1,3,..
Belize,BLZ,GDP per capita growth (annual %),NY.GDP.PCAP.KD.ZG,-1.39799187421009,-2.57020069390337,-4.49456516300411,-0.411300256333874,-1.30728393908063,2.20253142884201,8.28155427142181,7.38062987711756,10.5330297874368,9.03038783965589,9.41167227069695,10.4036182173779,4.00382568638169,-2.12640079365673,-1.75842966751721,-1.85719119743948,0.814424850505333,0.325381306580226,5.72221331627338,8.6327155411516,1.78977466458157,2.25590594882384,6.43585884980527,1.73099328616395,-0.719541027321938,1.55375431914302,0.483371872812938,-4.35067134002341,-3.01904032261089,-1.29537328094713,-2.3941909917522,1.53033826114475,2.24891175831618,1.85555461263853,0.736857597692236,-2.24225454989325,-4.04836188041358,-0.757266963135393,2.75346463455901,-15.0006803457529,16.3958057933036,7.6417033896701,-0.911086213204612,6.60473421530719
Belize,BLZ,General government final consumption expenditure (% of GDP),NE.CON.GOVT.ZS,12.4088728667306,13.7655797626232,13.8009837879077,13.1761856380231,14.080806648103,13.7327253611557,12.1892072217731,11.349375963934,10.2991109753614,8.13305309330165,8.29006866521521,13.0700179533214,12.6851298399416,13.3367862229703,13.4912398510469,13.8097196920726,15.1705976643004,15.3846153846154,15.0462384403899,14.3120554921415,15.0068212824011,15.4260233800667,15.4710061884025,14.9552057679266,14.5428658598597,13.6693586399774,14.3518247320016,14.7507044683421,16.1385845424933,16.3544709858509,16.3378123204072,16.0783492196501,16.4801377444349,16.2516076230562,17.1906705273478,18.1233818409071,18.8192207562988,19.4047748828082,18.7581124649332,17.3287319186431,16.6904215983971,15.8077774264938,15.7460162707664,..
Belize,BLZ,"Unemployment, total (% of total labor force) (national estimate)",SL.UEM.TOTL.NE.ZS,..,..,..,..,..,..,..,..,..,..,..,..,9.78,11.1,12.48,13.82,12.68,14.31,12.84,..,9.07,10.04,..,..,10.91,9.39,8.51,8.18,..,..,..,..,8.349,8.244,7.578,7,6.596,9.346,9.053,..,..,..,..,..
Belize,BLZ,"Inflation, consumer prices (annual %)",FP.CPI.TOTL.ZG,..,..,..,..,..,..,..,..,..,..,..,..,..,..,..,..,..,..,..,..,..,..,..,..,..,..,..,..,..,..,..,1.30058074547862,0.509747768983173,1.20139964481059,-0.86158400942767,0.663427167917562,1.14765339305811,0.269982622646363,0.187069385181459,0.121434644614868,3.23563659237068,6.27689319447547,4.38984017487678,3.28955985952764
Belize,BLZ,"Mortality rate, infant (per 1,000 live births)",SP.DYN.IMRT.IN,48.6,46.7,44.8,42.9,40.9,38.9,36.9,34.8,32.8,30.9,29.1,27.5,26.1,24.8,23.7,22.7,21.9,21.1,20.3,19.6,19,18.4,17.9,17.5,17.1,16.8,16.5,16.2,15.9,15.5,15.1,14.7,14.2,13.6,13.1,12.6,12.1,11.7,11.4,11.1,11,10.9,10.8,..
Benin,BEN,GDP per capita growth (annual %),NY.GDP.PCAP.KD.ZG,6.87596456703679,-0.674353710936487,-7.08354719040462,4.82079328816913,4.39975049700094,-0.831611571775994,-4.42457315499306,0.30652753344971,-5.78117364233306,5.67842480823693,1.05989406490245,-0.174577693605642,1.24312443544126,-1.72472268031545,3.82668355558341,1.62986021443862,2.65891588399134,0.80483062510794,2.1324003787548,2.65043149973154,2.16452439056758,1.50964025698303,0.336976510869505,1.28077994352564,-1.51043339492205,0.750089697773319,2.9001757042866,1.77647069609412,-0.703743155603306,-0.888244805144353,-0.0571230167535077,1.74647753021327,4.076668026964,3.26077217060734,-1.18432043750336,0.361166139903119,2.67041720047298,3.73701554279164,3.98211326561793,1.12020264806804,4.41335435119757,3.58043408047179,3.70332512754182,4.84017869082697
Benin,BEN,General government final consumption expenditure (% of GDP),NE.CON.GOVT.ZS,9.15807413211855,10.4896780742547,14.4226166792559,13.6294383114451,15.3682469537862,15.2582730266091,15.5464031572569,13.1901490234151,11.0843237643575,17.5694732161861,16.1816148887447,15.7527458695796,15.2546525626767,15.6329615151681,14.4476469440652,13.5120955507393,13.2129732588972,13.1155135588307,8.14593689055722,8.08059450959748,8.08339019705914,7.78633266097782,8.82881759988085,8.80946780461131,8.9910736442313,9.6667347066507,9.56848525645387,10.2335884526485,11.2886208595087,11.2118694926743,11.0235419657792,11.1283007356691,11.0422342334299,10.1801970840633,11.4113801450627,10.2808187596981,10.4789842865023,10.4105053943384,10.3420632400446,11.3993621464496,10.075964534303,10.0575798056106,9.5040595229118,9.01434833677519
Benin,BEN,"Unemployment, total (% of total labor force) (national estimate)",SL.UEM.TOTL.NE.ZS,..,..,..,..,..,0.18,..,..,..,..,..,1.51,..,..,..,..,..,..,..,..,..,0.69,..,..,..,..,..,..,..,1.04,2.647,..,2.198,..,..,..,..,..,1.214,..,..,1.685,..,..
Benin,BEN,"Inflation, consumer prices (annual %)",FP.CPI.TOTL.ZG,..,..,..,..,..,..,..,..,..,..,..,..,..,..,..,..,..,..,..,..,..,..,..,..,..,..,..,..,0.896072355749065,2.20783532536524,2.70423907747279,6.74468253340713,0.428888888888905,-0.548757550948178,0.218785923536209,-0.79331014578558,0.0432648555103161,0.919170717886098,0.732849371241047,3.02272119663757,1.73353962694033,1.35077863583529,2.73870078406076,1.16093089640415
Benin,BEN,"Mortality rate, infant (per 1,000 live births)",SP.DYN.IMRT.IN,113.3,111.6,110,108.3,106.7,105,103.3,101.6,99.8,97.9,96,94,92,90.1,88.3,86.6,84.9,83.2,81.4,79.7,77.8,76,74.2,72.5,70.9,69.3,67.9,66.4,65.1,63.7,62.4,61,59.7,58.3,57,55.7,54.4,53.1,51.8,50.4,49.1,47.7,46.4,..
Bermuda,BMU,GDP per capita growth (annual %),NY.GDP.PCAP.KD.ZG,1.76663252896176,-5.96459459057529,1.28264780416285,-0.23256408613058,-2.67035531914217,6.01394430785905,3.05667377226135,3.25973110527164,-0.312179174586618,-0.727990781411421,-4.24143727520426,-0.783533833664436,2.2922568686562,-0.042793868031282,3.81687306796867,2.10816879918625,3.96729398940536,3.10840062782201,2.56233774996586,8.56055025926008,6.67303905692422,-1.91378569899915,3.00625355551543,2.04483377809146,1.4212811702547,5.33726015507226,3.05647529695661,-2.31554307454078,-6.02013631834608,-2.74767294578886,-3.75482688131365,-5.17585752397146,-0.166771480196203,-3.63285540773872,0.878744268938576,-0.633720640096868,3.40119187834931,-0.827444988688441,-0.124745932153232,-7.22554789447419,4.17701251227291,6.31013667887972,4.99991948921101,2.20331010673378
Bermuda,BMU,General government final consumption expenditure (% of GDP),NE.CON.GOVT.ZS,..,..,..,..,..,..,..,..,..,..,..,..,..,..,..,..,..,..,..,..,..,..,..,..,..,..,..,..,..,13.8163449807869,14.0446443521471,14.1060125540357,13.6558354506418,12.8349164357651,12.5031463477346,12.1305912496553,11.6269288561301,11.7283240729939,12.2567291689258,12.7247812080209,12.318359975402,11.9364049059856,11.368766611316,11.0220262354959
Bermuda,BMU,"Unemployment, total (% of total labor force) (national estimate)",SL.UEM.TOTL.NE.ZS,..,..,..,..,..,..,..,..,..,..,..,..,..,..,..,..,..,..,..,2.71,..,..,..,..,..,..,..,..,4.48,6.49,..,8.44,6.66,8.94,..,..,..,..,..,..,..,..,..,..
Bermuda,BMU,"Inflation, consumer prices (annual %)",FP.CPI.TOTL.ZG,..,..,..,..,..,..,..,..,..,..,..,..,..,..,..,..,..,..,..,..,..,..,..,..,..,..,..,..,..,..,..,..,..,..,..,..,..,..,..,..,..,..,..,..
Bermuda,BMU,"Mortality rate, infant (per 1,000 live births)",SP.DYN.IMRT.IN,..,..,..,..,..,..,..,..,..,..,..,..,..,..,..,..,..,..,..,..,..,..,..,..,..,..,..,..,..,..,..,..,..,..,..,..,..,..,..,..,..,..,..,..
Bhutan,BTN,GDP per capita growth (annual %),NY.GDP.PCAP.KD.ZG,11.4123542413704,0.163366515154365,6.96747037877745,1.30528264426644,0.834782225993933,8.00745745286568,25.1788050049129,1.67712807389364,4.24861837427115,7.44206315606186,-2.15086741379645,8.5856077926902,6.23389087430508,4.98481583399588,8.34574582313611,5.41224511341356,3.5041831485531,3.91677951253379,5.54766474341531,0.881596585426465,4.8804269584859,8.03559524029754,5.5461872466835,3.07510668161098,5.10597951676202,4.23383383576189,14.7631409986349,3.35523609267926,6.48266406090858,10.7124208428696,7.30476940871061,4.006257825918,0.614996700864396,4.74506543590765,5.58370603464722,7.42464056841786,1.21137239128886,2.76296102776938,5.05479153201512,-10.8226112381065,3.68935319221934,4.47661599603487,4.1529098109197,..
Bhutan,BTN,General government final consumption expenditure (% of GDP),NE.CON.GOVT.ZS,20.2677444768847,20.8725998330988,21.5928104064361,24.84659438819,25.0339344226382,19.5681405393964,14.6272918582121,13.1528574221365,20.4585598407111,16.9548905341621,14.1833026168733,15.0199330508006,17.1028068659331,15.5458050931208,18.8221086207646,21.6999411499903,22.7815825177549,20.2659871638301,19.038518076931,23.9398059875044,23.6654415671307,22.6885287184971,22.3087179970698,22.8368083833569,23.8619695909005,23.15827774344,20.8380826074402,20.7104627326424,23.2325552713538,21.2189303810615,21.1374784281586,20.2848791621702,18.3622984774485,18.1267964157003,19.1338713636951,18.1053243492064,18.1851042374345,18.4949254691549,19.1177473889876,22.3153543493509,22.6722251193985,21.0173313155104,20.2925802198689,..
Bhutan,BTN,"Unemployment, total (% of total labor force) (national estimate)",SL.UEM.TOTL.NE.ZS,..,..,..,..,..,..,..,..,..,..,..,..,..,..,..,..,..,1.4,1.4,..,1.9,..,1.8,2.49,3.1,3.13,3.7,..,3.96,3.32,3.23,2.05,2.87,2.63,2.45,..,..,3.35,2.72,5.03,4.803,5.947,3.126,3.282
Bhutan,BTN,"Inflation, consumer prices (annual %)",FP.CPI.TOTL.ZG,..,..,..,..,..,..,..,..,..,..,..,..,..,..,..,..,..,..,..,..,..,..,..,..,..,..,..,..,..,..,..,..,..,8.27106093949328,4.54814395082206,3.21988689395717,4.95508366985128,2.72396386183714,2.72643037388829,5.62936522632511,7.3468144053353,5.63916671396366,4.22934419929255,2.76131569624095
Bhutan,BTN,"Mortality rate, infant (per 1,000 live births)",SP.DYN.IMRT.IN,136.3,131.6,126.8,122,117.3,112.8,108.4,104,99.7,95.8,92,88.3,84.8,81.2,77.6,74,70.5,66.8,63.4,60.1,56.7,53.5,50.3,47.2,44.1,41.2,38.4,35.9,33.6,31.4,29.5,27.9,26.5,25.4,24.4,23.4,22.6,21.8,21.1,20.3,19.8,19.1,18.5,..
Bolivia,BOL,GDP per capita growth (annual %),NY.GDP.PCAP.KD.ZG,-1.9248374768235,-6.01347441659389,-6.08597774427206,-2.31057153866045,-3.73470517630111,-4.60038364097169,0.324802543244076,0.751404531935236,1.6158763430421,2.45834978447338,3.09553411801878,-0.406134714303946,2.22139747426273,2.66087168747657,2.71949597302211,2.44811781398909,3.07606050823534,3.19121970002656,-1.31118057425461,0.762647490787515,-0.0171004578047587,0.78576649065613,1.00515839382614,2.43501168410252,2.67600659638198,3.02573624628791,2.79100341987339,4.37162980865932,1.65007711075677,2.42845713052706,3.5106497172214,3.45406361160391,5.12847092655488,3.84418416828574,3.27865155787237,2.72220715690443,2.68372843487548,2.7403682245408,0.789012054636089,-9.85710679478156,5.03525964617471,2.40643659045257,1.67597206713639,0.00311570615313883
Bolivia,BOL,General government final consumption expenditure (% of GDP),NE.CON.GOVT.ZS,13.2906923620052,11.8016321406152,9.02830301341507,13.3095990016819,10.5612995773016,9.44747489662607,11.1257075293509,11.3865159774653,11.9406592117596,11.7554815839474,12.0747308599222,12.8705016251926,13.3704366684004,13.5679063950211,13.5726201506434,13.3272666220148,13.9035290001569,14.2188708067528,14.7978925435747,14.5392995149189,15.7241302193543,15.9678902393715,16.5211414224599,16.2585361956677,15.9745575009633,14.3542326624169,14.0586525031966,13.2773746897522,14.7087648409415,13.831218450538,13.7771015326236,13.4396269650146,13.8415143362661,14.7070466402409,17.4952582258727,17.4582521973373,17.0216400266816,17.525644686723,18.143092001616,19.7386344530618,19.3369845837374,19.0899160451984,19.2863642827457,..
Bolivia,BOL,"Unemployment, total (% of total labor force) (national estimate)",SL.UEM.TOTL.NE.ZS,10.16,11.6,14.19,14.66,19.28,19.76,20.32,18,10.1,6.69,6.59,5.52,5.99,3.08,3.69,5.23,2.08,..,3.93,4.47,5.24,5.48,..,4.17,5.45,5.08,5.18,2.603,2.973,..,2.255,2.066,2.437,2.021,3.111,3.498,3.655,3.519,3.682,7.903,4.936,3.452,2.948,2.73
Bolivia,BOL,"Inflation, consumer prices (annual %)",FP.CPI.TOTL.ZG,..,..,..,..,..,..,..,..,..,..,..,..,..,..,..,..,..,..,..,..,..,..,..,..,..,4.28239604802562,8.70560923578868,14.006810770252,3.34645420142013,2.50327605844241,9.88446419823886,4.51560291399369,5.73640023719612,5.76660074579141,4.05961041135646,3.62321431764138,2.8227580554717,2.27205987230154,1.83954504969027,0.940742153381827,0.737383721452307,1.74632872945968,2.57688800489189,5.09976568317427
Bolivia,BOL,"Mortality rate, infant (per 1,000 live births)",SP.DYN.IMRT.IN,116.2,113.4,110.8,108.1,105.3,102.3,99.3,96.2,93.1,90,87,84,81.1,78.1,75.1,72.1,69,65.9,62.7,59.6,56.6,53.7,50.9,48.2,45.7,43.3,41,38.8,36.8,34.9,33.2,31.5,29.9,28.4,27.1,25.9,24.8,23.9,23,22.2,21.4,20.7,20,..
Bosnia and Herzegovina,BIH,GDP per capita growth (annual %),NY.GDP.PCAP.KD.ZG,..,..,..,..,..,..,..,..,..,..,-9.54507316032664,-1.49369917656706,6.08947019876031,16.4737642076185,16.2756717446736,47.8454189814321,31.7790126161019,14.5879851619457,8.4357426797004,4.66760700032478,1.94134423240946,4.81267472246574,4.10276191091926,7.28905214304663,5.02565569938795,6.27586037305254,7.17190545195466,7.20356812382947,-1.31069381009991,2.67372248880544,2.83942378838866,1.11532095182034,4.02941225008094,2.45997594841789,5.68705838767913,4.59596720616062,4.57869010965265,5.10524878382219,4.16260485448264,-1.65750889476411,9.19171639031184,5.53110882891563,2.62616955278219,3.15434037841804
Bosnia and Herzegovina,BIH,General government final consumption expenditure (% of GDP),NE.CON.GOVT.ZS,..,..,..,..,..,..,..,..,..,..,..,..,..,..,..,..,..,..,..,24.6018002585722,23.4054327322173,23.4374019748903,22.7986171379887,21.9062313308463,21.6563079324931,20.9748145091411,21.0804736907477,22.0814076557873,23.4615267610885,23.1270966380596,23.0899893417252,23.3654292280655,22.8257774801621,22.8610441376188,21.9698075332043,20.9094500085164,20.1653336206043,19.6573572916203,19.3589700275359,20.7503460226245,19.4015205743907,18.661917599169,19.1261838923948,..
Bosnia and Herzegovina,BIH,"Unemployment, total (% of total labor force) (national estimate)",SL.UEM.TOTL.NE.ZS,..,..,..,..,..,..,..,..,..,..,17.55,..,..,..,..,..,..,..,..,..,16.1,..,..,..,..,31.11,28.984,23.405,24.068,27.312,27.582,28.01,27.49,27.517,27.695,25.408,20.527,18.4,15.692,15.868,14.897,12.657,10.668,..
Bosnia and Herzegovina,BIH,"Inflation, consumer prices (annual %)",FP.CPI.TOTL.ZG,..,..,..,..,..,..,..,..,..,..,..,..,..,..,..,..,..,..,..,..,..,..,..,..,..,6.12556615620284,1.50077710611542,7.42704310332953,-0.381464282453061,1.99621236745887,3.67124999999999,2.05267452001717,-0.0930456838317784,-0.89719405419433,-1.03602303425471,-1.5841,0.810133321953058,1.41710814018034,0.562782154061217,-1.05129600763489,1.98163900587619,14.0208440826771,6.10590112848281,1.69212733599721
Bosnia and Herzegovina,BIH,"Mortality rate, infant (per 1,000 live births)",SP.DYN.IMRT.IN,..,..,..,26.2,24.1,22.1,20.4,18.8,17.4,16.1,14.9,30.6,30.5,12.3,14,10.9,10.2,9.6,8.9,8.3,7.8,7.3,6.9,6.6,6.4,6.3,6.2,6.1,6,6,5.9,5.9,5.9,5.9,5.9,5.9,6,5.9,5.9,5.8,5.7,5.5,5.3,..
Botswana,BWA,GDP per capita growth (annual %),NY.GDP.PCAP.KD.ZG,5.40937065802333,7.80091059815022,9.15920771421975,4.78687227057497,3.46975249506856,4.56560684847278,8.28830337418344,15.9394934317422,9.96224637065322,3.87620060854523,4.57073178203704,0.0625321470667757,-0.960421541128198,0.795369761855596,4.25881194607905,3.27499725471586,5.86002742979099,-1.75710977151495,7.32308245266344,-0.163772714868571,-1.79114300046759,4.09320837350506,2.80097379395592,0.920692081948033,2.69660633056192,6.36142559180612,3.7618955229655,1.1992313160418,-15.8997149078875,7.82114700196456,4.75557326560221,-1.83175902084452,9.43871074363685,4.17099012899777,-6.1999540949292,5.69319455388396,2.64591260577288,2.72071434895015,1.57639091729142,-10.0332382942117,10.2596471887984,3.82363084321453,1.52893817984001,-4.56345490621125
Botswana,BWA,General government final consumption expenditure (% of GDP),NE.CON.GOVT.ZS,24.8080133555927,26.0513851011913,25.8467161799588,25.01163837249,22.982625710177,23.96728954106,26.8964994696166,23.8895322387195,22.6641774830813,24.1366353059618,24.2285857667095,26.3577544324924,27.9966727197243,28.6236510240848,30.0544448002928,26.1937709821346,28.1823241196434,30.0691562932227,27.4109473451781,24.9027290058887,23.4866322167786,22.3791259879126,22.0087160576493,20.5323439366629,19.4007450572658,27.7200348583399,27.9076686070736,30.4958502561281,35.9377585821692,30.7752600268408,28.3311194802288,31.8383799827492,31.0633222428851,29.2537913997764,31.6393989708793,28.4757218286483,28.8780859521463,29.0985189512999,31.6419395023481,36.1431463714153,31.530526366571,27.8884041780311,29.2900715297286,32.1127804304277
Botswana,BWA,"Unemployment, total (% of total labor force) (national estimate)",SL.UEM.TOTL.NE.ZS,..,..,..,..,25.67,..,..,..,..,..,13.82,..,..,21.2,..,21.593,..,20.86,..,15.88,18.54,..,23.8,..,..,17.782,..,..,16.169,17.86,20.01,..,..,..,..,..,..,..,20.094,21.017,23.106,23.615,23.381,24.433
Botswana,BWA,"Inflation, consumer prices (annual %)",FP.CPI.TOTL.ZG,..,..,..,..,..,..,..,..,..,..,..,..,..,..,..,..,..,..,..,..,..,..,..,..,..,..,..,..,..,..,8.45987233408586,7.53690261091912,5.88460707056817,4.4022530924343,3.06203169580557,2.81495791361944,3.3082807676822,3.23801558947711,2.77286442863323,1.8903591682421,7.24097765588445,11.665567478802,5.06761549343829,2.8183513167625
Botswana,BWA,"Mortality rate, infant (per 1,000 live births)",SP.DYN.IMRT.IN,57.1,54.2,51.5,49.1,46.5,44.1,42,40.2,39.2,38.9,39.3,40.3,41.5,42.6,41.3,41.5,41.6,41.7,42.4,42.5,42.3,42.4,43.3,44.5,43,43.8,47.1,49,49.3,50.5,52,48.8,47.6,48.4,47.2,46.7,44.3,43.2,42.3,41.5,40.3,39.2,38.2,..
Brazil,BRA,GDP per capita growth (annual %),NY.GDP.PCAP.KD.ZG,-6.4539452195249,-1.4420711455688,-5.07417099498288,3.12069396131707,5.57647245248828,5.29820398316059,1.49867169856199,-1.9510165069396,1.27526278524948,-6.04327176300885,-0.686503405708166,-2.18850140379996,3.23867795103922,4.21094030332965,2.63205630347598,0.67296877612381,1.86924434979963,-1.143603910048,-0.984800297986069,2.96222045087984,0.0770005174179715,1.78204308366739,-0.0458328311687239,4.57169367299971,2.07730833836257,2.86752083975395,5.00147015838483,4.09221626720056,-1.0163236214624,6.62782994932327,3.13169854409105,1.09733293821196,2.17333080532316,-0.303163572499983,-4.30639755912077,-4.01012719354725,0.587668928736335,1.09040860447158,0.562970837578547,-3.83550546659214,4.3179316171849,2.64631532411505,2.83370012861097,2.97747909274841
Brazil,BRA,General government final consumption expenditure (% of GDP),NE.CON.GOVT.ZS,9.51874160060973,10.3881016194293,10.3559481952446,9.19464987548048,10.4338900725915,11.1592046131695,12.6374579272704,13.4929526900474,15.4991373147458,19.2909224528275,17.8998440765684,17.0630155947621,17.6640230381336,17.8657165129222,20.9279248587451,19.7508265161778,19.5352947982055,20.0705315848897,19.782690769704,18.7678457444131,19.3432950140464,19.8096623456372,19.0774784933715,18.4675839197143,18.8900014184589,19.0389169455913,18.9429876162865,18.8393928731749,19.6506384023989,19.0168578366064,18.669256936864,18.5301032652535,18.8924789951339,19.1535387102127,19.7768199564016,20.3792974264123,20.1619046963757,19.8950877833541,19.9835812871624,20.135153015057,18.5475883605677,18.4022127200534,19.042610794419,18.8197930143301
Brazil,BRA,"Unemployment, total (% of total labor force) (national estimate)",SL.UEM.TOTL.NE.ZS,3.99,4.83,4.62,4.04,3.38,2.37,3.56,3.79,4.145,4.703,..,7.086,6.03,..,7.092,8.035,9.003,10.15,11.125,..,10.649,10.641,11.168,10.072,10.551,9.692,9.28,8.268,9.419,..,7.578,7.251,7.071,6.755,8.538,11.58,12.792,12.329,11.936,13.697,13.158,9.231,7.947,6.801
Brazil,BRA,"Inflation, consumer prices (annual %)",FP.CPI.TOTL.ZG,101.725072957927,100.54335919485,135.027682230473,192.121733132051,225.989665211895,147.142826237604,228.336162575513,629.114509120897,1430.7237251472,2947.73277248299,432.786661926461,951.962053052818,1927.38079016026,2075.88839757325,66.0070335542481,15.7576656002606,6.92671251629155,3.1950762928005,4.85844749902667,7.04414105947266,6.84035902487524,8.45016437708332,14.7149197228147,6.59718509985963,6.86953720898965,4.18356812896909,3.64127299102653,5.67859390284167,4.88803479876799,5.03872690108075,6.63644962213086,5.40349914037005,6.20431066640096,6.32904015516141,9.02990102416137,8.73914352329392,3.44637335032668,3.66485028376727,3.73297621216898,3.21176803803373,8.30165975585677,9.28010608956872,4.59356282283203,4.36746407652335
Brazil,BRA,"Mortality rate, infant (per 1,000 live births)",SP.DYN.IMRT.IN,73.3,70.2,67.3,64.7,62.3,60.1,58.1,56.1,54.1,52,49.8,47.4,44.9,42.4,39.8,37.4,35.1,33,31,29.1,27.3,25.5,23.9,22.4,21,19.7,18.6,17.6,16.7,16,15.3,14.8,14.4,14,13.7,14.6,13.3,13.1,13,12.8,12.7,12.6,12.5,..
British Virgin Islands,VGB,GDP per capita growth (annual %),NY.GDP.PCAP.KD.ZG,..,..,..,..,..,..,..,..,..,..,..,..,..,..,..,..,..,..,..,..,..,..,..,..,..,..,..,..,..,..,..,..,..,..,..,..,..,..,..,..,..,..,..,..
British Virgin Islands,VGB,General government final consumption expenditure (% of GDP),NE.CON.GOVT.ZS,..,..,..,..,..,..,..,..,..,..,..,..,..,..,..,..,..,..,..,..,..,..,..,..,..,..,..,..,..,..,..,..,..,..,..,..,..,..,..,..,..,..,..,..
British Virgin Islands,VGB,"Unemployment, total (% of total labor force) (national estimate)",SL.UEM.TOTL.NE.ZS,..,..,..,..,..,..,..,..,..,..,3.29,..,..,..,..,..,..,..,..,..,..,..,..,..,..,..,..,..,..,..,..,..,..,..,..,..,..,..,..,..,..,..,..,..
British Virgin Islands,VGB,"Inflation, consumer prices (annual %)",FP.CPI.TOTL.ZG,..,..,..,..,..,..,..,..,..,..,..,..,..,..,..,..,..,..,..,..,..,..,..,..,..,..,..,..,..,..,..,..,..,..,..,..,..,..,..,..,..,..,..,..
British Virgin Islands,VGB,"Mortality rate, infant (per 1,000 live births)",SP.DYN.IMRT.IN,27.3,26.5,25.6,24.7,23.8,22.9,21.9,20.9,20,19.1,18.3,17.6,17,16.5,16,15.6,15.3,15,14.7,14.5,14.4,14.2,14.1,14,13.9,13.9,13.9,13.9,13.9,13.9,14,14,14.1,14.1,14,13.8,13.6,13.3,13,12.7,12.3,12,11.6,..
Brunei Darussalam,BRN,GDP per capita growth (annual %),NY.GDP.PCAP.KD.ZG,-24.7564134201952,-0.892989076325676,-2.82531288665643,-5.56827268914583,-6.12623933511351,-8.57124115256731,-1.13139335881442,-4.41851192945219,-5.53034900541753,-0.263026647451184,0.048238527781379,-5.72104855266981,-3.19233218269542,-1.53838484908546,-1.12517711639995,-2.40064257338118,3.88335205413313,-8.76195633243906,1.96732667981445,1.25159245571945,-0.640605569843103,1.89687685808056,1.62971810343822,-1.67510536286956,-1.67695294240518,2.4578469991533,-5.37503195843514,-5.66095275524837,-3.72462698523208,0.808737710775503,1.91129562089716,-0.621623584150967,-3.46841867172043,-3.80575462296093,-1.68097026753456,-3.6986430463803,0.109331525334539,-1.09895907816934,2.72616486759021,0.065735387685379,-2.5312383018266,-2.4166096837327,0.339025328601224,3.35095417374025
Brunei Darussalam,BRN,General government final consumption expenditure (% of GDP),NE.CON.GOVT.ZS,2.04143012356713,2.63665519388071,4.58469262340002,..,..,..,..,..,14.5585861486149,12.8339993692161,13.3004404582702,15.4248400903582,17.1001552346505,17.0763236465062,16.4467781562387,16.8337452763442,16.7831284707795,21.7978500540008,20.8629402173889,25.8203529359104,29.576224121111,27.4545067639179,24.1159962158719,22.0567213777714,18.2175958572615,17.9423829399085,22.5869498215983,16.9640500882491,22.9752259964155,22.1519357625583,18.7287967293992,18.4380612673182,20.164379949014,21.4176335429709,25.0616658314424,26.2231785348887,26.4772470124902,24.141728637127,25.0403962501371,25.4309862323916,22.467059107604,20.1242382146034,22.8682450080067,23.0343205716428
Brunei Darussalam,BRN,"Unemployment, total (% of total labor force) (national estimate)",SL.UEM.TOTL.NE.ZS,7.842,6.548,6.037,..,..,..,..,..,..,..,4.7,..,..,..,..,..,..,..,..,..,..,..,..,..,..,..,..,..,..,..,..,..,..,6.862,..,..,9.316,8.7,6.6,7.409,4.905,5.191,5.296,..
Brunei Darussalam,BRN,"Inflation, consumer prices (annual %)",FP.CPI.TOTL.ZG,..,..,..,..,..,..,..,..,..,..,..,..,..,..,..,..,..,..,..,..,..,..,..,..,..,..,..,..,..,..,0.137911563169562,0.111766261400265,0.389205053123609,-0.207108731719819,-0.488347420743483,-0.278693265753081,-1.2605056462896,1.02505179290213,-0.390522069165538,1.94031996607182,1.73341388450597,3.68225030604211,0.35706431153695,-0.388674165036466
Brunei Darussalam,BRN,"Mortality rate, infant (per 1,000 live births)",SP.DYN.IMRT.IN,15.4,14.3,13.3,12.5,11.8,11.2,10.8,10.5,10.3,10.3,10.2,10.2,10.1,10,9.7,9.5,9.1,8.8,8.6,8.3,8.1,8,7.9,7.8,7.8,7.8,7.9,8,8,8.1,8.2,8.3,8.4,8.5,8.5,8.6,8.6,8.6,8.5,8.5,8.4,8.3,8.2,..
Bulgaria,BGR,GDP per capita growth (annual %),NY.GDP.PCAP.KD.ZG,4.55114422945113,2.03229416414521,3.17252088190827,3.15480736579876,2.6849533954788,4.23524126828212,5.89861249442025,10.8200908465449,-2.15169070515859,-7.46320765365316,-7.53406885746301,-6.27126388892331,-0.691213573224346,2.16435885208668,3.32118683454215,5.74936943822505,-13.5909223773469,4.48402377073305,-7.88107317720096,5.10505578940304,5.91116032311277,8.19521644540045,6.07406173618912,7.31740431202658,7.86550192097609,7.61684923191284,7.44148862736087,6.87712691687372,-2.72241467470245,2.22607879962553,2.74691033630859,1.33406609476458,1.48366063661148,2.18296491228091,4.72028572951304,4.37288216096772,4.11523925885024,3.96557892268434,5.26444792337858,-2.24016707410934,8.49936745511968,4.7179402574691,2.1792184519766,2.84640427654411
Bulgaria,BGR,General government final consumption expenditure (% of GDP),NE.CON.GOVT.ZS,14.7350636278668,15.0105125288664,15.4960992265534,15.1302931081845,16.5753958392774,16.9478674637896,16.8729281465483,16.3238588502833,16.5346949913086,18.1865848876199,19.033161385409,20.3361553784861,18.8558046169287,17.1893074581431,15.3481641512703,13.8490054815903,12.1431675540765,18.3452571005378,19.6065030074748,19.7851119720333,19.368455899514,19.178153843914,20.1105898204731,19.3619098932735,18.1535666491695,18.1469405300315,16.6883257645924,17.1498257945905,16.7393574315573,16.5024385412597,15.849987567536,15.790962526113,17.0826070059115,16.833076863621,16.089141458635,15.5888636114576,15.5845769435159,16.4413955723422,16.7729754809183,19.3076450675755,18.8851860438699,18.2789290615071,18.4205974000082,19.681179888458
Bulgaria,BGR,"Unemployment, total (% of total labor force) (national estimate)",SL.UEM.TOTL.NE.ZS,..,..,..,..,..,..,..,..,..,1.7,11.1,15.3,16.4,12.8,11.1,12.5,13.7,12.2,14.1,16.218,19.921,18.11,13.733,12.037,10.083,8.951,6.878,5.609,6.817,10.279,11.26,12.27,12.941,11.424,9.143,7.575,6.164,5.211,4.148,5.037,5.166,4.148,4.319,4.165
Bulgaria,BGR,"Inflation, consumer prices (annual %)",FP.CPI.TOTL.ZG,..,..,..,..,..,..,..,..,..,..,..,..,..,..,..,121.60754244925,1058.37355921973,18.672204442064,2.57304281890205,10.316262128999,7.36093927231843,5.81014365721825,2.34864169582755,6.14713074246274,5.03883807111902,7.26159462769945,8.40253419005901,12.3487195994021,2.75320223914816,2.43899060504113,4.21990346601874,2.95456829831017,0.890093540913077,-1.41818380264845,-0.104633261008384,-0.798649886453677,2.06159619443141,2.8145447382483,3.10372944796774,1.67244096855763,3.29774435299508,15.3252589264367,9.44284140088566,2.44651943006078
Bulgaria,BGR,"Mortality rate, infant (per 1,000 live births)",SP.DYN.IMRT.IN,18.8,18.1,17.4,16.6,15.8,14.9,14.4,14.2,14.2,14.6,15,15.3,15.4,15.4,15.5,15.7,15.7,15.4,14.9,14.3,13.8,13.2,12.5,11.8,11,10.4,9.9,9.6,9.3,9.1,8.7,8.3,7.8,7.3,6.8,6.4,6.1,5.8,5.5,5.4,5.2,5.1,5,..
Burkina Faso,BFA,GDP per capita growth (annual %),NY.GDP.PCAP.KD.ZG,1.44648885946128,6.57803533543047,-2.45706355273177,-4.57317259505054,5.4289492547686,4.95223507393075,-2.92901265412704,2.99068268379408,-0.526129444179062,-3.18766193398135,6.33847249922952,-2.20972690363685,0.920491455019118,-1.20776072545993,3.04032535754941,8.20998110484305,3.61102243460883,4.38231550291239,4.29384816238002,-1.10710660159205,3.40975770830711,1.17736897014072,4.49294688106092,1.24360966999572,5.29574030906821,2.98889211912471,1.00131276742226,2.73663676272773,-0.000227773519867469,5.31934915891263,3.51633623623128,3.28878346500349,2.66508275857795,1.27047655599692,0.888259827767996,2.9035090911533,3.21640521697573,3.76772678322459,3.24391866186016,-0.443420002406739,4.43100540861892,-0.819552931034835,0.649577989543943,2.65344372427947
Burkina Faso,BFA,General government final consumption expenditure (% of GDP),NE.CON.GOVT.ZS,9.25421566231758,13.7860096604093,14.3770613922595,13.0435475018617,17.3024484427189,18.9923328409924,19.9395756897688,20.0199480353779,20.1382242743815,21.0569952699417,21.6910996512529,21.7335283551021,21.3402148170525,26.0649175414308,25.1986855456088,24.389594090162,23.7332628818686,22.2973561174748,12.0583639805153,14.1091885003293,14.625601156611,14.5898515999372,13.5868608275023,14.2360467040752,13.7928275192666,15.1021200173216,16.6901098153908,14.6700928446474,15.2196246158513,14.457528015174,14.2866253805326,14.2545817669135,14.6555862871714,15.474778613438,15.9440802560458,16.5070965979117,17.7393231525305,18.419409475168,20.4999424066528,19.7841401519952,20.2479804523801,19.8707731771458,19.9750711747148,18.7607426650126
Burkina Faso,BFA,"Unemployment, total (% of total labor force) (national estimate)",SL.UEM.TOTL.NE.ZS,..,..,..,..,1.3,..,..,..,..,..,..,..,..,2.58,..,..,..,2.44,..,..,..,..,2.78,..,4,2.353,3.3,..,..,..,..,..,..,6.481,..,..,..,4.695,1.56,..,..,1.927,5.348,3.441
Burkina Faso,BFA,"Inflation, consumer prices (annual %)",FP.CPI.TOTL.ZG,..,..,..,..,..,..,..,..,..,..,..,..,..,..,..,..,..,..,..,..,..,..,..,..,..,..,..,..,..,..,2.75976724854531,3.81815240252386,0.533738507090531,-0.25808951753536,0.7248389810706,0.441041448058777,1.48299897161327,1.95594302672532,-3.23338933983324,1.88470066518848,3.65326761825511,..,..,4.19081721344524
Burkina Faso,BFA,"Mortality rate, infant (per 1,000 live births)",SP.DYN.IMRT.IN,121,118.5,116.1,113.8,111.5,109.1,106.9,105,103.7,102.9,102.5,102.3,102,101.4,100.6,99.2,97.7,96,94.2,92.4,90.5,88.3,85.9,83.2,80.3,77.1,73.9,71,68.2,65.7,63.5,61.6,59.8,58,56.3,54.7,53.1,51.6,50.2,48.7,47.3,46.1,44.8,..
Burundi,BDI,GDP per capita growth (annual %),NY.GDP.PCAP.KD.ZG,7.68491382091901,-3.49220029296362,0.973082536740648,-2.24212742745944,9.39438422223908,1.33043364051353,3.12328954639813,2.7300748439757,-0.620899444131396,1.36304401339021,2.84668515883749,-1.65473544627476,-3.24124864614819,-4.45293293605653,-13.2699852268517,-8.06350047055535,-1.5824774393535,2.76802982431101,-3.35382029606878,-2.89542791949714,-0.469619802706177,1.54204707066606,-4.2953882781394,0.997721140754805,-2.77894802793541,1.68473642542624,-0.304003263183887,0.62363540934362,-1.31554958036219,0.316683987792786,0.376420688135681,0.785222153908791,1.2223333200408,0.761607165878431,-6.0555037727019,-2.29687891726527,-1.83469166312712,-1.41180762339103,-1.47633483230206,-2.54898078724676,0.329205802983878,-0.86993082464484,-0.0969643320477758,0.849391039840256
Burundi,BDI,General government final consumption expenditure (% of GDP),NE.CON.GOVT.ZS,9.06962398325043,10.6590645904156,8.31528542192374,7.81917814015283,7.83191993717172,9.83957842872865,9.69214042516666,10.7064831144218,10.1842788681871,10.8160802153932,10.768393283561,19.2375890021016,20.4914437774664,17.4139248520428,19.0502875515238,19.9923983276321,16.7736289381564,17.1414292853573,18.1598594642073,14.8566983263618,15.5330738165848,14.7329868449071,17.46133527299,19.2272662954525,14.099999668941,15.2,19.0000006815559,20.200001151146,19.7000012320278,21.9000002798828,22.900000496536,23.2998242944295,24.700169522601,25.9000061887709,22.4223834424569,23.4731936302723,25.086288811734,26.2102674584933,27.2447699991553,31.344300000757,30.7724699997721,30.9754527025244,30.6534629756413,..
Burundi,BDI,"Unemployment, total (% of total labor force) (national estimate)",SL.UEM.TOTL.NE.ZS,..,..,..,..,..,..,..,..,..,0.48,..,..,..,..,..,..,..,..,14,..,..,..,..,..,..,3.185,..,1.634,..,..,..,..,..,1.572,..,..,..,..,..,1.03,..,..,..,..
Burundi,BDI,"Inflation, consumer prices (annual %)",FP.CPI.TOTL.ZG,..,..,..,..,..,..,..,..,..,..,..,..,..,..,..,..,..,..,..,24.4320242102151,9.29618771341889,-1.3656800532806,10.6474645658306,8.17642937482054,13.2520699188224,2.74542000214241,8.41206285772544,24.4069510353914,10.5554355299529,6.49326591473995,9.59216605979671,18.1610453065451,7.93795807492418,4.40535234185288,5.54468891259784,5.55768961400966,16.0525353030392,-2.81469807668464,-0.686772170797372,7.32110643415518,8.40453845076341,18.8008786664945,26.9414835762453,20.2124925027847
Burundi,BDI,"Mortality rate, infant (per 1,000 live births)",SP.DYN.IMRT.IN,108.5,103.8,99.3,95.4,92.5,90.8,90.2,90.5,91.5,92.6,93.9,95.1,100.9,96.3,96.3,95.8,94.7,93,91,88.6,86.1,83.3,80.4,77.1,73.4,69.5,65.6,61.8,58.3,55,51.9,49,46.3,44,41.8,40,38.4,37,35.6,34.5,33.4,32.4,31.5,..
Cabo Verde,CPV,GDP per capita growth (annual %),NY.GDP.PCAP.KD.ZG,6.94807494345699,1.31753289013552,7.92166519671882,2.31335740950426,7.12207008814126,1.4269826540267,2.85230662441553,4.52624066687233,4.12485024834635,-1.35290150988138,-1.01055136482147,8.44798979477743,6.39603048677317,16.782010354077,12.0601838641087,9.39028619703035,9.26550233677044,10.7299407310629,9.54503889861623,12.5710382620585,0.682276166499946,3.72907261625122,2.78169096285627,8.82078735562469,5.64634152921253,6.74862061785244,13.9029028555293,5.93628669264135,-2.43495532260619,1.10867941118087,3.58680088003479,0.983345735610456,0.579092309567969,0.676815488926465,0.922631249857901,4.24816232606327,4.48221093147532,3.60152349643896,6.80449531732363,-20.8937523404244,6.62540765957627,15.1545081084513,4.86855789898813,6.75154202065298
Cabo Verde,CPV,General government final consumption expenditure (% of GDP),NE.CON.GOVT.ZS,..,..,..,..,..,..,..,..,..,..,..,..,..,..,..,..,..,..,..,..,..,..,..,..,..,..,18.8589314764304,18.1390825681088,19.6270833359752,19.789478169377,19.8861881451878,18.5150511457677,18.7509657708995,19.7924331719005,20.2594635661932,19.8316445191845,17.7675351284663,18.1291233549744,19.8144671965614,25.729310475556,26.5876325060221,22.365022001237,21.7072347053249,20.6944636827825
Cabo Verde,CPV,"Unemployment, total (% of total labor force) (national estimate)",SL.UEM.TOTL.NE.ZS,..,..,..,..,..,..,..,..,..,23,..,..,..,..,..,..,..,..,..,..,..,..,..,..,..,..,..,..,13.517,10.67,..,..,..,..,31.313,..,12.24,12.17,11.29,..,..,..,..,..
Cabo Verde,CPV,"Inflation, consumer prices (annual %)",FP.CPI.TOTL.ZG,..,..,..,..,..,..,..,..,..,..,..,..,..,..,..,..,..,..,..,..,..,..,..,..,..,..,4.41099704193489,6.77443546371143,0.991103480568084,2.07866470906424,4.47388342165028,2.54039644167108,1.50654285701401,-0.238778144990621,0.131187999024519,-1.40781637091705,0.784415251101357,1.25699566690508,1.10666674296062,0.605795808395438,1.86215297494641,7.9309292543009,3.72437517668746,1.04817001091962
Cabo Verde,CPV,"Mortality rate, infant (per 1,000 live births)",SP.DYN.IMRT.IN,54.7,54.6,54.4,53.8,52.6,50.7,48.3,45.8,43.6,42.1,41.3,41.3,41.7,42,41.8,40.6,38.4,35.5,32.3,29.4,27,25.3,24.3,23.9,23.9,24.1,24.3,24.4,24.3,23.8,22.9,21.8,20.5,19,17.6,16.2,15,14,13.2,12.5,12,11.5,11,..
Cambodia,KHM,GDP per capita growth (annual %),NY.GDP.PCAP.KD.ZG,-1.56091097708021,-2.79479261397917,0.731842330180569,1.18163587229544,1.22955640956965,-0.194040774515756,16.4857143191711,7.80089546974443,-0.345557696350568,-2.97044816189582,3.22292482028995,1.39521127525019,-1.98219850050883,-39.2029703307445,1.35412063704641,-1.77693528347505,-2.91199173422457,0.452139873018837,10.7982054875931,8.25832877301973,5.72566644409127,4.63862356700642,8.62974314019115,7.85639001144227,11.6637861428805,9.31792401297673,8.78143916559131,5.85728555368171,2.44674504763958,3.45435117133705,5.66993084409259,6.04756982656951,6.25691498312409,6.41109251902618,5.652931676093,6.34300627617029,6.59196495590379,7.43177030242717,6.58272364852731,-4.96368199399319,1.57862051553379,3.74000920032628,3.6684777542918,4.72405869490325
Cambodia,KHM,General government final consumption expenditure (% of GDP),NE.CON.GOVT.ZS,..,..,..,..,..,..,..,..,..,..,..,..,4.49110978903734,6.93368350124191,5.84133412660283,5.74984314325622,5.45069565757232,4.80449413546246,4.94315478863005,5.17583101976887,5.21829466731394,5.52028971777376,5.71338054590894,5.5674564456937,5.35244311130282,5.09413893895911,5.75605629335158,5.76284042107539,6.29690456404956,6.47508291551917,6.16017209860721,5.94560756780208,5.82900284861149,5.64093045299287,5.46108287495604,5.32085003676989,5.24450335654665,4.94820757909564,4.8093386379996,5.42216584441989,6.56578640454773,5.8998539290284,6.07786090254716,5.81720387772918
Cambodia,KHM,"Unemployment, total (% of total labor force) (national estimate)",SL.UEM.TOTL.NE.ZS,..,..,..,..,..,..,..,..,..,..,..,..,..,..,..,0.963,0.638,..,0.039,2.764,2.055,..,0.909,7.53,..,..,1.257,0.825,0.579,0.771,0.577,1.279,0.438,0.692,0.393,0.716,0.141,..,0.499,0.172,0.396,..,0.256,..
Cambodia,KHM,"Inflation, consumer prices (annual %)",FP.CPI.TOTL.ZG,..,..,..,..,..,..,..,..,..,..,..,..,..,..,..,..,..,..,..,..,..,0.211466568022618,0.941746117799197,4.31933677434786,6.61525912001587,5.81068550464307,8.70882770568049,24.0968519306051,-1.24171754189638,3.99639528107219,5.4784474961745,2.93431609293952,2.9416250954735,3.85568861424203,1.22393195511124,3.01913975139129,2.91263557371475,2.45908515380142,1.94257500833107,2.94029514263971,2.92073477592951,5.34370264895434,2.12746796594196,..
Cambodia,KHM,"Mortality rate, infant (per 1,000 live births)",SP.DYN.IMRT.IN,108.6,98.2,91.7,88.3,86.8,86.2,86.3,86.8,87.6,88.4,89.1,90.1,91.6,93.2,94.8,95.7,95.8,94.8,92,86.7,79.4,71.8,65,59.3,54.5,50.5,47.1,43.8,40.6,37.7,35.1,32.8,30.8,29.1,27.7,26.5,25.4,24.4,23.5,22.6,21.9,21.1,20.3,..
Cameroon,CMR,GDP per capita growth (annual %),NY.GDP.PCAP.KD.ZG,13.043422758453,4.98805869201293,4.70153397148707,4.52904486852626,4.88990022893367,3.60245672331487,-5.07549988153178,-10.5343154495332,-4.654742471761,-8.83238750824871,-6.57350502462501,-5.83737588435096,-10.5166043582515,-0.943945008602924,0.107723326425074,1.4475466909911,1.79214014657076,1.98875448721377,1.77511312312416,1.13442792226186,1.61992408023583,1.71295981541175,2.61581878981131,4.14782057634264,-0.550411134631503,0.995178501621496,1.44056500100977,-0.054684354254718,-0.318334274636157,0.000136421484427274,0.496174364645441,1.723811615485,2.08714719116143,2.56873406379989,2.40123368709621,1.45711722669677,0.647004976201075,1.11514946861584,0.636415290549962,-2.43476031121681,0.631351991581198,1.04502997524601,0.555787081874598,0.997232287511679
Cameroon,CMR,General government final consumption expenditure (% of GDP),NE.CON.GOVT.ZS,8.85660198156896,8.83774433095354,9.49961822349344,9.58998422704882,8.99484195623199,11.3366026026578,12.1548226743059,10.7282015163495,10.7711142090104,12.7505372001011,13.2746538731139,12.8125681439644,13.6675395959631,11.4268913785231,10.8161712414968,11.5261039363355,10.849488107737,10.5576765578271,11.0648078449083,10.792113437517,11.6711671108489,11.1607519951444,11.1942263713765,10.9954329979934,10.6901540879413,9.92118237758492,10.0705740009755,11.0410915862281,11.2606686908964,11.4130574105196,12.054704648339,12.2579541224464,12.2644051897938,12.058933037832,12.2538855757043,12.1243456243326,11.6804244481323,11.920018840418,12.0963512548066,12.2819316968054,12.0432363133751,10.5075554912877,10.5843152211004,10.5450397141209
Cameroon,CMR,"Unemployment, total (% of total labor force) (national estimate)",SL.UEM.TOTL.NE.ZS,..,..,..,..,..,..,..,..,..,..,..,..,..,..,..,8.06,..,..,..,..,7.46,..,..,..,21.382,..,3.063,..,..,4.11,..,..,..,3.534,..,..,..,..,..,..,3.275,..,..,..
Cameroon,CMR,"Inflation, consumer prices (annual %)",FP.CPI.TOTL.ZG,..,..,..,..,..,..,..,..,..,..,..,..,..,..,..,..,..,..,..,..,..,..,..,..,..,..,..,..,..,..,2.93969946305093,2.73529677529534,2.05034718001742,1.85489850366779,2.67623531419901,0.874190383288837,0.640409149881966,1.0688581131292,2.45280214062729,2.43760882182241,2.27185762503636,6.24767713343864,7.38281384280978,4.53061267315864
Cameroon,CMR,"Mortality rate, infant (per 1,000 live births)",SP.DYN.IMRT.IN,104,100.3,96.4,92.5,88.9,85.7,83.3,81.6,80.8,80.8,81.6,82.7,83.9,85,85.8,86.2,86.1,85.5,84.4,82.8,80.9,78.8,76.9,74.9,73.3,71.3,69.7,67.9,66.3,63.9,62,59.8,57.4,55.4,53.2,51.6,49.7,48.1,46.8,45.3,43.8,42.5,41.2,..
Canada,CAN,GDP per capita growth (annual %),NY.GDP.PCAP.KD.ZG,2.14738047140577,-4.31128436550856,1.55343271129863,4.9035541763206,3.78497425367219,1.11138102791371,2.70917396391555,3.06576122858351,0.517573811785454,-1.29644131211545,-3.30029993067963,-0.296709575701925,1.53574575465912,3.35581443227358,1.62528126114066,0.631530881733894,3.24897485599347,3.03423769242876,4.28983665547817,4.16394849476771,0.774519407466116,1.88796484648248,0.89501858100094,2.13581560192544,2.23757661617552,1.60290147691838,1.06414487775739,-0.0933427924909864,-4.02008809742583,1.95144744690714,2.13607717133128,0.658841956783917,1.2535901034471,1.84840952337521,-0.11236916498423,-0.0982963624127819,1.8094644720755,1.28092659672814,0.429657601305934,-6.06240642306676,5.36528781293082,2.32641594463436,-1.37792078609685,-1.43527963580455
Canada,CAN,General government final consumption expenditure (% of GDP),NE.CON.GOVT.ZS,21.4020056575397,22.949345794874,22.6673090981591,22.0352997709887,22.0544090619107,22.0929305204793,21.5055298640517,21.1214336075955,21.3687444068382,22.6182277236122,24.0167404559594,24.44462693963,23.8860993498314,22.6779482102903,21.6585439761622,20.7605188908557,19.8533457566752,19.8366043300703,19.3207377194749,19.1064161806335,19.5093203790186,19.7787192119877,19.8962017689692,19.4174844503805,19.0759109803014,19.2487641773811,19.2505356033619,19.7194394824506,21.9645855050549,21.4754574603582,21.1458668604215,21.0578451788387,20.7043347111761,20.266560128167,20.8778251262785,21.0480401948524,20.7033313853187,20.6814326967462,20.6634960880685,22.7011077555498,21.2842897783513,20.4184233971953,20.9054437744776,..
Canada,CAN,"Unemployment, total (% of total labor force) (national estimate)",SL.UEM.TOTL.NE.ZS,7.607,11.04,12.018,11.344,10.502,9.593,8.82,7.762,7.546,8.131,10.316,11.197,11.377,10.395,9.489,9.62,9.1,8.278,7.583,6.829,7.219,7.665,7.574,7.185,6.758,6.484,6.156,6.284,8.46,8.178,7.637,7.392,7.143,7.023,6.945,7.038,6.426,5.837,5.69,9.657,7.527,5.279,5.415,6.351
Canada,CAN,"Inflation, consumer prices (annual %)",FP.CPI.TOTL.ZG,12.4716124148372,10.7689718997139,5.86358802977368,4.30477830391735,3.96203054065205,4.19478629085621,4.3561087122174,4.0282341487161,4.98362189985957,4.78047693336305,5.62586408593006,1.49013290374545,1.86507936507938,0.165562913907289,2.14876033057849,1.57053112507139,1.6212163808453,0.995942456658026,1.73484295105919,2.71943995691976,2.52512013979906,2.25839440940855,2.75856321360112,1.85725871857256,2.21355203439768,2.00202539534162,2.13838399266837,2.37027067444298,0.299466803009305,1.77687154092627,2.91213508872347,1.51567823124525,0.938291897815245,1.90663590717867,1.12524136094278,1.42875954701085,1.5968841285297,2.26822567248104,1.94926902411596,0.716999632307807,3.39519318527533,6.80280115341609,3.87900159788427,2.38158383281171
Canada,CAN,"Mortality rate, infant (per 1,000 live births)",SP.DYN.IMRT.IN,9.7,9.2,8.7,8.3,8,7.7,7.5,7.3,7,6.8,6.6,6.4,6.2,6,5.8,5.6,5.5,5.4,5.3,5.3,5.3,5.3,5.3,5.3,5.2,5.2,5.1,5.1,5,5,4.9,4.8,4.8,4.7,4.7,4.6,4.6,4.5,4.5,4.5,4.5,4.5,4.4,..
Cayman Islands,CYM,GDP per capita growth (annual %),NY.GDP.PCAP.KD.ZG,..,..,..,..,..,..,..,..,..,..,..,..,..,..,..,..,..,..,..,..,..,..,..,..,..,..,0.141681726123494,-3.20928610347219,-9.78775091467642,-5.37886645271013,-1.57276020805743,-1.48099828738833,-1.34351961199967,0.0864584263895267,0.360803236980843,0.85449283996779,0.889645893903833,2.04407129171315,1.77641822923059,-6.83262842880404,2.77415090691775,2.9780272878493,2.29214328757428,..
Cayman Islands,CYM,General government final consumption expenditure (% of GDP),NE.CON.GOVT.ZS,..,..,..,..,..,..,..,..,..,..,..,..,..,..,..,..,..,..,..,..,..,..,..,..,..,..,..,..,..,..,..,..,..,..,..,..,2.01383567825568,2.11133272268875,2.35481309963543,2.55899941849603,..,..,..,..
Cayman Islands,CYM,"Unemployment, total (% of total labor force) (national estimate)",SL.UEM.TOTL.NE.ZS,..,..,..,..,..,..,..,..,..,..,5.91,..,7.22,5.74,4.94,5.1,4.14,4.17,..,..,7.54,5.37,3.61,3.45,3.54,2.62,3.83,3.97,6.04,6.68,6.78,6.21,6.27,4.7,4.24,..,..,..,..,..,..,..,..,..
Cayman Islands,CYM,"Inflation, consumer prices (annual %)",FP.CPI.TOTL.ZG,..,..,..,..,..,..,..,..,..,..,..,..,..,..,..,..,..,..,..,..,..,..,..,..,..,..,..,..,..,0.276140861750094,1.32543575779668,1.18894845245605,2.16061146813395,1.27397911533384,-2.34752770165615,-0.625258358618096,..,..,..,..,..,..,..,..
Cayman Islands,CYM,"Mortality rate, infant (per 1,000 live births)",SP.DYN.IMRT.IN,..,..,..,..,..,..,..,..,..,..,..,..,..,..,..,..,..,..,..,..,..,..,..,..,..,..,..,..,..,..,..,..,..,..,..,..,..,..,..,..,..,..,..,..
Central African Republic,CAF,GDP per capita growth (annual %),NY.GDP.PCAP.KD.ZG,-2.6514936510095,6.47111564181645,-9.21361481564811,8.15142186918453,2.63570726856844,2.26761415846777,-6.18183220833238,0.0308390935576313,-0.58702401433186,-5.14384284646127,-3.61601860351969,-9.3499022024904,-2.81054491449957,1.67643599170786,4.3152308340197,-6.45635774727835,2.44553463232529,1.89780136644271,0.804779828695573,-5.13401462675454,2.17071826482889,1.37690566221247,-7.63416642788093,3.72625182811642,-1.35012540536219,2.64652651726671,2.61065388109087,-0.0996463174017777,9.30502220176477,5.47038096593693,2.55065326927321,4.00963689358869,-36.8245466038613,0.497506544343594,4.19878078824811,2.87598768927953,2.7861131027974,1.9780319759616,1.72290159793216,-0.744488614542561,-0.705468755505223,0.730965731814123,-0.362884525432676,-1.85605715290362
Central African Republic,CAF,General government final consumption expenditure (% of GDP),NE.CON.GOVT.ZS,14.9894076270064,15.9007668165096,16.8924061576793,14.2447067139079,15.1284921952412,15.5874096545194,17.4631935324789,16.1320033550278,15.800972476971,15.3797912072504,16.6300792398737,17.1265884090623,15.2500807781211,16.4836978602384,14.9132906447296,12.9066062055561,11.854070023441,11.4603028301176,16.9832365235768,16.284531790337,14.0101371633625,13.8293755305992,10.357838835437,10.4326000330075,8.70797373464736,6.85806710112307,6.36686672722155,7.05239241446022,7.18439002916867,7.63618270005339,7.14770875692839,10.9198859827975,17.3592051258419,15.5309338184523,14.776798538189,14.408108617903,14.0670343149476,7.70001000295874,8.0446400022651,9.67704000219521,9.14075000341498,8.33527999723824,8.33527999694578,9.67162228386564
Central African Republic,CAF,"Unemployment, total (% of total labor force) (national estimate)",SL.UEM.TOTL.NE.ZS,..,..,..,..,..,..,..,..,..,..,..,..,..,..,..,..,..,..,..,..,..,..,..,..,..,..,..,..,..,..,..,..,..,..,..,..,..,..,..,..,..,..,..,..
Central African Republic,CAF,"Inflation, consumer prices (annual %)",FP.CPI.TOTL.ZG,..,..,..,..,..,..,..,..,..,..,..,..,..,..,..,..,..,..,..,..,..,..,..,..,..,..,0.959917619457111,9.25895099417076,3.52126227238642,1.49102370047805,1.19447572449848,5.47829594346121,6.98879341970198,14.898684179755,1.40297017136817,4.94543276106514,4.1807233187127,1.61215686991552,2.68537355266785,1.71015659523154,4.25936417542868,5.58316735183248,2.97913852618937,1.47733600718747
Central African Republic,CAF,"Mortality rate, infant (per 1,000 live births)",SP.DYN.IMRT.IN,112.5,111.8,111.2,110.7,110.4,110.2,110,109.7,109.4,109,108.5,107.9,107.1,106.3,105.6,104.7,103.6,102.5,101.2,99.8,98.3,96.5,94.7,92.6,90.5,87.8,85.6,83.6,234.9,88.1,78.1,76.5,81,100.2,72.4,77,87.4,74,124.3,74.5,93.6,189.1,60.4,..
Chad,TCD,GDP per capita growth (annual %),NY.GDP.PCAP.KD.ZG,0.919859630474079,0.510585365650073,10.0878341510118,0.713603679143347,20.5709907410675,-6.90931230128309,-5.74954425120706,11.6376083255956,1.38861691573101,-6.79304926645921,4.63768980189951,3.51468324179906,-17.6741907153315,7.63158984118191,-3.12782188685436,-2.21398378146705,2.06853854379148,3.33471416669188,-4.11148625897326,-4.24950215726395,7.95445706851376,4.77730878817857,10.2279881024888,27.8073148152989,12.6968038843229,-4.03678482481752,0.822607255982206,-0.437230510661095,-4.801397673172,9.92359181592764,0.927026742128263,5.28853379904473,-0.797612798376647,-1.51638260790634,0.0739226339686638,-7.09225751769129,-4.8273779731765,2.24768972082788,2.04928608343727,-3.52796668282519,-3.10157373516111,9.06080928066861,-0.537599858030831,-1.35007434679341
Chad,TCD,General government final consumption expenditure (% of GDP),NE.CON.GOVT.ZS,..,5.4708754567705,6.05033852332866,10.0164711726446,11.7458857327408,13.9063450213389,15.825724298962,12.7068392748719,15.0455519137446,10.0460309586386,8.9134320968893,9.19817556258545,10.0472808872524,8.07569996025979,7.26865987143635,7.89557643480366,6.52730518893146,5.62853278406866,6.92631260614753,7.71826323002747,7.4899498087107,7.70536802214167,7.58790625691191,4.90858965673958,7.82751781878661,8.38956498794458,10.5512916513976,10.8613901182901,12.2787391613179,10.9370714292223,12.0219212195258,11.4888192552861,11.3877074043518,8.71275886033188,6.99882928975911,10.8312408448115,9.56813070886601,8.15520088031379,8.48865154975086,9.63713677698176,9.33553170706264,8.8051701758117,9.0248806892315,8.72395477283396
Chad,TCD,"Unemployment, total (% of total labor force) (national estimate)",SL.UEM.TOTL.NE.ZS,..,..,..,..,..,..,..,..,..,..,..,..,0.7,..,..,..,..,..,..,..,..,..,..,..,..,..,..,..,..,..,..,..,..,..,..,..,..,1.135,..,..,..,..,..,..
Chad,TCD,"Inflation, consumer prices (annual %)",FP.CPI.TOTL.ZG,..,..,..,..,..,..,..,..,..,..,..,..,..,..,..,..,..,..,..,..,..,..,..,..,..,..,..,..,..,..,2.02924053678259,7.51662364663832,0.222671564624585,1.68197313925665,4.37712665065658,-0.792440525236024,-1.5370996298085,4.27462198610548,-0.971939175419342,4.46414437232861,-0.772844370359154,5.78802687843618,10.8363568399842,8.89950732263755
Chad,TCD,"Mortality rate, infant (per 1,000 live births)",SP.DYN.IMRT.IN,129.1,127.8,126.6,125.2,123.8,122.4,120.9,119.4,117.8,116.2,114.7,113.3,111.9,110.6,109.4,108.1,106.8,105.3,103.7,102,100.3,98.5,96.6,94.8,93,91,89,87,84.9,82.8,80.7,78.6,76.6,74.8,72.8,71,69.2,67.4,65.5,63.6,61.9,60.3,58.7,..
Channel Islands,CHI,GDP per capita growth (annual %),NY.GDP.PCAP.KD.ZG,..,..,..,..,..,..,..,..,..,..,..,..,..,..,..,..,..,..,..,..,..,..,..,..,..,..,..,..,..,-4.28117501896055,0.438026517384117,-6.37565059386247,-0.133468759749221,1.8297582773701,-0.0726855379298144,0.948076599842508,1.5363504960191,0.736021076194476,1.15023329351136,-9.22341035779262,9.60318203511517,5.0433512927915,3.42060523333167,..
Channel Islands,CHI,General government final consumption expenditure (% of GDP),NE.CON.GOVT.ZS,..,..,..,..,..,..,..,..,..,..,..,..,..,..,..,..,..,..,..,..,..,..,..,..,..,..,..,..,..,..,..,..,..,..,..,..,..,..,..,..,..,..,..,..
Channel Islands,CHI,"Unemployment, total (% of total labor force) (national estimate)",SL.UEM.TOTL.NE.ZS,..,..,..,..,..,..,..,..,..,..,..,..,..,..,..,..,..,..,..,..,..,..,..,..,..,..,..,..,..,..,..,..,..,..,..,..,..,..,..,..,..,..,..,..
Channel Islands,CHI,"Inflation, consumer prices (annual %)",FP.CPI.TOTL.ZG,..,..,..,..,..,..,..,..,..,..,..,..,..,..,..,..,..,..,..,..,..,..,..,..,..,..,..,..,..,..,..,..,..,..,..,..,..,..,..,..,..,..,..,..
Channel Islands,CHI,"Mortality rate, infant (per 1,000 live births)",SP.DYN.IMRT.IN,..,..,..,..,..,..,..,..,..,..,..,..,..,..,..,..,..,..,..,..,..,..,..,..,..,..,..,..,..,..,..,..,..,..,..,..,..,..,..,..,..,..,..,..
Chile,CHL,GDP per capita growth (annual %),NY.GDP.PCAP.KD.ZG,5.16367443112149,-12.7828094615131,-6.32588185760476,2.43691015051672,1.98564660313194,3.78423839368109,5.05944880092105,5.62260077265265,8.55804238316513,1.88581611632009,5.97914025557384,9.71844044949243,5.03866265296217,3.50625803516114,7.66762918859645,5.61243124571355,5.96496367578787,2.83546295262515,-1.52035804686301,3.72361873178446,1.96875181903661,2.06991885847773,3.63301530196716,5.60291985486168,4.79182839139716,5.01952135827457,4.14386212927862,2.75755699285021,-2.11061042692428,4.79363748014636,5.18104033334399,5.14158431251035,2.32789256098182,0.783002086375433,1.11370445947465,0.52983351729867,-0.235110167425177,2.14988195463914,-0.962096016030856,-6.98113061984451,10.824550522267,1.64877813218645,-0.0196132258928543,2.09415451485827
Chile,CHL,General government final consumption expenditure (% of GDP),NE.CON.GOVT.ZS,12.7356829021064,15.6340361276741,14.1636348416364,13.2669344065851,12.0805421228048,12.3838586339209,10.7112167712405,10.3118731676958,10.0320275581749,9.66986420713209,9.56808875814587,9.55139959410647,9.90342618638723,9.87254217393678,9.77908979379382,11.3042387762434,11.4376438172391,11.8075864366811,12.6522045996008,12.5909258671039,12.6430976838425,12.7485938739069,12.1781884394566,11.4302095052364,10.9536305505405,10.2971154567969,10.5459552760673,11.2649291903438,12.8685277947587,12.5461769482963,12.3111909097858,12.3259315107792,12.7855842175532,13.2263259780646,13.5921177180299,14.3426676192841,14.6487131962187,14.856473757383,15.2539557255243,16.0263618695537,14.7373122384899,14.7249541091785,15.299339236854,15.0673471779886
Chile,CHL,"Unemployment, total (% of total labor force) (national estimate)",SL.UEM.TOTL.NE.ZS,11.35,19.6,14.65,13.91,..,8.71,..,6.23,5.29,5.63,5.23,4.35,4.49,5.87,4.7,7.414,7.136,7.307,11.158,10.491,10.39,10.168,9.765,10.162,9.34,9.024,8.427,9.285,11.313,8.547,7.492,6.79,6.361,6.761,6.605,6.926,7.257,7.673,7.559,11.18,9.417,8.331,9.091,8.756
Chile,CHL,"Inflation, consumer prices (annual %)",FP.CPI.TOTL.ZG,19.6868327084319,9.94102693041831,27.2571946726204,19.8602056602626,30.703498909615,19.4768379232583,19.8808457201904,14.684351250082,17.0279367308961,26.0364811362364,21.7844124277757,15.4258064688928,12.7277669490964,11.4431196444973,8.23263034116113,7.35911781788767,6.13386464357928,5.11024954517559,3.33687917526024,3.84327295706565,3.56910053001466,2.48939816650705,2.81017875743611,1.05473871403517,3.0525762138785,3.39201733699405,4.40779938398043,8.71626873039608,0.353045178360933,1.41071107954321,3.34121694259301,3.00744840213053,1.78955553984582,4.71867527854673,4.34877353217046,3.78619355893118,2.18271846868521,2.43488981353054,2.55754475703329,3.0454908480433,4.52456838259137,11.643866711056,7.58168251407967,4.29763891572522
Chile,CHL,"Mortality rate, infant (per 1,000 live births)",SP.DYN.IMRT.IN,25.3,23,20.9,19.4,18.8,18.7,18.5,17.9,17.1,16,14.8,13.6,12.5,11.6,11,10.5,10.2,10,9.7,9.2,8.7,8.2,8,7.9,7.7,7.6,7.6,7.6,7.6,7.5,7.4,7.2,7.1,7,6.8,6.7,6.5,6.3,6,5.9,5.8,5.9,6.2,..
China,CHN,GDP per capita growth (annual %),NY.GDP.PCAP.KD.ZG,3.77490366463383,7.46496400853296,9.13891967557757,13.7305061049976,11.9012936806177,7.32675657753705,9.85242316966178,9.4461713568776,2.62085917492114,2.42762639469862,7.87966755592007,12.9073763491845,12.626827003835,11.8018881692803,9.83296054402696,8.82951365878655,8.17484627382208,6.89019016050649,6.80818759993021,7.73418016479314,7.52872737128337,8.51390950160066,9.4344412783923,9.47923943183717,10.8046485485004,12.0472818925694,13.5553663508412,9.10974706584638,8.85990205362064,10.0634243207535,8.86480747550642,7.12701272347094,7.06322465705706,6.78666987945924,6.35855026398104,6.16542718232793,6.24626618729064,6.25861232477357,5.6929006014863,2.09686667315867,8.47322717245602,3.14769982133814,5.52431494678926,5.10662482837367
China,CHN,General government final consumption expenditure (% of GDP),NE.CON.GOVT.ZS,13.3375128925921,13.3720930232558,14.1218400331538,15.2350392189128,14.3726894766287,14.0093504694474,13.2616164183632,12.6479640151515,13.3410807669959,13.8241951178238,14.1652583265748,14.5924617887132,14.5079383691097,14.2435256701499,13.4546321618702,13.3454091227604,13.9060143346837,15.0970314649113,16.5121269789853,16.9834545142268,16.56557352932,16.2233328656845,15.4631349581316,14.7768955354751,14.9800297513263,15.0329501874396,14.8435861590045,14.7289171300496,14.9931908239159,14.837784222569,15.511543498627,15.9047696976095,15.9462837052091,15.8783188765672,16.2578121496943,16.4004661104345,16.501760892272,16.8365384091475,17.1510123948127,17.6037978191606,16.3512045683208,16.6626986358672,17.1891419707315,..
China,CHN,"Unemployment, total (% of total labor force) (national estimate)",SL.UEM.TOTL.NE.ZS,3.8,3.2,2.3,1.9,1.8,2,2,2,2.6,2.5,2.3,2.3,2.6,2.8,2.9,3,3.1,3.1,3.1,3.707,3.6,4,4.3,4.2,4.2,4.1,4,4.2,4.3,4.1,4.1,4.1,4.05,4.1,..,..,3.9,4.93,5.15,5.61,5.11,..,..,..
China,CHN,"Inflation, consumer prices (annual %)",FP.CPI.TOTL.ZG,..,..,..,..,..,..,..,..,..,..,..,..,..,24.2569897243361,16.7912251650916,8.31316028893908,2.78646505531882,-0.773186011549315,-1.40147268276465,0.347811226864583,0.719125609120118,-0.731970902350249,1.12760348729637,3.8246374310816,1.7764140766757,1.6494309945586,4.81676767378834,5.92525137041092,-0.728165250932903,3.17532475269199,5.55389892257491,2.61952432645539,2.62105001748119,1.92164162788522,1.43702380935656,2.00000182191942,1.59313600071433,2.07479039965575,2.89923416358229,2.41942189457778,0.981015135544894,1.97357555739052,0.23483682889306,0.218128938439166
China,CHN,"Mortality rate, infant (per 1,000 live births)",SP.DYN.IMRT.IN,46.8,45.3,44.1,43.4,43,43,43.1,43.3,43.3,43.3,42.9,42.3,41.3,40.1,38.7,37.2,35.6,33.8,31.9,30,27.8,25.6,23.5,21.3,19.4,17.7,16.1,14.8,13.6,12.5,11.5,10.5,9.7,8.9,8.2,7.6,7,6.4,6,5.5,5.1,4.8,4.5,..
Colombia,COL,GDP per capita growth (annual %),NY.GDP.PCAP.KD.ZG,-0.0539162798288118,-1.35966538334341,-0.78443379786755,0.989006834442279,0.902605416728733,3.66134032721335,3.22574243598631,1.95465446599053,1.3125231207928,2.14817587559615,-0.0271315908869099,2.00413314386418,3.30195850247352,3.74840675934975,3.21251345205344,0.213941191632387,1.59578906492865,-1.21587529995685,-5.85488076514964,1.25270223212341,0.0920725777672828,0.939608606713477,2.36282939630979,3.79715867736165,3.37111077766936,5.31174394421016,5.39446786231066,2.04799051810861,-0.0317051022677077,3.31434936742798,5.80823503363762,2.87569627540904,4.14129387844136,3.5703066542077,2.06923227113727,1.08114925712198,-0.101221554133033,0.695264947238812,1.36014067984289,-8.50949477621059,9.5929782838861,6.18779953705864,-0.410230298426796,0.656437667018352
Colombia,COL,General government final consumption expenditure (% of GDP),NE.CON.GOVT.ZS,10.4335695513304,10.9224449785328,10.9544856697653,11.0364768406445,10.6982786344342,9.80875538969316,9.84069412928323,10.0787224110989,10.5545366813872,12.4524654899488,11.7592720369725,13.1328297032988,14.0515703261773,14.4734544198645,14.9483765869675,17.9945338654797,19.9213136419587,20.3069357941294,22.1605930735792,16.4728505593893,16.5662317191423,16.0408930267443,15.6103471699499,15.6815981180263,13.9561720687186,13.8806197000031,13.7300294511629,13.143945911691,13.8041445529473,13.7602470315774,13.3492616590983,13.4754773768318,14.0973234578689,14.2437505161207,14.8116297912742,14.5412847223026,14.8806426275244,15.4214808598175,15.7732334152149,17.15883586003,16.04633106217,14.0050262426423,14.6540810646728,14.7154613615493
Colombia,COL,"Unemployment, total (% of total labor force) (national estimate)",SL.UEM.TOTL.NE.ZS,8.13,11.46,11.13,13,13.89,12.94,10.83,..,..,..,10.12,9.44,7.8,8.25,8.72,11.81,12.14,15,20.06,20.52,15.04,14.481,13.221,12.736,11.062,..,10.252,10.52,11.319,11.153,10.288,9.959,9.246,8.799,8.572,8.922,9.086,9.36,10.28,15.568,13.898,10.541,9.591,9.619
Colombia,COL,"Inflation, consumer prices (annual %)",FP.CPI.TOTL.ZG,27.4537624347993,24.7209882528585,19.5973170624765,16.1616171361426,24.090174368125,18.8424631612406,23.302028364018,28.1083969771704,25.8675480831988,29.1520245976216,30.3878204854436,27.010626623136,22.4424828533275,22.8462417553045,20.8917930194849,20.7975755127402,18.4700217119089,18.6769799276672,10.8736870857471,9.22534818585364,7.96556090304835,6.35150728778871,7.12978862941861,5.90402005546502,5.05101962689696,4.29342363628925,5.54438485815156,6.99688495554511,4.20251661216482,2.27200227892011,3.41503344776242,3.16930188840057,2.01699224310385,2.89883787761735,4.9898311584953,7.51346024627682,4.3143132569501,3.2405693293057,3.5230193274144,2.5266350008471,3.49505757399449,10.1772313546166,11.735904494869,6.60908593728228
Colombia,COL,"Mortality rate, infant (per 1,000 live births)",SP.DYN.IMRT.IN,43.6,41.2,39.1,37.1,37.4,33.9,32.6,31.5,30.5,29.6,28.7,27.8,27,26.2,25.3,24.5,23.7,23,22.3,21.6,21,20.4,19.9,19.3,18.8,18.3,17.8,17.3,16.8,16.3,15.8,15.3,14.8,14.4,14,13.6,13.2,12.7,12.4,12,11.6,11.3,10.9,..
Comoros,COM,GDP per capita growth (annual %),NY.GDP.PCAP.KD.ZG,0.976353617220212,3.47693595358449,1.94021410695102,1.24203347582782,-0.542040344767841,-0.929858107836594,-1.11613003783582,-0.0516845070652465,-5.73229192486923,2.37458223724789,-7.67167745286883,6.3009202909668,1.14266151741327,-6.93886266659509,1.82686042685714,-2.97688572500248,2.25389867331447,-0.446707932841576,0.124064469213067,8.74001547136929,0.249670770710793,0.182415694210476,0.155146641696916,0.00554209851996745,0.760068972193494,0.597251490467031,-1.18907421679094,1.91937430669343,4.39019064637544,2.73828086409912,3.79275740681449,4.19356651042693,6.64887664929846,1.65993748812312,-0.138354876922065,0.693560201534709,3.51292733189266,2.04730227771535,1.65415614580486,1.98462777612671,0.715538091757423,0.844578877212072,1.10138627695484,1.45123102362841
Comoros,COM,General government final consumption expenditure (% of GDP),NE.CON.GOVT.ZS,11.0450950256775,11.0442231998148,11.0449192002191,11.0453013481364,11.0453604281463,11.0449181379089,11.0451704489442,11.0451865664614,11.0453214361121,11.0447123193981,11.0453599458389,11.0452150066906,11.0450880394267,11.0450680911895,11.0446680566077,11.0450806186245,11.0452251856959,11.0450240295071,11.0447997825693,11.0449915791162,11.0448450335713,11.0448825257306,11.0450572412372,11.0448344790989,11.0450612819511,11.0451328112724,10.7241262205604,10.9341534764666,11.4767702579134,11.1388350164767,10.6599505269987,10.0436065406351,9.32676655338319,10.2752326943949,10.5919046751925,10.6149160629911,10.823776632134,10.2296889355558,10.0948841035328,10.5607884014024,10.1267158082921,9.60868677879227,9.44262274290104,9.18264055023479
Comoros,COM,"Unemployment, total (% of total labor force) (national estimate)",SL.UEM.TOTL.NE.ZS,..,..,..,..,..,..,..,..,..,..,..,..,..,..,..,..,..,..,..,..,..,..,..,4.571,..,..,..,..,..,..,..,..,..,8.142,..,..,..,..,..,..,4.394,..,..,..
Comoros,COM,"Inflation, consumer prices (annual %)",FP.CPI.TOTL.ZG,..,..,..,..,..,..,..,..,..,..,..,..,..,..,..,..,..,..,..,..,..,..,..,..,..,..,..,..,..,..,1.84266300756185,6.31474450315182,-4.29487331536753,..,..,..,..,..,..,..,..,..,..,..
Comoros,COM,"Mortality rate, infant (per 1,000 live births)",SP.DYN.IMRT.IN,123.3,119.8,116.3,112.8,109.4,106.2,102.9,99.7,96.6,93.5,90.2,86.9,83.7,80.6,77.6,74.8,72.2,69.6,67.1,64.8,62.7,60.5,58.5,56.5,54.6,52.9,51.2,49.7,48.3,47,45.9,44.9,44,43.2,42.5,41.7,41,40.3,39.5,38.7,37.8,36.8,35.7,..
"Congo, Dem. Rep.",COD,GDP per capita growth (annual %),NY.GDP.PCAP.KD.ZG,-0.587498769914092,-3.40014199743922,-1.75283708294673,2.07207086656189,-2.80901413565682,1.47046036376909,-0.511748731546064,-2.69674798062162,-4.33799099147288,-9.61748597659818,-11.4194977980426,-13.4729897751751,-16.5071139550222,-8.3424734298317,-3.39481121542802,-2.90765166387065,-7.12163669713077,-4.26088113381191,-7.43165883288135,-9.84965913371934,-5.1521414670669,-0.150938085596678,2.53825002902343,3.64120168828561,2.92453150481742,2.1236343824278,3.09293343802346,3.07014504614453,-0.275530333416668,3.74773143955383,3.42587694987861,3.57071287303275,4.85377661702087,5.8207121782338,3.44319363269288,-1.16312535664113,0.00232954079282877,2.33763368123793,1.12791372118168,-1.48924362969555,2.81656459085707,5.46935992378246,5.12590758856129,3.27236174790441
"Congo, Dem. Rep.",COD,General government final consumption expenditure (% of GDP),NE.CON.GOVT.ZS,..,..,..,..,..,..,..,..,..,..,..,..,..,4.36388436066145,4.91370555302458,6.20080120842429,7.80125009751563,8.10018126407853,5.91230327589474,2.05758943003572,3.80020812665275,5.87923214957335,4.9458134683728,6.25487040312442,5.39983227705503,5.95265366132296,6.94772159243724,8.25178537494256,7.08993893028906,7.29510963096939,8.06445877216638,7.82126007576472,8.18503982019222,8.32176727716563,9.05619474106582,7.43795742156919,5.45682325997594,6.3175938945538,6.92914731918781,7.57563823668699,8.26179625751041,9.36466893563906,7.85955753243693,8.12064249340589
"Congo, Dem. Rep.",COD,"Unemployment, total (% of total labor force) (national estimate)",SL.UEM.TOTL.NE.ZS,..,..,..,..,..,..,..,..,..,..,..,..,..,..,..,..,..,..,..,..,..,..,..,..,2.948,..,..,..,..,..,..,4.485,..,..,..,..,..,..,..,1.466,..,..,..,..
"Congo, Dem. Rep.",COD,"Inflation, consumer prices (annual %)",FP.CPI.TOTL.ZG,..,..,..,..,..,..,..,..,..,..,..,..,..,..,..,..,..,..,..,..,..,..,..,..,..,..,..,..,..,..,..,..,0.808223101487066,1.24303889760764,0.744198994781517,2.88585107290007,..,..,..,..,..,..,..,..
"Congo, Dem. Rep.",COD,"Mortality rate, infant (per 1,000 live births)",SP.DYN.IMRT.IN,112.2,110.9,109.6,108.5,107.4,106.4,105.4,104.4,103.4,102.4,101.4,100.6,99.8,99.1,98.3,97.5,96.4,95,93.3,91.2,89,86.5,84,81.3,78.6,75.9,73.3,70.7,68.3,65.9,63.8,61.8,59.9,58,56.2,54.5,52.9,51.3,49.8,48.4,47.1,45.8,44.5,..
"Congo, Rep.",COG,GDP per capita growth (annual %),NY.GDP.PCAP.KD.ZG,15.0547787720662,20.9664378594288,3.68887287185078,4.34352251846796,-4.0542987808677,-9.55347437557265,-2.6954798697673,-1.13959383100648,-0.322827326724479,-1.84268984995809,-0.475490065299297,-0.248600824528538,-3.86655032881671,-8.25141208282898,1.09899574840317,1.43771518416713,-2.72655328399637,1.48155360506634,-5.17796321884211,3.53179165255042,-0.041524211389671,2.1400863574699,-1.96564823937744,-0.000136349476449027,3.9415931821321,4.01799119733973,-9.96945133776909,2.86698415150693,7.26428280496805,5.47046970435608,-1.06295910259951,6.91517273107118,-3.09694323656935,4.1002792779107,-1.98214587471384,-10.8700508595295,-7.86139425991523,-4.6581397485937,-1.27988440285151,-8.48578578986992,-1.37465389510481,-0.927744025174505,-0.528875412706213,0.148774113850109
"Congo, Rep.",COG,General government final consumption expenditure (% of GDP),NE.CON.GOVT.ZS,13.4391748200111,13.4929028169014,15.5405405405405,14.7835159102765,16.4503502266172,24.9526672262019,20.5775326218586,21.0470409711684,19.4936370395392,19.5538057742782,27.7403408351763,26.9317362184441,27.6610972240495,21.813998941325,15.7238492709714,12.8460413941679,20.9474072434904,24.1961568559256,15.0580970123508,11.5680697928026,14.089732949275,18.3571666112404,17.3589920267743,14.9727176480169,12.5058288454194,12.7495181020298,16.8009690515351,12.1410467649389,13.4117928518257,10.5717695005542,12.8349574887585,13.7571530354376,14.0730144980116,16.7341898264262,19.3062714257081,21.3085234763745,18.0865862122574,13.5041075595188,13.2408750888074,17.4783555029861,14.8705070974177,11.836792240361,13.0993020877754,13.3811297964587
"Congo, Rep.",COG,"Unemployment, total (% of total labor force) (national estimate)",SL.UEM.TOTL.NE.ZS,..,..,..,..,..,..,..,..,..,..,..,..,..,..,..,..,..,..,..,..,..,..,..,..,19.796,..,..,..,19.86,..,..,10,..,..,..,..,..,..,..,..,..,..,..,..
"Congo, Rep.",COG,"Inflation, consumer prices (annual %)",FP.CPI.TOTL.ZG,..,..,..,..,..,..,..,..,..,..,..,..,..,..,..,..,..,..,..,..,..,..,..,..,..,..,2.65464645060703,4.95875092023152,4.41500374795223,0.391525011227614,1.75958704273801,5.01018773134469,4.63161619729462,0.912139545450162,3.16909796750827,3.19056179723774,0.450063823285532,1.15277896375524,2.20607305781522,1.79537147083111,1.71564275451261,3.04344334698473,4.30174563591022,3.09143630919163
"Congo, Rep.",COG,"Mortality rate, infant (per 1,000 live births)",SP.DYN.IMRT.IN,62.1,61,59.9,58.6,57.5,56.6,56.1,56,56.3,57.2,58.4,60.1,62.2,64.4,66.9,69.4,71.7,73.3,73.9,73.3,71.5,68.6,64.8,60.6,56.3,52.1,48.4,45.3,42.9,41,39.5,38.3,37.2,36.1,35,33.9,32.9,32,33,30.2,29.3,28.5,27.6,..
Costa Rica,CRI,GDP per capita growth (annual %),NY.GDP.PCAP.KD.ZG,-4.8876526285223,-9.78883050608906,0.0746781222387085,5.09057323467832,-2.0077212448813,2.71459943765294,2.03077450785207,0.804476560644176,3.0372287991603,0.969665370569189,-0.304259137596418,6.47188909841982,4.4518785245649,1.98449368105796,1.67753988339345,-0.997395703484344,3.11977762053399,4.85724857204252,2.0759808874472,1.87355738973982,1.65293176701229,1.72295991851902,2.72728694399899,2.90067518188641,2.48427897192691,5.83402547469416,6.75979498090572,3.32734114862421,-2.18936686159658,4.06134325895124,3.18309278796906,3.66596860469166,1.36003489549176,2.43499498820891,2.55664330007954,3.1560705780562,3.17871970343413,1.69193410358987,1.56255641347028,-4.93444227198336,7.38823226408623,4.10345495842361,4.62275386959699,3.8253339096098
Costa Rica,CRI,General government final consumption expenditure (% of GDP),NE.CON.GOVT.ZS,15.7374343442829,14.5550336360716,15.1005304916714,15.6447206904569,15.7513295789507,15.3909107536602,14.9900855224729,15.6199355640774,16.9714684322324,18.1598510771488,13.1929164489477,12.1100290283559,12.771781238667,13.2978782889928,12.9266885376626,13.0629276640645,12.623995050026,12.7302429987193,13.2871099173988,13.727826175647,14.2963123765465,14.6890642516559,14.4974654373008,13.9764073002574,13.5128811924967,13.1650410564006,12.8052686650694,13.5774747362871,15.7481281178918,16.6207106449728,16.9618362200105,16.7900477034032,17.1301891402103,17.0113032502945,16.9602419141632,16.7086790791827,16.3581746477264,16.1957338927845,16.7512009792543,17.7047320692258,16.5307979779086,15.3958787283472,14.8734934598622,14.678497451206
Costa Rica,CRI,"Unemployment, total (% of total labor force) (national estimate)",SL.UEM.TOTL.NE.ZS,..,..,..,..,..,..,..,..,..,..,..,..,..,..,..,..,..,..,..,..,6.051,6.396,6.654,6.445,6.749,5.926,4.557,4.934,7.824,7.171,9.518,9.11,8.218,8.499,8.415,8.085,7.729,9.01,10.807,16.432,15.139,11.325,8.325,6.936
Costa Rica,CRI,"Inflation, consumer prices (annual %)",FP.CPI.TOTL.ZG,37.0563415239514,90.1213328504165,32.6237081487831,11.9474270118863,15.0574196445757,11.8350618936099,16.8424201630394,20.8325332309203,16.509808768739,19.0397526635649,28.7092913706618,21.7911687900609,9.77860078293777,13.5344687273428,23.1864981102567,17.5114524814592,13.2480440791191,11.6592997742233,10.0452817292494,10.9615496593622,11.2556157091171,9.1675204850912,9.44758091616983,12.3148150178852,13.7982949108987,11.4705968149052,9.35724456417157,13.4244635507284,7.84270167700653,5.66275708420022,4.877998309707,4.49545314354611,5.23133614174423,4.51920098516959,0.801982005099561,-0.0174788505907852,1.6259069299173,2.22111461526584,2.09604635327805,0.724911478131341,1.72647755109242,8.27477490232656,0.525193508693476,-0.412853001047083
Costa Rica,CRI,"Mortality rate, infant (per 1,000 live births)",SP.DYN.IMRT.IN,19.6,19.2,19.1,19,18.6,18,17,16,15.1,14.4,13.8,13.4,13.1,12.9,12.7,12.6,12.3,12.1,11.7,11.2,10.8,10.4,10.1,9.9,9.7,9.6,9.5,9.4,9.3,9,8.8,8.5,8.2,8,7.8,7.7,7.7,7.8,7.9,8.2,8.5,8.8,9.2,..
Cote d'Ivoire,CIV,GDP per capita growth (annual %),NY.GDP.PCAP.KD.ZG,-0.562326375567451,-3.75122186685714,-7.6809941303711,-6.51004627759795,0.442451456249174,-0.700892854841626,-4.11920012990711,-2.66415690762632,-0.95726163000495,-4.9093999603687,-3.85610474106537,-4.14732494866662,-4.08453429777113,-3.07844096219641,3.02718524731407,3.63603752351062,5.51590083803082,0.404815446696844,-2.07680883648156,-2.98789209303686,-4.73706957562547,-5.21173930372343,-7.07101837658274,0.712925866714116,-1.38664840401142,0.421959618326611,-1.22415870474471,2.42600024388695,1.32618518113594,4.5193074547668,-7.40424970030114,5.39583595248281,8.5732243032672,6.75169825092141,4.14232947521536,4.10858359182184,4.42161228468103,2.05334874793748,3.96244737490909,-1.81621061689408,4.44709198559022,3.75602084648943,3.81819302971962,3.40005195993866
Cote d'Ivoire,CIV,General government final consumption expenditure (% of GDP),NE.CON.GOVT.ZS,17.61368726166,17.3932287127274,16.8585464598613,15.1630711994765,14.0870225584823,15.1281347126892,16.2944403531153,17.1027248943555,18.2542783227454,16.7997469629584,16.3612486220463,17.4418207904825,15.4744026756448,12.0241102731615,10.6082415319079,..,..,..,..,..,..,..,..,..,..,..,..,..,..,..,..,..,..,..,9.34787599976032,9.86519507238038,10.2683859615717,10.047344032596,10.8276425991993,11.3216044456757,9.96265946726249,9.46903676410753,9.01223404938394,8.96371169335357
Cote d'Ivoire,CIV,"Unemployment, total (% of total labor force) (national estimate)",SL.UEM.TOTL.NE.ZS,..,..,..,..,..,..,..,..,..,..,..,6.7,..,..,4.1,..,..,4.1,..,..,..,..,..,..,..,..,..,..,..,..,..,7.223,4.255,..,..,1.896,3.272,..,2.401,..,..,2.31,..,..
Cote d'Ivoire,CIV,"Inflation, consumer prices (annual %)",FP.CPI.TOTL.ZG,..,..,..,..,..,..,..,..,..,..,..,..,..,..,..,..,..,4.61144759515383,0.702375805955953,2.53077516737988,4.36152914007261,3.0772648515743,3.29680746974212,1.45798835600739,3.88583039886477,2.46719148596918,1.89200629349596,6.30852769152581,1.01950457731134,1.22645612135478,4.91243395052459,1.30451119915597,2.58117037252936,0.44868207676616,1.25149954781475,0.723178457513241,0.685881065304602,0.3594090313807,-1.10686343994195,2.42500656821817,4.09195189692865,5.27616724262842,4.38711707003282,3.46637314660163
Cote d'Ivoire,CIV,"Mortality rate, infant (per 1,000 live births)",SP.DYN.IMRT.IN,108.7,106.4,104.6,103.1,102.1,101.4,100.9,100.5,100.8,100.6,100.5,100.2,99.7,99.2,98.4,97.6,96.3,94.9,93.2,91.4,89.4,87.3,85.1,82.8,80.2,78.1,75.6,73,70.9,68.8,67,64.9,62.8,60.8,59,57.4,55.8,54.1,52.3,50.9,49.2,47.9,46.6,..
Croatia,HRV,GDP per capita growth (annual %),NY.GDP.PCAP.KD.ZG,..,..,..,..,..,..,..,..,..,..,-19.6019000057714,-9.52911083766807,-8.51829523360919,4.69705259764521,7.4977862242916,7.57433408705468,6.68718129160222,2.31451157749356,-0.419403115357625,3.96576592881786,7.15592996626806,5.74105906240401,5.53832171449646,4.14142090609553,4.19285977544972,5.05675036784992,5.07184469340476,1.98070412803209,-6.71603377643166,-1.11003223418777,0.247771415133457,-1.78905505710179,0.498388391378725,0.207889836752912,3.55234224272188,4.591202433302,4.95383381015245,4.26251170355792,4.12860062660076,-7.48747462051617,13.6545080301151,7.93740053837753,3.19428250044082,3.63735112214903
Croatia,HRV,General government final consumption expenditure (% of GDP),NE.CON.GOVT.ZS,..,..,..,..,..,..,..,..,..,..,..,..,..,..,26.210335178454,23.8720512891932,23.0613523233046,24.0045830329072,24.9245891158572,22.8875775578477,20.8596101913471,20.5683730593087,19.950066275301,20.0002708636559,19.9130864243281,20.0439269356348,20.7111949660457,20.549291664418,22.3361971399354,22.300619073922,22.7739953486695,22.7164245860441,22.5818827609666,23.091795072956,22.4615282297465,21.9663370183873,21.7982075145139,21.6739878475104,21.6943108660348,24.8798286623841,23.0666648716537,21.1121699218234,21.2862761328474,22.6320396655894
Croatia,HRV,"Unemployment, total (% of total labor force) (national estimate)",SL.UEM.TOTL.NE.ZS,..,..,..,..,..,..,..,..,..,..,11.14,..,..,..,..,9.68,9.71,11.392,13.559,16.064,15.822,15.053,13.924,13.664,12.598,11.13,9.909,8.53,9.202,11.62,13.678,16.046,17.231,17.209,16.15,13.015,11.078,8.322,6.551,7.389,7.483,6.811,6.121,5.033
Croatia,HRV,"Inflation, consumer prices (annual %)",FP.CPI.TOTL.ZG,..,..,..,..,..,..,..,..,..,..,..,..,..,..,..,..,..,..,..,..,..,..,..,..,..,3.18982591472949,2.89928275583389,6.07696838798354,2.37852845904674,1.03055505333574,2.27272727272725,3.41207349081365,2.21658206429777,-0.215196159576262,-0.464499004644924,-1.125,1.12937210282344,1.50012501041755,0.771820346498037,0.154811374562112,2.55450699642037,10.7805806758686,7.94128177586827,2.97200477643622
Croatia,HRV,"Mortality rate, infant (per 1,000 live births)",SP.DYN.IMRT.IN,19.2,18.4,17.5,16.7,15.8,14.8,13.8,12.9,12,11.2,11.2,9.9,9.5,9,8.6,8.3,8,7.7,7.5,7.2,6.9,6.6,6.6,6.1,5.8,5.5,5.3,5,4.8,4.7,4.5,4.4,4.3,4.2,4.2,4.1,4.1,4,4,4,3.9,3.9,3.9,..
Cuba,CUB,GDP per capita growth (annual %),NY.GDP.PCAP.KD.ZG,19.1472814084795,8.22203902302428,4.58488277642482,7.04820772969525,0.757183025934978,-0.754948780795104,-3.2623931374327,2.7388918714524,-0.282037912069939,-3.84822465768245,-11.4079878056485,-12.1393705305651,-15.3118366893073,0.300685045533882,2.08826431237451,7.47822503827842,2.44769000630836,-0.174678072264157,5.8289371168088,5.56315407850497,2.86074719657753,1.12278132692103,3.49676185017218,5.49410195800384,10.9666851161532,11.9069237505458,7.17925242550075,4.07542754472641,1.42474509664487,2.36597236588088,2.76444210196216,3.00028175038565,2.79314623294214,1.15852883229009,4.53753785531039,0.597183645134152,1.97075470346573,2.436568386332,0.0532186639248664,-10.7380017373744,1.74699047212907,2.34878966768176,-1.5743835905819,..
Cuba,CUB,General government final consumption expenditure (% of GDP),NE.CON.GOVT.ZS,31.6747806983019,31.7291096367023,31.7370738566875,31.7369810311986,31.1147792864508,32.0559609949414,32.000752194734,31.7768973435549,31.7365145363797,31.001588232443,33.310971592638,34.7986525877134,35.3824243289626,27.2659559543373,24.3937786137389,26.553551972874,26.8348366365011,27.6731261524953,28.9247854841338,29.5962912312615,30.8878115294296,34.1045113945907,33.7331690862701,35.4796733240845,33.6483604954105,32.2340400964681,35.4097594187418,39.8807360421535,38.9610180412371,34.7593582887701,35.421075518191,31.9150681560274,32.4467257738373,32.4067243519089,32.2062711904656,31.8958566518043,30.8386160496217,30.0449666715961,32.232015438819,38.8479746031273,33.8264022512834,32.6936168935686,25.4920999408675,..
Cuba,CUB,"Unemployment, total (% of total labor force) (national estimate)",SL.UEM.TOTL.NE.ZS,..,..,..,..,..,..,..,..,..,..,..,..,..,..,8.27,7.61,7.1,6.23,6.26,5.45,4.08,3.31,2.33,1.854,1.95,1.913,1.788,1.583,1.67,2.5,3.18,3.498,3.29,2.7,2.4,2,1.7,1.7,..,..,..,..,..,..
Cuba,CUB,"Inflation, consumer prices (annual %)",FP.CPI.TOTL.ZG,..,..,..,..,..,..,..,..,..,..,..,..,..,..,..,..,..,..,..,..,..,..,..,..,..,..,..,..,..,..,..,..,..,..,..,..,..,..,..,..,..,..,..,..
Cuba,CUB,"Mortality rate, infant (per 1,000 live births)",SP.DYN.IMRT.IN,17.3,16.4,15.6,14.8,14.1,13.4,12.7,12,11.4,10.8,10.3,9.8,9.3,8.9,8.5,8.1,7.8,7.4,7.1,6.8,6.5,6.3,6,5.8,5.6,5.4,5.2,5.1,5,4.9,4.8,4.8,4.7,4.8,4.8,4.9,5,5.2,5.4,5.7,6,6.3,6.6,..
Curacao,CUW,GDP per capita growth (annual %),NY.GDP.PCAP.KD.ZG,..,..,..,..,..,..,..,..,..,..,..,..,..,..,..,..,..,..,..,..,3.00794601323111,0.274293371213943,-1.75868169706047,-1.50534018302206,-1.85843997498654,-0.940961791444465,0.466173824147887,0.910342294763453,-1.17689651776027,-1.17626862745298,-0.90956664776219,-1.1725619495316,-1.75580782515972,-1.96746652701209,-0.858779914555939,-2.11116210733545,-1.59116272960222,-1.58863051943423,-2.04109605237913,-17.1256701353319,5.94644325617864,9.63038739033041,0.320174531450519,..
Curacao,CUW,General government final consumption expenditure (% of GDP),NE.CON.GOVT.ZS,..,..,..,..,..,..,..,..,..,..,..,..,..,..,..,..,..,..,..,..,..,..,..,..,16.0737660531258,15.9510940411445,16.6639442645017,16.0136522596176,16.529121297581,16.1918532831074,15.8116554799474,16.0282533381517,14.1636752171853,15.656446364665,15.7199312070825,16.0670226272218,16.1220056813771,14.4782874285736,..,..,..,..,..,..
Curacao,CUW,"Unemployment, total (% of total labor force) (national estimate)",SL.UEM.TOTL.NE.ZS,..,..,..,..,..,..,..,..,..,..,..,..,..,..,..,..,..,..,..,..,..,..,..,..,..,..,..,..,..,..,9.78,..,13.03,12.61,11.71,..,..,13.43,..,19.07,..,..,..,..
Curacao,CUW,"Inflation, consumer prices (annual %)",FP.CPI.TOTL.ZG,..,..,..,..,..,..,..,..,..,..,..,..,..,..,..,..,..,..,..,..,1.79282868525897,0.391389432485317,1.63371391441569,1.37912138094802,4.11711711711711,3.11499524097951,2.99572039942938,6.87632393677692,1.75331605427657,2.77944261312558,2.33253152562139,3.18398746349455,1.33232086152147,1.49873969616457,-0.476542049801979,-0.0472079848934594,1.58558801700291,2.58368756641871,2.62220783425054,..,..,..,..,..
Curacao,CUW,"Mortality rate, infant (per 1,000 live births)",SP.DYN.IMRT.IN,..,..,..,..,..,..,..,..,..,..,..,..,..,..,..,..,..,..,..,..,..,..,..,..,..,..,..,..,..,..,..,..,..,..,..,..,..,..,..,..,..,..,..,..
Cyprus,CYP,GDP per capita growth (annual %),NY.GDP.PCAP.KD.ZG,0.828828672231708,4.77450967139947,4.7150443523613,7.35775195023427,3.61523782627688,2.52140537633036,5.90727258493816,7.50078629746844,6.41951308866611,5.13997001219491,-1.83474308662072,6.52783779751871,-1.70263122109378,3.73220287690552,6.41553956973846,-0.352429769131803,1.19626199107205,4.81777679624574,3.82959819557441,4.84416050602792,2.83811951306716,2.54108667123634,1.38363254964506,3.63073785684536,3.35375226035941,2.98125084368819,2.88426389868701,1.07674041142521,-4.61048255739776,-0.357614019094044,-2.1129375771815,-4.90738549673117,-6.3700803764291,-0.688973313277089,4.00942011939007,6.0858784501995,4.7717216127005,4.98319342721467,4.44895560339916,-4.31145324565664,10.3551664171385,5.75460616309562,1.16775601770928,2.03404829461419
Cyprus,CYP,General government final consumption expenditure (% of GDP),NE.CON.GOVT.ZS,14.6118728172905,14.8404735734139,15.1227239795459,14.1094656620237,14.0669267217408,14.1108141702921,16.6104921529161,16.6591514620985,15.9820974472211,17.337715739492,18.458144047075,19.037030459033,16.871774699588,16.6570788310545,12.4714862570759,13.2076010815721,14.8481477434291,16.1052493664581,16.1885658619995,15.2364552886536,16.0963232290957,16.7886976534048,18.0891177872796,16.7828088035016,16.7524529076344,17.1893825203549,16.7546542990593,17.3628609634952,19.1192169870489,18.7471157245929,19.3608897136303,19.1014564892632,18.7335653096676,17.0727810804208,16.6093100075551,15.487159442376,15.0336429268327,14.7079165690907,16.0314662020454,19.1966992582967,18.7839611599537,18.1491360157532,18.6349778233809,18.5945031231794
Cyprus,CYP,"Unemployment, total (% of total labor force) (national estimate)",SL.UEM.TOTL.NE.ZS,2.6,2.8,3.3,3.3,3.3,3.7,3.4,2.8,2.3,1.8,3,2.09,2.7,2.7,2.6,3.1,3.4,3.3,5.532,4.766,4.043,3.336,4.153,4.77,5.481,4.593,3.946,3.756,5.594,6.359,7.942,12.097,16.131,16.277,15.026,13.006,11.155,8.504,7.155,7.755,7.513,6.806,5.835,4.862
Cyprus,CYP,"Inflation, consumer prices (annual %)",FP.CPI.TOTL.ZG,..,..,..,..,..,..,..,..,..,..,..,..,..,..,..,..,..,..,..,..,1.97304191729914,2.80115505180746,4.13906538686858,2.28621706801675,2.56016132330234,2.30468732978555,2.37265183669719,4.66900841902485,0.3262766522498,2.43004084102254,3.28944939564209,2.38905410042318,-0.399357676464379,-1.35498885446316,-2.09699769053113,-1.42916666666665,0.531766496174477,1.43549119531763,0.250370996758475,-0.638422797978945,2.44608867175474,8.39548297993332,3.54134188751658,1.80023018624818
Cyprus,CYP,"Mortality rate, infant (per 1,000 live births)",SP.DYN.IMRT.IN,17.9,16.2,14.6,13.2,12,11,10.4,10.1,10,9.9,9.7,9.4,9,8.5,8,7.5,7,6.6,6.2,5.8,5.4,5,4.6,4.3,3.9,3.6,3.3,3.1,2.9,2.8,2.6,2.5,2.5,2.4,2.4,2.4,2.4,2.5,2.6,2.6,2.7,2.8,2.9,..
Czechia,CZE,GDP per capita growth (annual %),NY.GDP.PCAP.KD.ZG,..,..,..,..,..,..,..,..,..,..,-11.4025060254434,-0.608213629619769,-0.0420531080889361,2.87214353749437,6.28655461872729,4.28988759442122,-0.48866001797569,-0.298733210762791,1.4819978336992,4.3027395227283,3.30462712952885,1.7094695893478,3.33040637361914,4.70446820099657,6.22798628216121,6.33483268224242,4.87504670244317,1.76470872925512,-5.33917399896316,2.41582948883936,1.56218619113156,-0.909418387644408,-0.0749629946207335,2.13762755318902,4.75262406436026,2.3840542545404,4.8945501951199,2.48698770067625,3.15874802851988,-5.53491969820153,5.93106968937249,1.24409473190281,-1.82088403792349,0.951989479641853
Czechia,CZE,General government final consumption expenditure (% of GDP),NE.CON.GOVT.ZS,..,..,..,..,..,..,..,..,..,21.7405721839044,21.3948800244071,20.4112133651643,20.7676705142328,21.0540159916866,20.0544168261703,19.3347010359913,19.9388828721216,18.8941409499079,19.757726786561,19.4170938033921,19.3811560078933,20.8524714305893,21.8439804927084,20.5929702825042,20.2989636894468,19.9326846921976,19.135597434962,19.1552133910447,20.7176267676761,20.3296245529329,19.6370766392657,19.3133426541368,19.5991807169614,19.1899663567148,18.807763768664,18.7814653223292,18.5098151426127,19.1749183174686,19.2646329881001,21.3198902324822,20.7709874590881,19.4414735473211,19.6584563317218,..
Czechia,CZE,"Unemployment, total (% of total labor force) (national estimate)",SL.UEM.TOTL.NE.ZS,..,..,..,..,..,..,..,..,..,0.7,2.27,2.6,4.349,4.284,4.082,3.852,4.674,6.455,8.702,8.764,8.128,7.28,7.777,8.298,7.927,7.141,5.316,4.392,6.662,7.281,6.712,6.979,6.953,6.108,5.048,3.952,2.893,2.246,2.015,2.55,2.803,2.224,2.579,2.603
Czechia,CZE,"Inflation, consumer prices (annual %)",FP.CPI.TOTL.ZG,..,..,..,..,..,..,..,..,..,..,..,11.086500072223,20.8130295438428,10.039429835143,8.99052361478444,8.75877472878111,8.59615666715564,10.6983655274889,2.1354484441733,3.77538829151735,4.66267556988253,1.90298097019032,0.118739205526788,2.76010781671157,1.8570978910922,2.53399258343634,2.85312437211175,6.35866380152373,1.01937735329231,1.47272727272724,1.91721913635551,3.28762306610406,1.43829787234044,0.343988589646766,0.309364548495,0.683504209385646,2.45053398460141,2.14949494949498,2.84787595918044,3.16129528497808,3.83984491500143,15.1001651468372,10.6612601372426,2.43531202435312
Czechia,CZE,"Mortality rate, infant (per 1,000 live births)",SP.DYN.IMRT.IN,13.8,13.2,12.8,12.4,12.2,11.9,11.6,11.1,10.7,10.3,9.9,9.4,8.6,7.9,7.1,6.4,5.7,5.2,4.8,4.5,4.2,4.1,3.9,3.7,3.5,3.3,3.2,3,2.8,2.7,2.6,2.6,2.5,2.5,2.6,2.6,2.6,2.5,2.4,2.4,2.3,2.2,2.1,..
Denmark,DNK,GDP per capita growth (annual %),NY.GDP.PCAP.KD.ZG,-0.712787651436997,3.96848147503196,2.72531731589652,4.39400889972002,4.11088238008001,4.59344206518372,0.335785646373267,0.224236933429594,0.636785441701889,1.49524829012768,1.1952189616914,1.68600814422976,-0.411249992824509,4.93970794392429,2.50262818967406,2.31508116508303,2.74063896703012,1.95536592147863,2.62716376228171,3.37790720232864,0.588959728591007,0.13609648331196,0.168251992521974,2.51108744805822,2.07801485327876,3.47585987311464,0.540321532272571,-1.00055940971312,-5.48158280998165,1.13266938250023,0.894526404293345,-0.380977125445526,0.970845909690212,0.765766155124069,1.38566632188861,2.27180151789635,2.39559065097636,1.35619600199787,1.34779245340653,-2.06613837683189,6.91766402041216,0.743682017534567,1.73831325885025,3.15512705744089
Denmark,DNK,General government final consumption expenditure (% of GDP),NE.CON.GOVT.ZS,27.4580674157638,27.8424096439679,27.1227917696409,25.2314619782826,24.6710934679844,23.6200757088112,24.3499141634703,24.7037247552177,24.3815411632282,23.9117243303695,24.2558242437252,24.1550076813151,25.315961252613,24.4267829399267,24.0726833081959,24.1248436883406,23.6796451863993,24.1447910911229,24.3766018767376,23.8904895144931,24.3116116711211,24.8477658486744,25.0007505768517,24.8732294572073,24.4356057323132,24.1607314049511,24.2779391801677,24.9864493189355,27.8156943528533,27.3361076692926,26.5405591973408,26.5003228378334,25.9285043343491,25.7974203785069,25.5463558237146,24.9429154800128,24.4496622577768,24.3811073900807,24.2047767614883,24.6799875258246,23.8455501887973,21.6810844158444,22.4815247693833,..
Denmark,DNK,"Unemployment, total (% of total labor force) (national estimate)",SL.UEM.TOTL.NE.ZS,9.2,10,9.745,8.867,7.797,6.033,6.091,6.486,8.149,8.338,9.099,9.027,10.719,8.036,6.992,6.844,5.4,5.039,5.141,4.476,4.164,4.274,5.398,5.204,4.83,3.897,3.801,3.683,6.409,7.746,7.769,7.798,7.384,6.925,6.278,5.989,5.833,5.131,5.018,5.644,5.065,4.434,5.094,6.151
Denmark,DNK,"Inflation, consumer prices (annual %)",FP.CPI.TOTL.ZG,11.7673874344182,10.1208256779823,6.90822881158842,6.29077936023771,4.67875145183251,3.67818411863453,4.01999345683162,4.5351330101572,4.77272342435523,2.64160306382,2.39515331724415,2.09604442933217,1.25785667953258,1.99201463809525,2.08360842382847,2.12629802275584,2.18216677907116,1.8456512200789,2.49779544404529,2.90328203236453,2.33787000255262,2.42443661219696,2.07507820646508,1.15435693124932,1.81781458291254,1.92422138464594,1.69326586220316,3.41626794258373,1.30470991024336,2.31092436974793,2.75868226051242,2.39791485664643,0.789071780078059,0.564020540449519,0.452034153691592,0.25000000000002,1.14713216957606,0.813609467455621,0.758131572511616,0.420711974110097,1.85304543989681,7.69656699889264,3.30517811237605,1.37220049768919
Denmark,DNK,"Mortality rate, infant (per 1,000 live births)",SP.DYN.IMRT.IN,8,7.9,7.9,7.9,7.9,8,8,7.9,7.7,7.3,6.9,6.5,6,5.7,5.4,5.2,5,4.8,4.8,4.7,4.6,4.5,4.4,4.2,4.1,3.9,3.8,3.7,3.6,3.5,3.5,3.5,3.5,3.5,3.5,3.5,3.4,3.4,3.3,3.2,3.2,3.1,3,..
Djibouti,DJI,GDP per capita growth (annual %),NY.GDP.PCAP.KD.ZG,..,..,..,..,..,..,..,..,..,..,..,..,..,..,..,..,..,..,..,..,..,..,..,..,..,..,..,..,..,..,..,..,..,5.28018025983934,5.45836831293627,5.33331529745931,3.73971530980459,3.10861540140996,3.91378440928256,-0.306867602824667,2.91169899255628,3.70080389886223,5.89616928454846,4.52343034726567
Djibouti,DJI,General government final consumption expenditure (% of GDP),NE.CON.GOVT.ZS,..,..,..,..,..,..,..,..,..,..,..,..,..,..,..,..,..,..,..,..,..,..,..,..,..,..,..,..,..,..,..,..,19.6559696152364,19.0422496667967,19.9111202338378,22.2299077070923,21.7735536161827,21.350138897968,19.810959232023,19.8438122308273,18.1462403988085,21.5891928401356,17.0136706951834,18.7634950406894
Djibouti,DJI,"Unemployment, total (% of total labor force) (national estimate)",SL.UEM.TOTL.NE.ZS,..,..,..,..,..,..,..,..,..,..,..,..,..,..,..,..,..,..,..,..,..,..,..,..,..,..,..,..,..,..,..,..,..,..,..,..,26.064,..,..,..,..,..,..,..
Djibouti,DJI,"Inflation, consumer prices (annual %)",FP.CPI.TOTL.ZG,..,..,..,..,..,..,..,..,..,..,..,..,..,..,..,..,..,..,..,..,..,..,..,..,..,..,..,..,..,..,5.06871394777982,3.7312095075689,2.70603242872182,1.34186494340158,-0.847389733971989,2.73841208738758,0.568112117084724,0.147970849877118,3.31925372703827,1.77740783806177,1.18191775339798,5.17980847967062,1.49506816515083,2.07655387954205
Djibouti,DJI,"Mortality rate, infant (per 1,000 live births)",SP.DYN.IMRT.IN,102.8,100.8,99,97.2,95.3,93.6,92.1,90.6,89.3,88.2,87.2,86.5,85.9,85.5,85,84.5,83.9,83.1,82,80.9,79.5,78,76.4,74.9,73.3,71.6,69.9,68.1,66.6,64.9,63.3,61.6,59.9,58.3,56.6,55.1,53.5,52,50.4,48.8,47.3,45.9,44.4,..
Dominica,DMA,GDP per capita growth (annual %),NY.GDP.PCAP.KD.ZG,10.9766257302428,4.55457723388749,3.01407635769644,4.6434766110028,1.86199208214235,7.58018788266652,6.88083722710458,8.45031747886911,0.45620630412111,6.21436795036516,1.83186379642247,1.98673992835108,2.0025064841014,-0.028870663307373,3.04272756163799,3.19184306311213,2.34930401259801,4.0369502015168,0.724195696685427,2.87648559525017,0.262504887083438,-3.19940574714551,5.5517552208191,3.91890401306556,0.790489438557572,4.29152770069501,5.29519443966164,7.11042175462228,-1.15010790521457,-0.0983573113798997,-0.238324807305119,-0.2512858516139,-0.851878257402049,1.37836503321573,-3.42415928778391,2.6190351438682,-6.04609004192379,3.45033107598908,4.3983147374291,-15.323436855213,5.96160559948913,11.0179611001056,4.14467889969342,2.52288551933697
Dominica,DMA,General government final consumption expenditure (% of GDP),NE.CON.GOVT.ZS,..,..,..,..,..,..,..,..,..,..,..,..,..,..,..,..,..,..,..,..,..,..,..,..,..,..,..,..,..,..,..,..,..,..,..,..,..,..,..,..,..,..,..,..
Dominica,DMA,"Unemployment, total (% of total labor force) (national estimate)",SL.UEM.TOTL.NE.ZS,..,..,..,..,..,..,..,..,11.33,..,9.53,..,..,..,..,..,23.18,..,15.67,..,10.96,..,..,..,..,..,..,..,..,..,..,..,..,..,..,..,..,..,..,..,..,..,..,..
Dominica,DMA,"Inflation, consumer prices (annual %)",FP.CPI.TOTL.ZG,..,..,..,..,..,..,..,..,..,..,..,..,..,..,..,..,..,..,..,..,..,0.170055330197688,1.45336800437251,2.39410982050298,1.68190079877553,2.2023913263167,3.63222129317821,6.35992183336294,0.00626357107067205,2.99936630549003,1.13123136526474,1.35677147808864,-0.0464116468806488,0.799250372687505,-0.843826984638284,0.14181622573231,0.296252889279519,0.989191119189886,1.50462353858142,1.22026442242472,2.22891330700348,2.88490226829352,5.08677483158105,2.58973869112059
Dominica,DMA,"Mortality rate, infant (per 1,000 live births)",SP.DYN.IMRT.IN,18.4,17.6,17,16.5,16,15.7,15.4,15.2,15,14.9,14.9,14.9,15,15.1,15.3,15.4,15.7,16,16.3,16.6,17,17.5,18,18.5,19,19.6,20.3,21,21.7,22.5,23.3,24.1,25,25.9,26.8,27.8,28.8,29.7,30.6,31.4,32.1,32.7,33.1,..
Dominican Republic,DOM,GDP per capita growth (annual %),NY.GDP.PCAP.KD.ZG,1.80250555730879,-0.648782133718242,2.24282496835141,-1.02994061516465,-4.27424270185108,1.30378450277615,7.79925636612437,0.0218847754761811,2.21539132123172,-7.42253842418627,-1.11194103186752,9.03255738016968,5.28712763371406,0.644106083307577,3.73796115811189,4.05142622944865,7.01862158352682,4.95595590327112,4.25234098357188,2.96955695961634,0.870183146599885,2.9290209406912,-2.75964568450404,1.18538383413113,8.00660714348427,7.81376318948548,6.11794398001162,2.00088270726057,-0.268926599782176,7.02231182986095,1.89038252427819,1.50210074555162,3.66423400861591,5.84760695663518,5.76452490966611,5.54040978660888,2.80931921775627,5.95314205477773,3.81572682273033,-8.88467221699831,12.8319080410071,4.2328919676722,1.28564825764879,4.06734260475076
Dominican Republic,DOM,General government final consumption expenditure (% of GDP),NE.CON.GOVT.ZS,9.16509065901366,9.42738950576965,8.52764462182504,7.51038468173193,7.0826274694621,7.29611320139252,4.00787194915103,3.54233299340954,2.9319371122591,2.92604455481045,3.21565251894247,3.84325117975448,4.48306780199719,4.89772671474673,4.83759418858443,5.18260695477951,7.07105161955105,7.32181826197706,7.8840553416465,8.72035116834374,9.5302089730322,9.97161491189806,8.63688299618643,7.58809384193007,8.08939077915312,8.78702467164024,9.17706784303049,10.0631379411072,10.7138463201271,9.93802246934321,9.33525688896479,9.90571903286609,10.4695035935792,10.4971698369669,10.3174583695894,10.3233829732791,10.667738860033,10.1454233339167,10.4392552012067,12.0062907437446,10.4769394644063,10.9578295683435,11.2787393309517,11.5071407726274
Dominican Republic,DOM,"Unemployment, total (% of total labor force) (national estimate)",SL.UEM.TOTL.NE.ZS,..,..,..,..,..,..,..,..,..,..,..,..,..,..,..,..,..,..,..,6.432,7.262,6.779,6.938,6.303,6.587,5.654,5.158,4.764,5.467,5.212,6.087,6.722,7.351,6.719,7.605,7.284,5.832,5.861,6.356,6.126,7.702,5.504,5.555,5.314
Dominican Republic,DOM,"Inflation, consumer prices (annual %)",FP.CPI.TOTL.ZG,..,..,..,..,..,..,..,..,..,..,..,..,..,..,..,..,..,..,..,7.72413566181617,8.8830684881296,5.22336769759448,27.4497127394395,51.4608598338065,4.19020260472057,7.57280523853073,6.14356655248047,10.6446210953712,1.44215131834354,6.32993220146146,5.79676809206531,3.69449707884777,4.83095096740803,2.9986422612522,0.836746346724547,1.6141660724522,3.27955694678547,3.5644342601351,1.8106037704296,3.78103179915515,8.2430034798181,8.81109209279586,4.78561281021137,3.30223338951224
Dominican Republic,DOM,"Mortality rate, infant (per 1,000 live births)",SP.DYN.IMRT.IN,64.2,62.1,60.2,58.4,56.6,54.9,53.1,51.4,49.7,48,46.3,44.5,42.8,41.1,39.5,38,36.7,35.5,34.5,33.6,32.9,32.3,31.8,31.5,31.2,31,30.9,30.8,30.7,30.7,30.8,30.8,30.9,31,31.2,31.3,31.3,31.2,30.9,30.4,29.8,29.1,28.4,..
Ecuador,ECU,GDP per capita growth (annual %),NY.GDP.PCAP.KD.ZG,2.82948762101213,-2.00691549275766,-2.91985970406022,-0.0251234212967688,1.29651813173118,0.919413934576909,-2.63848968143327,3.44155915017861,-1.27279227457497,1.38509528648214,2.06266435124181,-0.0134164931923948,-0.0759415801517349,2.26037167910633,0.326536599281397,-0.166942955094115,2.41860087252594,1.4116455525819,-6.41692756074212,-0.648225387551591,2.41820763888565,3.10935393746668,1.08541692667872,4.9766254911447,3.59103374682795,2.56360111087805,0.176823126136227,4.76318326284088,-0.618743696364604,2.2990259381485,6.71524931054121,4.11233799510666,5.61780573490684,2.74412306472649,-1.30274985042635,-2.12550882201938,4.36195467405905,-0.674558960176682,-1.51253154807527,-10.3108339169142,8.57789544186942,5.0282959697896,1.10230591349449,-2.84096326274179
Ecuador,ECU,General government final consumption expenditure (% of GDP),NE.CON.GOVT.ZS,15.8728599847562,17.3340009939609,15.3875223901456,16.1990825114964,14.7619893828051,15.6142860138724,15.2809072436712,16.2754500932496,13.6809114264663,12.3019782138532,11.3385886406281,9.93883890969136,10.6039500354161,10.9567918572233,11.2136981674703,10.8754339888743,11.2693127590151,11.0929970945984,11.7675327023318,9.52692379105551,9.79192984147787,10.2548968649855,11.0932566640599,11.2444976831475,11.0374603802606,10.8776036608888,11.1822498970636,12.0058038479189,14.3981565314825,13.6565759414611,13.0638269394594,13.7469463742699,14.2480971433732,14.7396467646102,15.3738143732739,15.6897053000134,15.2975347755569,15.5567599876593,15.184077301137,16.3225877996763,14.4433893877456,13.5357543693328,13.5836201122079,13.2902251212758
Ecuador,ECU,"Unemployment, total (% of total labor force) (national estimate)",SL.UEM.TOTL.NE.ZS,..,..,..,..,..,..,7.24,6.99,7.71,5.88,8.19,8.56,7.95,6.68,6.7,10.38,9.17,11.49,13.96,4.8,4.252,..,5.662,5.002,3.779,3.55,3.142,3.917,4.608,4.088,3.458,3.235,3.083,3.48,3.616,4.597,3.836,3.53,3.812,6.116,4.504,3.713,3.51,3.453
Ecuador,ECU,"Inflation, consumer prices (annual %)",FP.CPI.TOTL.ZG,14.0479686718868,16.2844880461284,48.4182220804492,31.2195815120372,27.9936107429224,23.0302261142618,29.5039972488395,58.2162865413938,75.6481901026386,48.5191129963729,48.718080675219,54.6078215093597,44.9550537592163,27.3108817940496,22.9341344145802,24.4114592150674,30.6575675722173,36.0984331623885,52.2420051858225,96.0963756926097,37.6767454518094,12.4835980082095,7.92936487461556,2.74323198926705,2.16827701183721,3.29874846258216,2.27618478002121,8.40009593987462,5.15996829181047,3.55437734567847,4.47453265795836,5.10172180958668,2.72177577710365,3.58922016616669,3.96664623255353,1.72826463324535,0.41733558866682,-0.224103246005501,0.266012515466146,-0.338872392562181,0.133251386096379,3.46616972213076,2.21568764237062,1.54732515615369
Ecuador,ECU,"Mortality rate, infant (per 1,000 live births)",SP.DYN.IMRT.IN,66.9,63.6,60.3,57.1,54.1,51.4,49,46.7,44.6,42.6,40.6,38.7,36.8,34.8,32.7,30.7,28.8,27.1,25.5,24.1,23,21.9,21.1,20.3,19.5,18.8,18.1,17.4,16.7,16,15.3,14.6,14,13.4,12.9,12.5,12.2,11.9,11.7,11.5,11.3,11.2,11.1,..
"Egypt, Arab Rep.",EGY,GDP per capita growth (annual %),NY.GDP.PCAP.KD.ZG,4.50284337961513,6.92219589567003,2.06209605252883,6.490132739744,2.68952214719384,1.7925166270004,0.992647870187866,2.56957149459862,2.10322476608667,2.61630325467065,-1.62451619436897,2.00607720448467,0.55376389998851,1.75753283456244,2.46357101461021,2.83434543777562,3.32846450125051,3.29389108583953,3.71403670912393,4.09609057659976,1.35955211640928,0.258696268364815,1.05358246778609,1.96524683873078,2.38032461797421,4.77751297935043,5.0854672784842,5.17381069878276,2.7155259206418,3.14977851168294,-0.354646267702748,-0.0429670178954922,-0.14323388107762,0.599558564006458,2.20415858015615,2.24497375649698,2.12015477172733,3.35166753247044,3.71584088573542,1.88111975917718,1.76220484283698,5.01555864991792,2.02315842412948,0.639636335125445
"Egypt, Arab Rep.",EGY,General government final consumption expenditure (% of GDP),NE.CON.GOVT.ZS,17.3393078439871,15.9605450659067,15.7894736842105,15.506329113924,15.2815013404826,14.7392290249433,14.368932038835,13.9610397727273,12.5974022077922,11.3778705636743,11.1111111111111,10.4241552839684,10.3092783505155,10.2857142857143,10.5392156862745,10.3748910200523,11.320045129748,11.3082811412665,11.6059817945384,11.2025874742723,11.318650683022,12.5890736342043,12.6706586826347,12.7549969091284,12.7390900649954,12.2875182127246,11.3319011815252,10.8877721943049,11.3509882939935,11.163600198906,11.4506600539713,11.1781214545889,11.3523973339067,11.849765258216,11.7598919759401,11.4268841809995,9.57903662572827,7.94222279370794,7.2855611150822,7.5399018301206,7.55804355330102,7.26809053235575,6.78850660732221,6.27031988169153
"Egypt, Arab Rep.",EGY,"Unemployment, total (% of total labor force) (national estimate)",SL.UEM.TOTL.NE.ZS,4.97,5.21,6.47,5.89,..,..,..,..,7.06,8.43,9.38,8.92,10.92,10.93,11.04,9,8.37,8.03,7.95,8.98,9.26,10.01,10.91,10.32,11.049,10.49,8.8,8.517,9.087,8.757,11.849,12.597,13.154,13.105,13.052,12.45,11.767,9.855,7.851,7.974,7.441,7.344,6.753,..
"Egypt, Arab Rep.",EGY,"Inflation, consumer prices (annual %)",FP.CPI.TOTL.ZG,..,..,..,..,..,..,..,..,..,..,..,..,..,..,..,..,..,..,..,..,..,..,..,..,..,..,..,..,..,..,10.0649259874818,7.11172943343081,9.46971981064917,10.0702154687481,10.370490343517,13.813606214829,29.5066083940039,14.4014657807422,9.15279959324804,5.04493288977539,5.21404940513041,13.8956609775178,33.8847763115546,28.2705899322083
"Egypt, Arab Rep.",EGY,"Mortality rate, infant (per 1,000 live births)",SP.DYN.IMRT.IN,113.2,107.7,101.7,95.3,89,83.1,78.1,73.8,70.3,67.3,64.5,61.8,59,56,52.9,49.9,47,44.3,41.8,39.6,37.5,35.7,34,32.6,31.2,30,28.8,27.7,26.7,25.6,24.6,23.7,22.8,22,21.2,20.5,19.8,19.1,18.4,17.8,17.2,16.7,16.1,..
El Salvador,SLV,GDP per capita growth (annual %),NY.GDP.PCAP.KD.ZG,-6.34428486688417,-7.35997019822435,-0.292072197122607,-0.579001391831696,-1.37348572944155,-1.77325101840664,0.50182407492801,-0.149099217112905,-1.0012323906666,2.87694943624557,-0.267045668925647,5.28734272506964,4.4283085085419,3.69954329248556,3.86158381842201,0.0620554724499129,2.44459286819176,2.02033395877885,1.58990630941676,0.626535379070958,0.462204790046101,1.25783126943534,1.36275661190544,0.787383831431995,2.66532259162382,4.39364908718933,1.72041607620905,1.82447186659891,-2.41599153160278,1.81801613607789,3.40079170641816,2.48637921457058,1.76908303690966,1.33132680650547,2.05686593954016,2.25589267443243,2.0380895055328,2.30913946286621,2.39613321946494,-8.07562588564387,11.5271594106656,2.55237486650837,3.05826987824165,2.13954811058277
El Salvador,SLV,General government final consumption expenditure (% of GDP),NE.CON.GOVT.ZS,15.8291623513812,15.778233696972,15.8294479515124,16.0361979957088,15.4905211036635,14.1810965517812,13.745705014328,12.7316725061338,12.1941341726699,9.88078042377644,10.1763833980054,9.82984086436313,9.26497093859631,9.26564813011044,9.77007249908487,10.9275816752271,10.883207860637,11.8270781858379,12.5114219469937,13.0857417139691,13.8066587499504,14.0156943156484,13.8076841187215,13.7705773417978,13.9948292284665,14.3343485486463,14.3442032712684,14.7107143035844,16.1016997299112,15.7115815766764,15.7558896813119,15.7574411476586,16.3058820533528,15.9541672881589,16.497441787438,16.3164393340948,16.1331092000982,16.1096582163919,16.0320209633966,19.6968523573714,19.3467717333594,18.8109426635356,19.0636599462278,19.1719147992815
El Salvador,SLV,"Unemployment, total (% of total labor force) (national estimate)",SL.UEM.TOTL.NE.ZS,..,..,..,..,16.95,8.63,..,9.37,8.35,9.96,7.53,7.88,9.94,7.68,7.65,7.68,7.98,7.1,7.3,6.96,6.96,6.2,6.9,6.8,7.22,6.57,6.41,5.88,7.33,4.893,4.297,3.843,3.693,4.154,3.998,4.418,4.385,4.006,4.17,5.008,4.327,2.999,2.992,..
El Salvador,SLV,"Inflation, consumer prices (annual %)",FP.CPI.TOTL.ZG,..,..,..,..,..,..,..,..,..,..,..,..,..,..,..,..,..,..,..,..,..,..,..,..,..,..,..,..,..,1.17933576873673,5.12892376681615,1.72973481581379,0.757669184522923,1.14134467538236,-0.731384487387936,0.604049086996647,1.01235403315575,1.09033000581892,0.0753241350024998,-0.37159021232411,3.46692585313084,7.19861615609861,4.04554694222478,0.853782292567271
El Salvador,SLV,"Mortality rate, infant (per 1,000 live births)",SP.DYN.IMRT.IN,76.6,72.8,69,65.3,61.7,58.3,55.2,52.3,49.6,47.1,44.7,42.4,40.1,37.9,35.7,33.6,31.6,29.8,28.1,26.5,25,23.7,22.4,21.2,20.1,19,18.1,17.2,16.4,15.6,14.9,14.3,13.6,13.1,12.5,12,11.5,11.1,10.6,10.2,9.8,9.5,9.2,..
Equatorial Guinea,GNQ,GDP per capita growth (annual %),NY.GDP.PCAP.KD.ZG,0.674385038428667,-3.813396497729,-1.47925250730012,-4.93416067286991,6.8585331073261,-6.95933815288996,0.0385112236216827,-1.34423283943052,-4.93885696360292,-5.37648309315803,-4.63031817511198,29.8508862868735,6.99994947988674,12.4030083731601,13.1414865232391,60.3410922687992,140.490577857747,19.0314989040498,20.8161079369241,12.1516339606444,53.2356880825419,12.258597420866,7.24786542705019,30.0162976688723,10.9012034435108,3.03105558195507,10.1968975693747,12.5326733451216,-3.22046029526918,-13.0151718370352,1.99905762799257,3.98800386782088,-7.8885603944365,-3.43058595312914,-12.4917142663428,-12.0971098998986,-8.94053555047577,-9.37041905185943,-8.52391282041842,-7.35874657366674,-1.56652040015599,0.661786258781987,-7.34984419720533,-1.49035168546814
Equatorial Guinea,GNQ,General government final consumption expenditure (% of GDP),NE.CON.GOVT.ZS,..,..,..,..,..,..,..,..,..,..,..,..,..,..,..,..,..,..,..,..,..,..,..,..,2.73606492929659,7.27224843605012,7.65840687393555,6.65361692254515,11.1343576497984,11.6862333911814,11.7810521849986,11.5818444162295,15.4580393322424,15.9663871801715,21.921512888337,25.3273260838461,23.6949369917015,23.5278374099566,25.4606719871873,28.4349315814674,25.4888078033074,22.1620665334551,26.2033825636043,28.3431933262709
Equatorial Guinea,GNQ,"Unemployment, total (% of total labor force) (national estimate)",SL.UEM.TOTL.NE.ZS,..,..,25,..,..,..,..,..,..,..,..,..,..,..,..,..,..,..,..,..,..,..,..,..,..,..,..,..,..,..,..,..,..,..,..,..,..,..,..,..,..,..,..,..
Equatorial Guinea,GNQ,"Inflation, consumer prices (annual %)",FP.CPI.TOTL.ZG,..,..,..,..,..,..,..,..,..,..,..,..,..,..,..,..,..,..,..,..,..,..,..,..,..,..,..,..,..,..,4.80538922155698,3.65662048278811,2.94887694639661,4.30999866149104,1.67663085315991,1.4119391547901,0.744354746612477,1.06007410662165,1.53027528964192,4.76669523944226,-0.0971007664640153,4.78671704710806,2.85949506037317,2.92140227309108
Equatorial Guinea,GNQ,"Mortality rate, infant (per 1,000 live births)",SP.DYN.IMRT.IN,..,129.1,127,124.8,122.9,121.3,120.3,119.5,119,118.5,118.1,117.7,117.2,116.7,115.9,114.8,113.5,111.6,109.2,106.5,103.4,100.4,97.2,93.9,90.6,87.3,84.1,80.8,77.9,75.1,72.4,69.9,67.6,65.5,63.4,61.3,59.4,57.7,56.1,54.3,52.6,50.9,49.1,..
Eritrea,ERI,GDP per capita growth (annual %),NY.GDP.PCAP.KD.ZG,..,..,..,..,..,..,..,..,..,..,..,..,9.95466994106025,17.5536356070169,-2.79691785991288,3.96150472866739,6.72181364621743,0.452407592557293,-1.44917603320451,-4.61837133772084,5.69571154371637,-0.47685782309577,-6.59492016605172,-2.6238903510386,0.14882340502966,-2.51821345546691,-0.04176960463559,-12.1248431632963,1.3025781558331,0.205918877679608,6.74798297853228,..,..,..,..,..,..,..,..,..,..,..,..,..
Eritrea,ERI,General government final consumption expenditure (% of GDP),NE.CON.GOVT.ZS,..,..,..,..,..,..,..,..,..,..,..,21.7679608542553,31.173873947519,30.1722032242306,43.9137134052388,38.7333847479926,29.9231587849458,52.3324361222187,62.1334122674263,54.7967675739453,42.6496702897897,39.6566674494096,46.6010876716847,36.6109537793928,35.2340523764362,25.9198801238168,25.6346449489988,26.3608426886223,20.1117340589011,31.8062662651194,26.6169943369009,..,..,..,..,..,..,..,..,..,..,..,..,..
Eritrea,ERI,"Unemployment, total (% of total labor force) (national estimate)",SL.UEM.TOTL.NE.ZS,..,..,..,..,..,..,..,..,..,..,..,..,..,..,..,..,..,..,..,..,..,..,..,..,..,..,..,..,..,..,..,..,..,..,..,..,..,..,..,..,..,..,..,..
Eritrea,ERI,"Inflation, consumer prices (annual %)",FP.CPI.TOTL.ZG,..,..,..,..,..,..,..,..,..,..,..,..,..,..,..,..,..,..,..,..,..,..,..,..,..,..,..,..,..,..,..,..,..,..,..,..,..,..,..,..,..,..,..,..
Eritrea,ERI,"Mortality rate, infant (per 1,000 live births)",SP.DYN.IMRT.IN,91.7,91,143.5,141.4,136.5,134.3,86.5,84.7,82.7,80.3,77.4,74.2,70.8,67.2,63.7,60.5,57.6,55,60.2,50.8,49,47.5,46,44.6,43.3,42.1,40.9,39.8,38.6,37.5,36.5,35.5,34.4,33.4,32.4,31.4,30.6,29.6,28.7,27.9,27.2,26.4,25.5,..
Estonia,EST,GDP per capita growth (annual %),NY.GDP.PCAP.KD.ZG,..,..,..,..,..,..,..,..,..,..,-7.53669445893802,-19.7174331457865,-3.2824497129791,0.483692726110803,6.40966000708616,6.50278220805234,14.3472160464527,5.34690225116847,-0.717824690967987,9.55642258870186,6.55731967784041,7.61250041092767,8.27372395680648,7.44108988454812,10.1516023275001,10.4117043601584,8.06276601408268,-4.87057915292706,-14.4654981470721,2.68366165094633,7.93414724975237,4.04377186018716,2.1192820000981,3.59411590769302,1.77141701957223,3.06301090349199,5.50685731354206,3.33940936378892,3.3419636171697,-3.07548007766944,7.04092648533006,-1.26803111695693,-4.54080066576324,-0.384590772471043
Estonia,EST,General government final consumption expenditure (% of GDP),NE.CON.GOVT.ZS,..,..,..,..,..,..,..,..,..,..,..,..,20.589993492235,23.2656162159609,24.5714517349853,22.6162441541643,20.4062670429621,20.6976037907385,21.9265522595976,19.5619806388734,18.6429936241419,18.1712736950047,17.8422111254822,17.3707687385367,16.8521596602407,15.8323866569136,15.8991591535824,18.436466577074,20.5332841041619,19.5616522470917,18.2949896179378,18.0242576821827,18.3991728743446,18.4390132763221,19.2232645126562,19.3323940974428,18.8749816531166,18.7628505913655,19.0819330513563,20.5086892203171,19.8156868080864,19.2913086684738,20.6435975574069,..
Estonia,EST,"Unemployment, total (% of total labor force) (national estimate)",SL.UEM.TOTL.NE.ZS,..,..,..,..,..,..,..,..,0.56,0.637,1.468,3.681,6.544,7.561,9.659,9.915,10.369,9.51,11.573,13.36,13.134,10.026,11.288,10.248,8.033,5.915,4.592,5.455,13.548,16.707,12.328,10.021,8.631,7.352,6.412,6.882,5.807,5.412,4.514,6.956,6.178,5.571,6.378,7.499
Estonia,EST,"Inflation, consumer prices (annual %)",FP.CPI.TOTL.ZG,..,..,..,..,..,..,..,..,..,..,..,..,..,..,..,..,..,..,3.2961108971891,4.01848952508763,5.74827981651373,3.57191270164026,1.33499116549956,3.04811107523415,4.0797142319985,4.43762042389212,6.60132603055638,10.3623580313683,-0.0784083112809762,2.97204512015694,4.98190131453606,3.93339987296984,2.78056658954994,-0.106175146521685,-0.492326006547392,0.148684907627365,3.41723549488055,3.43632688420446,2.27725931243518,-0.444531097679813,4.65316673847475,19.3982634080616,9.15922507983982,3.52056053296582
Estonia,EST,"Mortality rate, infant (per 1,000 live births)",SP.DYN.IMRT.IN,17,16.4,15.9,15.4,15,14.7,14.5,14.3,14.2,14,13.9,13.7,13.5,13,12.5,11.8,11.1,10.3,9.5,8.8,8.1,7.4,6.8,6.2,5.6,5.1,4.7,4.3,3.9,3.6,3.3,3,2.8,2.6,2.5,2.3,2.2,2,1.9,1.8,1.8,1.7,1.6,..
Eswatini,SWZ,GDP per capita growth (annual %),NY.GDP.PCAP.KD.ZG,10.8937107950984,-2.13462947065983,-2.06965855785538,2.75819408945883,0.0573666967943325,7.90427711581094,10.2434100292501,1.7747005919102,7.78953833281126,16.2146112334514,-2.24655686710582,-0.628243223697382,0.144296675318145,2.41186741866038,4.90979851576942,1.80600294440067,1.38270957612821,1.29408466024987,1.8393498509695,0.721284048018873,0.12696384610247,3.55476544147677,3.17329854829225,3.00023497918491,5.42281896170888,5.4630056108761,3.83511662220187,0.143515394199895,0.916041531505044,3.18713606361428,1.68167589009241,4.83113329998926,3.29806045225357,0.87270147026986,1.4652656940759,4.06628007387495,0.695732344818197,-0.664046640589206,5.09910496037746,-3.90980700414853,2.2464799940044,0.0972094593634267,2.47023027164144,1.62356546179852
Eswatini,SWZ,General government final consumption expenditure (% of GDP),NE.CON.GOVT.ZS,..,..,..,..,..,..,..,..,..,..,..,..,..,..,..,..,..,..,..,..,..,..,..,..,..,..,..,..,..,..,..,..,18.8464783708788,19.7338730434494,22.7181370516426,24.588105940075,24.5321765504624,23.7012140197522,21.7274710754456,25.3208576586241,21.7904289797425,19.5443021164766,19.5448464737621,..
Eswatini,SWZ,"Unemployment, total (% of total labor force) (national estimate)",SL.UEM.TOTL.NE.ZS,..,..,..,..,..,..,..,..,..,..,..,..,..,..,21.65,..,22.5,..,..,..,..,..,..,..,..,..,28.24,..,..,..,..,..,..,..,..,22.718,..,..,..,..,34.153,..,34.61,..
Eswatini,SWZ,"Inflation, consumer prices (annual %)",FP.CPI.TOTL.ZG,..,..,..,..,..,..,..,..,..,..,..,..,..,..,..,..,..,..,..,..,..,..,..,..,..,..,8.0760882786158,12.6574601863917,7.44823423445757,4.50923691774372,6.10742714590245,8.9396468278821,5.6213062346895,5.68134885776449,4.95124493704916,7.84727459085682,6.22137528933116,4.81506167461506,2.59801620311074,..,..,..,..,..
Eswatini,SWZ,"Mortality rate, infant (per 1,000 live births)",SP.DYN.IMRT.IN,80.9,77.5,80.1,70.6,67.4,64.5,61.8,59.5,57.8,56.6,56.3,57,58.6,60.5,62.6,65.4,67.7,69.7,71.5,73,74.3,75.2,75.9,75.7,74.7,65.6,66.3,68.5,65.5,62,57.8,58,57.4,57.9,54.9,52,51.5,48.5,48.2,47.1,45.8,44.6,43.5,..
Ethiopia,ETH,GDP per capita growth (annual %),NY.GDP.PCAP.KD.ZG,1.79300842573353,-2.92602346701005,5.25379811066873,-5.34331479454821,-13.6118695750355,6.4669208610524,10.0451187324464,-3.34518199788337,-4.11569691071389,-1.00646889295157,-11.073793013185,-12.4354815219746,9.23479853421736,-0.340437449778435,2.57532695955935,8.77685691388601,-0.119280616504724,-6.44288564669758,1.92717241533667,2.86806618742254,5.06530432248078,-1.52885894052494,-5.07288652330745,10.2218151050029,8.55089862654785,7.62653694769971,8.23770707847243,7.62786742706325,5.75638559712183,9.40434487750386,8.06141676115676,5.64374376775028,7.61661454527255,7.33861859185406,7.46807676647016,6.50991456114522,6.61862070026751,3.97407545942133,5.48664148021712,3.22311599492807,2.85565763078523,2.59539967644373,3.85475025230436,4.57966778910016
Ethiopia,ETH,General government final consumption expenditure (% of GDP),NE.CON.GOVT.ZS,..,..,..,..,..,..,..,..,..,..,..,..,..,..,..,..,..,..,..,..,..,..,..,..,..,..,..,..,..,..,10.3182460672537,8.30218871752089,8.9554736783348,9.24959184376664,9.01378857603043,11.0526402184145,15.4931325929715,10.2500179989793,9.20441362859999,9.12947509940408,8.83582491858562,7.36173479559612,6.31777188442684,5.53090847425986
Ethiopia,ETH,"Unemployment, total (% of total labor force) (national estimate)",SL.UEM.TOTL.NE.ZS,..,..,..,1.2,..,..,..,..,..,..,..,..,..,3.1,..,..,..,..,3.714,..,..,..,..,..,2.497,..,..,..,..,..,..,..,2.251,..,..,..,..,..,..,..,3.935,..,..,..
Ethiopia,ETH,"Inflation, consumer prices (annual %)",FP.CPI.TOTL.ZG,..,..,..,..,..,..,..,..,..,..,..,..,..,..,..,..,..,..,..,..,..,0.675089102170791,13.6740452028272,3.32737047894846,9.96997123512892,12.2994763114825,17.2404008340898,44.3566858766952,8.48364404530282,8.14926402965083,33.2499598823345,23.600417677317,7.46402192944522,6.89001951597188,9.56889955968623,6.62813337230927,10.6871150284238,13.8330356586661,15.8096321719344,20.3563468559061,26.8395221557722,33.8898797100898,30.2188278135278,21.0377460577711
Ethiopia,ETH,"Mortality rate, infant (per 1,000 live births)",SP.DYN.IMRT.IN,145.4,144,193.4,190.5,184.2,180.7,133.7,131.5,129.2,126.7,123.9,120.8,117.4,113.8,110,106.2,102.5,99,95.6,92.2,88.7,85.1,81.6,77.9,74.4,70.9,67.7,64.7,61.9,59.3,56.8,54.5,52.2,50.1,48,46,44.2,42.5,41,39.6,38.3,37,35.7,..
Faroe Islands,FRO,GDP per capita growth (annual %),NY.GDP.PCAP.KD.ZG,..,..,..,..,..,..,..,..,..,..,..,..,..,..,..,..,..,..,..,..,..,..,..,..,..,..,..,..,-5.0306197804414,-0.105466831279102,3.80958187983906,7.64027356784398,5.95487801988345,5.03591158487879,-0.0185248219198115,0.232465867333502,2.03503874879401,1.11936120181572,2.92985288714129,-3.08561979729791,4.04368731884917,2.3615971383913,1.52514625646762,..
Faroe Islands,FRO,General government final consumption expenditure (% of GDP),NE.CON.GOVT.ZS,..,..,..,..,..,..,..,..,..,..,..,..,..,..,..,..,..,25.1664933064963,25.8967840345748,25.6272027453163,25.5232118632659,26.6229573337307,28.9439374185137,29.3945728331978,30.2729081777694,27.6729979081067,28.2472963739604,31.3856479986135,33.4774025298768,32.8826767930945,32.5959294114149,31.7514847611935,30.400105900652,28.8624746251865,28.2577813709072,27.6578555512139,27.5661940336433,28.4050499632477,27.6094430648189,29.5556583367204,28.8268815944237,27.335221982289,27.3225038353956,..
Faroe Islands,FRO,"Unemployment, total (% of total labor force) (national estimate)",SL.UEM.TOTL.NE.ZS,..,..,..,..,..,..,..,..,..,..,..,..,..,..,..,..,..,..,..,4.17,4,..,3.85,3.7,..,..,..,..,..,..,..,..,..,..,..,..,..,..,..,..,..,..,..,..
Faroe Islands,FRO,"Inflation, consumer prices (annual %)",FP.CPI.TOTL.ZG,..,..,..,..,..,..,..,..,..,..,..,..,..,..,..,..,..,..,..,..,..,..,..,..,..,..,..,..,..,..,..,..,..,..,..,..,..,..,..,..,..,..,..,..
Faroe Islands,FRO,"Mortality rate, infant (per 1,000 live births)",SP.DYN.IMRT.IN,..,..,..,..,..,..,..,..,..,..,..,..,..,..,..,..,..,..,..,..,..,..,..,..,..,..,..,..,..,..,..,..,..,..,..,..,..,..,..,..,..,..,..,..
Fiji,FJI,GDP per capita growth (annual %),NY.GDP.PCAP.KD.ZG,3.82388831918729,-8.20443486404298,-6.24627958622001,5.8038901606819,-6.85988398988817,5.48430709502557,-8.01279609457389,-0.129653527725281,6.36974338132231,4.84299288693254,-3.4912270093665,5.33128466821873,1.48096957497479,4.51788199442069,1.98990209455485,4.14248160105231,-3.20552921674981,0.0533665427538494,7.54827842644328,-2.76154290467851,0.95706444404766,2.18333270830782,0.0396502284114604,4.32692435902955,-0.214469573875604,0.938932759583949,-1.67524974022307,0.410201583535269,-1.80343336104431,2.59506233236995,2.41603525489209,1.1975002198084,4.5703208231707,5.46161024115986,4.38823265794935,2.38011625327262,5.40003492628232,3.99107263181901,-0.334080464484003,-17.0444703649384,-5.06241064085296,19.4395068591977,6.97477019605574,3.31040390085735
Fiji,FJI,General government final consumption expenditure (% of GDP),NE.CON.GOVT.ZS,16.3894886363636,18.3004311119095,20.2756942500705,19.1996393005567,19.173807353388,17.2785113224328,17.4105924105924,16.5910808767952,17.3227861702728,17.495505050505,17.5004407443683,18.0074678707885,18.4949058473736,16.3542329130972,16.111083041611,15.8710498125335,16.8180010604454,17.4333992997412,15.9329855011667,17.296979536993,17.5013290802764,16.9560011972463,16.7660276987985,15.7443907012422,15.9376587301587,18.5725069005013,17.1785628940644,15.6259271088892,16.9148978730373,14.9772142235141,17.3220259537126,18.7285126575544,18.9384731816098,19.9996227786868,20.1527985284384,18.9410516523449,19.2805271737474,20.3918841432764,21.2424351681549,23.6332496837225,23.6071786886556,20.5088759541575,20.8034284512151,..
Fiji,FJI,"Unemployment, total (% of total labor force) (national estimate)",SL.UEM.TOTL.NE.ZS,..,6.06,..,..,..,..,..,..,..,..,5.93,5.35,5.88,5.7,5.4,5.78,..,..,..,..,..,..,8.22,4.7,3.886,..,8.75,8.94,8.72,8.91,4.406,9,..,6.17,..,4.319,..,..,..,..,..,..,..,5.361
Fiji,FJI,"Inflation, consumer prices (annual %)",FP.CPI.TOTL.ZG,..,..,..,..,..,..,..,..,..,..,..,..,..,..,..,..,..,..,..,..,..,..,..,..,..,..,..,..,3.13103559015965,3.68901229670766,7.27811782708494,3.42337523401979,2.91354193604001,0.519306474579164,1.37488542621438,3.86322538221276,3.34757834757835,4.0814763764453,1.77310182460277,-2.59524325887374,0.155855722131513,4.52019266394958,2.14817440623892,4.51138256524156
Fiji,FJI,"Mortality rate, infant (per 1,000 live births)",SP.DYN.IMRT.IN,32.1,30.4,28.9,27.5,26.3,25.1,24.1,23.2,22.2,21.4,20.5,19.8,19.1,18.5,18,17.5,17.2,16.9,16.7,16.6,16.6,16.7,16.8,17.1,17.3,17.4,17.5,17.4,17.1,16.8,16.4,16.1,15.9,16,16.3,17,18,19.2,20.6,21.9,22.9,23.5,23.8,..
Finland,FIN,GDP per capita growth (annual %),NY.GDP.PCAP.KD.ZG,0.858289195872345,2.51075017566549,2.49118633716598,2.67642028755743,3.10912028736855,2.42189739820009,3.2677223490077,4.92566165562631,4.70524079224481,0.246189467799468,-6.39324877557392,-3.85315295201346,-1.25873640874413,3.51720000799041,3.83730925871322,3.32316149378687,6.0817680309835,5.17468891307571,4.14725721747845,5.53441379935349,2.40682902219235,1.44115409187744,1.76883520334854,3.70383750334673,2.42615653951086,3.62113497225309,4.86572137220107,0.316320525705208,-8.51460466433139,2.69737665062684,1.91685338301681,-1.99029082999297,-1.43490157636175,-0.888801631577977,0.136127693741741,2.27754373131673,3.06123169296772,1.05884315705418,1.23812097519217,-2.63099855258851,2.46373050011893,0.489394588644501,-1.44013824514437,-1.09831236418158
Finland,FIN,General government final consumption expenditure (% of GDP),NE.CON.GOVT.ZS,18.3468642442395,18.4637315386053,18.7950393832747,18.9532577373601,19.7114641477029,19.9358606165039,20.3208556149733,19.6117795825783,19.4198611952117,20.8686953080339,23.9101170135653,24.2693369188309,23.3278822567457,22.4212872051718,21.9158185548581,22.1824529060474,21.3201040049113,20.5819099733457,20.2643275959902,19.7454284164064,19.9276690200743,20.6339261654541,21.1015463305957,21.1867129475057,21.4142567378815,21.3252266271744,20.7683137405845,21.5662048977365,24.0691116185655,23.6857350901157,23.4018871265589,24.1763067801854,24.6357440158823,24.6314153166064,24.5228172337672,23.868772512134,22.9490979324095,23.0551303335418,23.318575537276,24.4205476612504,24.7953884002508,24.1490221128375,25.6259577244833,..
Finland,FIN,"Unemployment, total (% of total labor force) (national estimate)",SL.UEM.TOTL.NE.ZS,5.04,5.28,5.43,5.12,5,5.32,5.07,4.47,3.14,3.069,6.503,11.595,16.201,16.426,17.005,15.572,14.967,13.214,11.693,11.134,10.29,10.423,10.469,10.358,9.602,8.935,6.854,6.369,8.249,8.394,7.781,7.689,8.193,8.663,9.376,8.818,8.64,7.361,6.695,7.759,7.617,6.719,7.149,8.336
Finland,FIN,"Inflation, consumer prices (annual %)",FP.CPI.TOTL.ZG,11.3057566509548,9.58492764677447,8.3662926064564,7.06765638328173,5.19562195429435,2.93357920442327,4.11302886205058,5.0859286139488,6.59290980189131,6.14956531179849,4.31021289843465,2.91932319285012,2.19065319556436,1.08855677589404,0.791239406938499,0.629194238120968,1.1925588342584,1.39947378579841,1.16223155669444,3.04210080667795,2.57844080098896,1.5712201278938,0.877440386254785,0.187120559084422,0.623874450025191,1.56666380704386,2.51066565240339,4.0659535535838,-9.17360392333758E-07,1.18413523154647,3.4168075425521,2.80833622561575,1.47828615688808,1.04119621178439,-0.207928839905252,0.356684500891724,0.754015047084353,1.08382098409304,1.02409392963425,0.290554555653304,2.19457432340004,7.12350773301401,6.25064322154762,1.5656890623162
Finland,FIN,"Mortality rate, infant (per 1,000 live births)",SP.DYN.IMRT.IN,6.8,6.5,6.3,6.2,6.1,6,6,5.9,5.8,5.6,5.3,5.1,4.8,4.5,4.3,4.1,3.9,3.8,3.6,3.5,3.4,3.3,3.2,3.1,3,2.9,2.8,2.7,2.6,2.4,2.3,2.2,2.1,2,2,1.9,1.9,1.9,1.9,1.8,1.8,1.8,1.8,..
France,FRA,GDP per capita growth (annual %),NY.GDP.PCAP.KD.ZG,0.589285105722027,2.06907254844478,0.717848547478113,1.11432810235115,1.06265235277525,1.86751539834408,1.99730005194385,4.21003285861991,3.78375169549521,2.268451182731,0.729685951027619,1.01174283165568,-0.791444096179944,2.00092888436674,1.93291761763854,1.03528502888366,2.16193589623612,3.06997018708124,2.86728569454124,3.42869029655284,1.1593271284506,0.335619014023663,0.257866805308325,2.11736543407739,1.1253537135494,2.00131130247657,1.89856745333175,-0.178410661195599,-3.32212444604225,1.49872466177408,1.94433505424516,-0.299598729272304,0.26214454973659,0.519383764691739,0.708030590350688,0.594243752389232,1.78779549384231,1.28216603702126,1.68870844116209,-7.74056751254994,6.50155219757207,2.23598928910201,0.607649202523703,0.827702874030308
France,FRA,General government final consumption expenditure (% of GDP),NE.CON.GOVT.ZS,21.9803625688911,22.4597013935932,22.6182749465078,22.7730618029772,22.8282833942538,22.4962737111015,22.3337328835311,21.8693616502998,21.3132285046722,21.3629677651223,21.8324524649692,22.4482751517868,23.5592092126581,23.3227822524955,23.2620235385924,23.5693022234551,23.4573330897567,22.7089061303217,22.7259043484992,22.4026551978725,22.259556730345,22.857888310331,23.2625915298209,23.1521854419976,23.1175353538954,22.7854420708586,22.4734674757104,22.5895511441534,24.0880419778451,23.9798091765185,23.7010905265759,23.9564328020669,24.0757206386355,24.081442589149,23.7757617692292,23.7569423186251,23.7013842025535,23.3500758354509,23.0348422675243,24.8398357365701,24.3515984176563,23.8613635807316,23.1235606057224,..
France,FRA,"Unemployment, total (% of total labor force) (national estimate)",SL.UEM.TOTL.NE.ZS,7.54,8.2,7.918,9.533,10.259,10.23,10.735,10.18,9.618,9.36,9.134,10.203,11.32,12.593,11.834,12.367,12.566,12.074,11.981,10.218,8.61,8.702,8.306,8.914,8.882,8.832,8.008,7.386,9.122,9.279,9.228,9.841,9.913,10.273,10.354,10.057,9.409,9.018,8.415,8.009,7.871,7.303,7.335,7.388
France,FRA,"Inflation, consumer prices (annual %)",FP.CPI.TOTL.ZG,13.3144055680071,11.9784719523806,9.45954847235317,7.67380262247321,5.83109973854518,2.53852591781415,3.28889821400134,2.70081527508112,3.49830220700749,3.19428338029476,3.21340732409687,2.36376046269354,2.10446277124644,1.65551532926993,1.79648142095594,1.98288365089738,1.20394294026963,0.651126867833041,0.537141639134644,1.67595988720928,1.63478079549602,1.9234122872706,2.09847219146923,2.14208964640241,1.74586936380482,1.67512449608723,1.4879980595386,2.81286194914787,0.0876204781574486,1.53112270420927,2.11159795174999,1.95419531613501,0.863715497861873,0.507758822937963,0.0375143805125298,0.183334861123829,1.03228275064667,1.85081508315501,1.10825492288292,0.476498852725014,1.64233141038393,5.22236748369736,4.87835726508438,1.99904942291464
France,FRA,"Mortality rate, infant (per 1,000 live births)",SP.DYN.IMRT.IN,9.8,9.4,9.1,8.8,8.5,8.3,8.1,7.9,7.7,7.4,7.1,6.7,6.2,5.7,5.3,4.9,4.6,4.4,4.2,4.1,3.9,3.8,3.6,3.5,3.4,3.3,3.2,3.2,3.1,3.1,3.1,3.1,3.1,3.1,3.2,3.2,3.3,3.3,3.3,3.3,3.4,3.4,3.4,..
French Polynesia,PYF,GDP per capita growth (annual %),NY.GDP.PCAP.KD.ZG,-0.553998949711243,-1.43818390493972,-0.624012304037905,-0.376948765623482,-3.6384060029233,10.6850806353894,-1.27189890101005,-5.9415854711882,-0.119196508348466,-1.90095853705124,1.67566155020383,-3.23438697031256,-2.97620764742084,-3.24829172571562,-1.9047640997783,-2.15351526781588,-1.70605641976239,0.0865317933867402,0.295391159590849,1.63790019281309,-1.87670498388422,-0.650790590620005,0.559535344536414,-0.615266204742809,-1.17936718824801,-0.534705152644719,0.477742673226714,-0.716512347599547,-4.62302243249042,-2.86221244709949,-3.37156943541497,-1.41984532236675,-0.201995117223149,-0.0102536380222915,1.26147120448255,1.82142796079958,3.95416021395157,1.97025796412555,2.98746345088283,-7.10920195903458,1.88179647984154,4.24804124759891,2.72580347120493,..
French Polynesia,PYF,General government final consumption expenditure (% of GDP),NE.CON.GOVT.ZS,..,..,..,..,..,..,..,..,..,..,18.3260491708305,17.3520667477521,17.6699973415657,18.3337960765434,18.9861740174984,19.3024763512058,19.3030424699419,21.2857034915844,21.7597095847878,19.4582375831156,..,..,..,..,31.7733936135609,31.7458555821875,32.0132664813516,32.6265998214313,33.166769326898,33.4321389654977,33.8535820449328,33.0228555758338,32.3288945145499,31.3869550976386,31.0890833292599,31.1774195181382,31.2555278767273,30.7248836166431,30.6497192744132,34.7750636838472,32.9101112368206,31.6907011813918,30.4614369814867,..
French Polynesia,PYF,"Unemployment, total (% of total labor force) (national estimate)",SL.UEM.TOTL.NE.ZS,..,..,..,..,..,..,..,9.7,..,..,..,..,..,..,..,..,..,..,..,..,..,11.71,..,..,..,..,11.74,..,..,..,..,..,..,..,..,..,..,..,..,..,..,..,..,..
French Polynesia,PYF,"Inflation, consumer prices (annual %)",FP.CPI.TOTL.ZG,..,..,..,..,..,..,..,..,..,..,..,..,..,..,..,..,..,..,..,..,..,..,..,..,..,..,..,..,..,..,..,..,..,..,..,..,..,..,..,..,..,..,..,..
French Polynesia,PYF,"Mortality rate, infant (per 1,000 live births)",SP.DYN.IMRT.IN,..,..,..,..,..,..,..,..,..,..,..,..,..,..,..,..,..,..,..,..,..,..,..,..,..,..,..,..,..,..,..,..,..,..,..,..,..,..,..,..,..,..,..,..
Gabon,GAB,GDP per capita growth (annual %),NY.GDP.PCAP.KD.ZG,2.36039014784252,-5.66358482333102,2.78001473821359,4.6072617988707,-4.98060710396314,-3.50442324294255,-19.4129351524125,9.74962687560345,5.58336886293019,2.34828480298293,3.26931010464506,-5.6624500156035,1.21485157056252,1.03021807065934,2.31093356602501,1.03427662418945,3.10492993236622,0.890580320643267,-11.2242968907633,-4.3871748201515,-0.517762468580202,-2.88501235798608,-0.505326252378111,-2.09108844494591,-0.262443845603784,-5.6960834287439,2.74524486560748,-6.37298501256997,-3.14683049052138,3.45835073677657,3.35937600321799,1.552307854364,1.98480609519432,0.869784891054778,0.693296575495864,-0.79183198007,-2.16361774149249,-1.68804743568779,1.38257599119697,-4.15528083286725,-0.845244788994776,0.747533658746065,0.217772008902145,1.1784375604438
Gabon,GAB,General government final consumption expenditure (% of GDP),NE.CON.GOVT.ZS,14.2448785135779,15.7120026915636,17.2018881064768,18.2752859529623,20.4131956014662,25.7826418936116,24.5564229825832,19.7881096001011,14.1744664919506,13.4024435394298,14.2702307635279,15.4953183900126,15.3023176817956,11.987643363252,11.7566055268261,11.2413828618511,10.8005532147567,15.4669187145558,11.7798676419366,9.56008536112189,15.998165819885,16.4641462545454,16.2000468191077,15.0071555267903,12.5353209029089,13.3398030396994,13.674128951407,12.4304841794361,16.1236287283484,13.4869443832076,12.7937160493487,14.0308076101756,14.4562195996819,14.8494691273466,14.816398045437,14.6412017071143,13.2317051644466,10.5658037085265,10.9934292922959,13.1475545987828,11.8172640051926,10.8069715659511,11.7938728337517,12.1582463295337
Gabon,GAB,"Unemployment, total (% of total labor force) (national estimate)",SL.UEM.TOTL.NE.ZS,..,..,..,..,..,..,..,..,..,..,..,..,17.78,..,..,..,..,..,..,..,..,..,..,..,16.91,..,..,..,..,20.39,..,..,..,..,..,..,..,..,..,..,..,..,..,..
Gabon,GAB,"Inflation, consumer prices (annual %)",FP.CPI.TOTL.ZG,..,..,..,..,..,..,..,..,..,..,..,..,..,..,..,..,..,..,..,..,..,..,..,..,..,..,..,..,..,..,1.26331707837422,2.65241828695621,0.505441058915667,4.69045751826286,-0.338795188753388,2.10670712784051,2.65192583143897,4.74906652083221,2.46456756151188,1.35276110675338,1.08690746519409,4.23124798274575,3.62901534185377,1.17311998381216
Gabon,GAB,"Mortality rate, infant (per 1,000 live births)",SP.DYN.IMRT.IN,70.1,68.5,66.9,65.3,63.9,62.7,61.5,60.5,59.6,58.9,58.1,57.5,56.9,56.2,55.6,54.9,54.1,53,51.9,50.8,49.5,48.3,46.9,45.6,44.4,43.3,41.8,40.7,40,38.7,37.5,36.4,35.2,34.6,33.5,32.3,31.7,30.7,29.7,28.5,28.1,27.2,26.5,..
"Gambia, The",GMB,GDP per capita growth (annual %),NY.GDP.PCAP.KD.ZG,-0.202478175106037,-4.21535683397065,6.86783211691481,-0.365477667828969,-4.65135850423313,-0.000878849775020285,-1.62495397995868,0.269474369671656,1.58212533454316,-0.696506329267095,-1.13578611453352,-0.7383852538714,-0.696495507138579,-3.01711393290937,-2.07739136660906,-0.690360718985545,1.96357415868005,0.636396539831622,3.48466497383448,2.65021456237223,2.97441795005224,-5.81287900613223,4.0302689250437,4.16456397721086,-5.03011452953602,-3.35221701800941,0.0963372438063175,3.21187607038,3.61238687182772,2.87350950500529,-10.7772609082744,2.18645897140155,-0.0966163079995681,-4.17258609769029,1.25137248146628,-0.701007891119758,2.20807546707253,4.66787430455537,3.74848295956672,-1.7631871131438,2.79304588389131,3.07381401460781,2.41340344202131,3.36575865290496
"Gambia, The",GMB,General government final consumption expenditure (% of GDP),NE.CON.GOVT.ZS,45.9593233574882,31.9013508341961,39.3643396015022,40.835431088735,15.9337846293873,18.4466319228376,21.7068106099436,17.8205092372621,14.4199747327884,13.7473487470419,13.0816490240494,14.1632971488584,14.5386460596896,11.3523428754328,11.5660047047432,11.4361207422755,11.2652435236286,9.99039263186057,10.3380122695363,11.2271983454408,11.3668418865181,9.92290159117549,8.75497395332926,7.76155710046007,8.24735162794787,8.38616765428973,7.92004978352911,9.77516009428575,9.59932820748877,10.1386268114772,9.23149910484917,8.75316494770267,9.27476976067688,8.83679840265619,8.32657938721957,8.44661706335853,7.86685508622327,6.82478004672062,8.24288423463265,8.99176809738058,9.75803714271528,8.36246319747031,7.37283089210389,8.45789165089368
"Gambia, The",GMB,"Unemployment, total (% of total labor force) (national estimate)",SL.UEM.TOTL.NE.ZS,..,..,..,..,..,..,..,..,..,..,..,..,..,..,..,..,..,..,..,..,..,..,..,..,..,..,..,..,..,..,..,9.268,..,..,..,..,..,4.055,..,..,..,..,6.479,..
"Gambia, The",GMB,"Inflation, consumer prices (annual %)",FP.CPI.TOTL.ZG,..,..,..,..,..,..,..,..,..,..,..,..,..,..,..,..,..,..,..,..,..,..,..,..,..,2.0565034236599,5.36913473801957,4.4436549094501,4.56150687670983,5.04968075857403,4.79588266183109,4.25432199813901,5.69912989637384,5.94799935696618,6.80845494579614,7.22879272057924,8.03418974545908,6.52096823946574,7.11567625631189,5.93127636562442,7.37034758876617,11.5131198380505,16.9742129632327,11.5610532897511
"Gambia, The",GMB,"Mortality rate, infant (per 1,000 live births)",SP.DYN.IMRT.IN,122.9,120.5,118,115.3,112.6,109.8,107,104.3,101.7,99.1,96.5,93.9,91.2,88.6,86,83.3,80.7,78.1,75.6,73.2,70.8,68.4,66.1,63.8,61.6,59.4,57.3,55.4,53.5,51.7,50,48.4,46.8,45.2,43.8,42.3,41,39.7,38.4,37.2,36,34.9,33.8,..
Georgia,GEO,GDP per capita growth (annual %),NY.GDP.PCAP.KD.ZG,4.40661367296103,1.14247059836754,3.38897302522059,4.5315677189254,4.02522934899925,-8.98763779625877,0.448766891959991,4.51547691173728,-7.43723179966314,-14.7657166211898,-21.652946447153,-45.3248837559735,-29.8414533345514,-9.00820164687457,6.52521433798374,15.3128352453698,14.1232447418547,5.68429106346969,5.00558453773334,3.84018024327052,6.44578529290918,6.42465284351501,11.8096106867876,6.44984993877193,10.2895785214873,10.0452966712851,13.1643509520424,2.7332346709434,-2.79118104819281,7.02428366897674,8.8036288733672,7.36675215463949,5.44978265548417,4.04162752314514,3.18839294862944,3.38835328316745,5.14582677562736,6.10344745087359,5.56167165873158,-6.35478715206467,11.0650780067831,10.8422088053808,7.74568551727566,10.6686445361772
Georgia,GEO,General government final consumption expenditure (% of GDP),NE.CON.GOVT.ZS,12.197105220361,12.3228589032656,12.1571309171036,12.0970611257383,12.7849989345834,13.1224028577677,13.3642821973693,13.6314067611778,11.8433886024801,10.0227181611653,9.42408376963351,9.38337801608579,5.86147381517238,9.8304333370276,10.9069080773874,7.6986170350265,10.1697073481306,11.0831325541108,10.6328770264787,8.53875163409509,9.64388672460294,9.78918991416309,8.11877488586074,11.4349113931781,14.3835675377983,12.0080638728345,16.4966046440467,19.3998395797619,18.522739908818,17.3024592532394,15.5350239472777,14.0906606445137,14.6421161370032,15.0157404955551,14.6096581567674,15.1857694306897,13.8912339138849,13.288692643364,13.1442836745365,14.6114698025668,14.1266594756604,12.5293829261598,12.1485458625234,13.4468551435711
Georgia,GEO,"Unemployment, total (% of total labor force) (national estimate)",SL.UEM.TOTL.NE.ZS,..,..,..,..,..,..,..,..,..,..,..,..,..,..,..,2.4,5,14.53,13.8,10.82,11.16,12.59,11.51,12.62,13.81,13.57,13.28,17.87,20.71,20.203,19.632,19.653,19.416,17.439,16.506,16.604,13.939,12.667,11.565,11.734,..,..,..,..
Georgia,GEO,"Inflation, consumer prices (annual %)",FP.CPI.TOTL.ZG,..,..,..,..,..,..,..,..,..,..,..,..,..,..,..,..,..,..,..,..,..,..,..,..,..,9.16096508394497,9.24489745592404,9.99948761552747,1.7275146113791,7.11017897486099,8.5429333333333,-0.943658853270964,-0.512058410947092,3.06881210379543,4.00357820695097,2.13492713939121,6.03531725272117,2.6152447139767,4.85289821696723,5.2024648897534,9.56691433824769,11.8981654203198,2.48776056578715,1.10971758022096
Georgia,GEO,"Mortality rate, infant (per 1,000 live births)",SP.DYN.IMRT.IN,45.8,44.1,42.7,41.5,40.5,39.7,39.2,38.8,38.5,38.2,38,37.7,37.3,36.7,36.1,35.2,34.1,32.7,31.1,29.4,27.4,25.4,23.3,21.2,19.2,17.3,15.6,14.1,12.8,11.7,10.8,10.1,9.6,9.2,8.9,8.7,8.5,8.4,8.3,8.2,8.2,8.1,8,..
Germany,DEU,GDP per capita growth (annual %),NY.GDP.PCAP.KD.ZG,0.376242548905097,-0.300057826930967,1.83903416289166,3.17898724176204,2.5568835337489,2.24053505286905,1.2464996678482,3.30286371242971,3.0961800228044,4.3516390678966,4.34522004022459,1.2414638981413,-1.62216137399209,2.24233486797117,1.2075148512461,0.746098644712447,1.70589910753334,2.08070148565196,2.06412665254578,2.73801195996828,1.46570628997218,-0.395913755214309,-0.584983686364041,1.18433271320626,0.942994666745605,3.9729489119966,3.02778238969645,1.10245965834785,-5.30552819048091,4.30644105826545,5.69928311500732,0.285850077448487,0.112643840643003,1.74446394150078,0.776507671684243,1.47229261688244,2.33286596055396,0.813017363439201,0.76040219541116,-4.17345323463887,3.62612870918142,0.641609114499019,-0.38998869126668,0.228526174174277
Germany,DEU,General government final consumption expenditure (% of GDP),NE.CON.GOVT.ZS,21.3496066200803,21.041975145837,20.7882628530378,20.5877267140322,20.5173357681432,20.4005712611786,20.6169747683747,20.3688163790232,19.4099692478231,19.0305949844275,18.6087672231263,19.1331021293767,19.2807880091502,19.2250356361737,19.3697662545462,19.6391608246567,19.2955398082534,19.0236412815048,19.0821474649054,18.860569292751,18.7505067113635,19.0132502158895,19.0734600434664,18.5669242577539,18.4739713893822,18.0172946772292,17.5553649959484,17.9510982051837,19.5979349625431,19.1768919673096,18.6934322242076,18.8977924424542,19.2479981027315,19.2101287363869,19.3122356715765,19.5190716214398,19.4595495195295,19.5022339579089,19.9030235821301,21.7313211310231,21.6742192217514,21.5213273138839,21.2287274073897,..
Germany,DEU,"Unemployment, total (% of total labor force) (national estimate)",SL.UEM.TOTL.NE.ZS,..,..,6.449,6.673,6.875,6.608,6.813,6.319,5.705,4.89,5.316,6.323,7.675,8.727,8.158,8.822,9.861,9.787,8.854,7.917,7.773,8.482,9.779,10.727,11.193,10.277,8.732,7.508,7.88,7.043,5.967,5.372,5.316,4.979,4.612,4.104,3.781,3.384,3.163,3.881,3.594,3.137,3.071,3.372
Germany,DEU,"Inflation, consumer prices (annual %)",FP.CPI.TOTL.ZG,6.34424277746325,5.24104507228423,3.29341474302853,2.4057933993196,2.0662330121658,-0.129413360854734,0.249906108705029,1.27411894006923,2.78056955569751,2.69646824292392,4.04703259753466,5.05697796731731,4.47457650752808,2.69305639854954,1.70616041317077,1.44972701963239,1.9393719892273,0.911183535014401,0.585433064230788,1.4402683871974,1.98385731334472,1.42080615551526,1.03422218628562,1.66573696655992,1.54691114751329,1.57742642840562,2.29834400700951,2.6283798163722,0.312739007368444,1.1038103778926,2.07517283735874,2.00848884782953,1.50472330251882,0.906794000434214,0.514426137125455,0.491747008445213,1.50949485109622,1.73216879766948,1.44565976888253,0.144877925813963,3.0666666666667,6.87257438551096,5.94643667725828,2.25649814338757
Germany,DEU,"Mortality rate, infant (per 1,000 live births)",SP.DYN.IMRT.IN,11.8,11,10.3,9.7,9.2,8.7,8.3,7.8,7.4,7,6.6,6.2,5.8,5.5,5.3,5,4.8,4.7,4.5,4.4,4.3,4.2,4.1,4,3.9,3.8,3.7,3.6,3.5,3.5,3.4,3.4,3.3,3.3,3.3,3.3,3.2,3.2,3.1,3.1,3.1,3.1,3.1,..
Ghana,GHA,GDP per capita growth (annual %),NY.GDP.PCAP.KD.ZG,-6.17650794838094,-9.58926890135842,-7.39109617124427,5.8786494701893,2.85582116960212,2.90923690293133,2.41951445422532,3.12064353509851,2.49321568909531,0.725670862009096,2.6620471162506,1.32904577852237,2.2924206369743,0.846121792203618,1.68402714615945,2.18761953564251,1.74682048999631,2.18441521078265,1.882232640083,1.12706117579829,1.26692433665509,1.6652639048673,2.39760659496866,2.83982995857866,3.15861099530474,3.66950804093835,1.69171777527903,6.41466992518754,2.26068893513001,5.30617508163762,11.3370417824575,6.67974740594653,4.75796338524816,0.452244093941871,-0.208325820413904,1.04704406736222,5.78094585817396,4.01895338314475,4.39063133478864,-1.46830801654092,3.03800270044563,1.8305124767942,1.19022304172192,3.72174298776767
Ghana,GHA,General government final consumption expenditure (% of GDP),NE.CON.GOVT.ZS,8.79024040977061,6.48112803784803,5.86128951629555,7.25936110525907,9.39839322776987,11.0670267289541,10.6343163538874,9.70798975642982,9.84480819410477,9.31152842761133,9.48314108708897,12.1075681220176,14.4493685596963,13.7233429394813,12.0734806558561,12.0437087144029,12.355633653124,10.3241616558742,10.8433463882059,10.1716158733082,9.72236391765846,9.87277025091073,11.5332032401368,12.1728118810468,15.3081652628808,8.68200958159154,8.52494036113545,8.73165976762738,7.57424395572255,7.06949942103097,13.7885981215538,11.7643463119471,8.78317284558237,8.26779337958511,7.6804908567544,7.88693112799624,6.9570521307014,7.10478039787287,7.04320381025923,7.83341015600264,8.00565308777829,6.65253432796479,5.49933849254746,4.82904354628125
Ghana,GHA,"Unemployment, total (% of total labor force) (national estimate)",SL.UEM.TOTL.NE.ZS,..,..,..,..,..,..,..,..,..,..,3.489,4.7,..,..,..,..,..,8.2,10.1,10.456,..,..,..,..,..,4.897,..,..,..,5.384,..,..,2.173,..,6.806,..,3.369,..,..,..,3.195,2.87,..,..
Ghana,GHA,"Inflation, consumer prices (annual %)",FP.CPI.TOTL.ZG,..,..,..,..,..,..,..,..,..,..,..,..,..,..,..,..,..,..,4.86539785077533,40.240933123914,41.509496287803,9.36093239560312,29.7729797160384,18.0427388232565,15.4389920155908,11.6791839392492,10.7342665456292,16.494639613412,19.2469482220857,10.7333898354915,8.72845937093023,11.1863409441067,11.6661923071728,15.4896160333319,17.1499695007878,17.4546347070868,12.3719215507049,7.80876516610703,7.14364003330856,9.88728956269943,9.97108867504442,31.2558951049016,38.1069656296501,22.8483281157842
Ghana,GHA,"Mortality rate, infant (per 1,000 live births)",SP.DYN.IMRT.IN,89,88.5,87.9,86.8,85.1,82.9,80.4,77.6,75,72.6,70.8,69.5,68.7,68.2,67.8,67.4,66.5,65.3,63.7,61.8,59.8,58,56.3,54.8,53.4,52.1,50.7,49.2,47.5,45.7,43.9,42.1,40.5,39.1,37.7,36.4,35.1,33.9,32.6,31.4,30.2,29.2,28.2,..
Gibraltar,GIB,GDP per capita growth (annual %),NY.GDP.PCAP.KD.ZG,..,..,..,..,..,..,..,..,..,..,..,..,..,..,..,..,..,..,..,..,..,..,..,..,..,..,..,..,..,..,..,..,..,..,..,..,..,..,..,..,..,..,..,..
Gibraltar,GIB,General government final consumption expenditure (% of GDP),NE.CON.GOVT.ZS,..,..,..,..,..,..,..,..,..,..,..,..,..,..,..,..,..,..,..,..,..,..,..,..,..,..,..,..,..,..,..,..,..,..,..,..,..,..,..,..,..,..,..,..
Gibraltar,GIB,"Unemployment, total (% of total labor force) (national estimate)",SL.UEM.TOTL.NE.ZS,..,..,..,..,..,..,..,..,..,..,6.44,..,..,..,..,..,..,..,..,..,..,..,..,..,..,..,..,..,..,..,..,..,..,..,..,..,..,..,..,..,..,..,..,..
Gibraltar,GIB,"Inflation, consumer prices (annual %)",FP.CPI.TOTL.ZG,..,..,..,..,..,..,..,..,..,..,..,..,..,..,..,..,..,..,..,..,..,..,..,..,..,..,..,..,..,..,..,..,..,..,..,..,..,..,..,..,..,..,..,..
Gibraltar,GIB,"Mortality rate, infant (per 1,000 live births)",SP.DYN.IMRT.IN,..,..,..,..,..,..,..,..,..,..,..,..,..,..,..,..,..,..,..,..,..,..,..,..,..,..,..,..,..,..,..,..,..,..,..,..,..,..,..,..,..,..,..,..
Greece,GRC,GDP per capita growth (annual %),NY.GDP.PCAP.KD.ZG,-2.43246106938695,-1.74025233828002,-1.65240252612271,1.5036721676605,2.11229485279974,0.185737959143879,-2.58512327400537,3.90977732680273,3.25972956504248,-1.05223289834684,1.86983417669462,-0.0662990265129082,-2.177150507638,1.4905588001274,1.62382495931472,0.936690833341629,3.09310260480891,2.86526159290254,2.26587246758952,3.71272971778744,4.10776514479092,4.30010645802261,5.54464686570202,5.11746949484984,0.887221298370648,6.12419382696766,3.24351376995932,-0.2077841521306,-4.37113631022572,-5.81520524166056,-9.74334160929287,-7.83408943355501,-1.56089629701783,1.46585655106406,0.431225575747547,0.384851865059588,1.67402014860588,2.27195132202993,2.38497557963629,-9.00116455331775,9.98468495798464,7.08432992567671,2.63988038814433,2.43695508906005
Greece,GRC,General government final consumption expenditure (% of GDP),NE.CON.GOVT.ZS,17.418884255884,17.6487907242695,18.2479927989197,18.8104320136056,19.5529541253759,18.5370921670405,18.8843087107199,16.6115814041353,17.6400644424058,17.7296381357108,16.72267030785,16.1733636771943,16.8331847640658,16.2103603574166,18.0436516636729,18.0228219972902,18.2422853905251,18.1010217911552,18.6956372889632,18.942080044244,19.3185597563907,19.7788964081303,19.4825367880777,19.6428208434707,20.4795823716794,20.4905653377788,20.8256340521222,21.0036498022038,23.6284806116531,22.4102559565882,22.0783071279586,22.557839474738,20.9297924686921,20.7227080595732,20.7679837462522,20.6180603140124,20.4384126534599,19.6597104516787,19.9791204523634,22.7274940590434,21.4974385558012,19.9856875626536,19.2868439733478,..
Greece,GRC,"Unemployment, total (% of total labor force) (national estimate)",SL.UEM.TOTL.NE.ZS,3.42,4.94,7.804,8.1,7.8,7.356,7.448,7.828,7.505,7.012,7.572,8.927,10.177,9.808,10.116,10.402,10.472,12.227,12.138,11.345,10.764,10.346,9.839,10.628,10.074,8.906,8.351,7.664,9.546,12.719,17.973,24.731,27.686,26.708,24.981,23.514,21.413,19.179,17.045,15.899,14.656,12.426,11.023,10.02
Greece,GRC,"Inflation, consumer prices (annual %)",FP.CPI.TOTL.ZG,24.5060675977966,20.9910886220016,20.1794812892138,18.4568132050187,19.3146929406642,23.0154508205013,16.3968631635363,13.5288583215048,13.6555638723612,20.433499109463,19.4558456445745,15.8770737923919,14.4112644439348,10.8740756809131,8.93451415961518,8.19455217632727,5.53600266773481,4.76622572397641,2.63663306021981,3.1511816249383,3.37396832213867,3.62935871878873,3.53065027765552,2.89884810758171,3.54507273335077,3.19594684144545,2.89500321516578,4.15279708110293,1.21007269197809,4.71298907760393,3.32985323350645,1.50152696177755,-0.921269454256931,-1.3122609640551,-1.73588804765284,-0.825653978390973,1.1212545203142,0.625621413453609,0.253007522038191,-1.24798355581408,1.22382501019854,9.64525981280638,3.46480128513402,2.74149045788606
Greece,GRC,"Mortality rate, infant (per 1,000 live births)",SP.DYN.IMRT.IN,16.3,15.2,14.4,13.7,12.9,12.1,11.3,10.5,9.8,9.2,8.7,8.3,8,7.7,7.4,7.1,6.7,6.3,5.9,5.5,5.1,4.8,4.4,4.1,3.9,3.7,3.5,3.4,3.3,3.3,3.4,3.4,3.5,3.6,3.6,3.6,3.6,3.6,3.5,3.4,3.3,3.3,3.2,..
Greenland,GRL,GDP per capita growth (annual %),NY.GDP.PCAP.KD.ZG,-0.913783637050457,-5.3476252998743,2.26577078784958,-6.25916445763262,2.68217381664971,6.49677699893094,4.34564061934091,4.25465947606716,5.69517301118323,-12.1958664414579,0.0665111452330365,-4.76852354057402,-4.85588178273935,5.35180564040296,3.17099642734178,1.34801010307754,1.28773186957511,7.56589978093101,1.37788444524006,6.93956723449121,0.920568578995386,-1.3491298806964,4.14298316488345,6.6303821324005,4.91926419216257,5.85316581553596,2.7505908652024,6.59397874864722,0.874906570700134,1.35611976495977,-1.11918135533512,1.53697694464276,-0.726861643140481,5.09192733313645,-2.2149188822392,4.54780858066064,0.0776647739674274,0.89068474112419,2.46273159433217,-0.00176247850131972,1.12101711638257,1.99015372527471,0.504111002291438,..
Greenland,GRL,General government final consumption expenditure (% of GDP),NE.CON.GOVT.ZS,..,..,..,..,..,..,..,..,..,..,..,..,..,..,..,..,..,..,..,..,..,..,47.6199287147226,46.2582541877696,45.8501230494632,45.3577245959153,46.1040392576323,47.9879441474958,48.5991093284573,46.8148884784771,46.6899341525524,45.7771309496246,47.8530455253821,45.8403861826845,44.1988128798963,42.3437611461997,42.4119305960518,43.1423966501003,43.7935208900272,43.6149370695797,44.2577666597447,41.2836674676326,41.7101169776909,..
Greenland,GRL,"Unemployment, total (% of total labor force) (national estimate)",SL.UEM.TOTL.NE.ZS,..,..,..,..,..,..,..,..,..,..,..,..,..,..,..,12.92,10.08,11.56,9.03,11.02,9.53,8.82,10.3,10.44,9.25,8.4,..,..,..,7.8,9.4,9.8,10.1,10.3,9.1,..,..,..,..,..,..,..,..,..
Greenland,GRL,"Inflation, consumer prices (annual %)",FP.CPI.TOTL.ZG,..,..,..,..,..,..,..,..,..,..,..,..,..,..,..,..,..,..,..,..,..,..,..,..,..,..,..,..,..,..,..,..,..,..,..,..,..,..,..,..,..,..,..,..
Greenland,GRL,"Mortality rate, infant (per 1,000 live births)",SP.DYN.IMRT.IN,..,..,..,..,..,..,..,..,..,..,..,..,..,..,..,..,..,..,..,..,..,..,..,..,..,..,..,..,..,..,..,..,..,..,..,..,..,..,..,..,..,..,..,..
Grenada,GRD,GDP per capita growth (annual %),NY.GDP.PCAP.KD.ZG,2.05885058584063,3.75909908912337,3.01589624320235,2.97198524446046,5.30376510555253,6.44228583808339,8.27409896955282,2.1477328986426,2.91661783057491,3.14269241499387,0.544631077893825,-1.64061570247593,-2.70574496205592,0.948143796818869,1.4107174227084,3.72423125640337,4.30836321717575,10.998703794283,6.17920960237524,4.18122183760816,-2.51021033342408,3.0394289508191,8.98141669840049,-1.04641274220963,12.851921344972,-4.34487991607801,5.7518527541441,0.607094088064969,-6.91378690534548,-0.807153746059768,0.321541246692931,-1.76486904539074,1.70896295471954,6.73549593358203,5.9402683055354,3.33052048330798,4.16002295455056,4.13321655238465,0.424779227477273,-14.0234896211443,4.37616462446699,7.11420099513016,4.52955640271702,3.58158709945147
Grenada,GRD,General government final consumption expenditure (% of GDP),NE.CON.GOVT.ZS,..,..,..,..,..,..,..,..,..,..,..,..,..,..,..,..,..,..,..,..,..,..,..,..,..,..,..,..,..,..,..,..,..,..,..,..,..,..,..,..,..,..,..,..
Grenada,GRD,"Unemployment, total (% of total labor force) (national estimate)",SL.UEM.TOTL.NE.ZS,..,..,..,..,..,..,..,..,..,..,13.91,..,..,26.93,..,16.89,..,15.24,..,..,..,..,..,..,..,..,..,..,..,..,..,..,24.2,24.5,22.9,..,..,13.658,9.788,12.974,13.035,..,6.34,..
Grenada,GRD,"Inflation, consumer prices (annual %)",FP.CPI.TOTL.ZG,..,..,..,..,..,..,..,..,..,..,..,..,..,..,..,..,..,..,..,..,..,1.06721547992874,2.15492809908679,2.31291678226111,3.475806937554,4.25195321977967,3.85882922469652,8.0332732765034,-0.308654779585639,3.43650905943351,3.03347280334741,2.41077704021857,-0.0439997864828081,-0.98360305555495,-0.515448031435303,1.65038994431567,0.908458255874258,0.804102313277022,0.598149764736098,-0.740732597045526,1.21951193916835,2.58053925907924,2.6961226981456,1.08615365134744
Grenada,GRD,"Mortality rate, infant (per 1,000 live births)",SP.DYN.IMRT.IN,27,25.9,24.9,23.8,22.8,21.9,20.9,20.1,19.2,18.4,17.7,17,16.3,15.7,15.1,14.6,14.2,13.9,13.6,13.3,13.1,13,12.9,12.9,13,13,13.2,13.3,13.6,13.9,14.2,14.6,15,15.4,15.8,16.1,16.4,16.6,16.8,17,17,16.9,16.7,..
Guam,GUM,GDP per capita growth (annual %),NY.GDP.PCAP.KD.ZG,..,..,..,..,..,..,..,..,..,..,..,..,..,..,..,..,..,..,..,..,..,..,0.371012546622907,6.05626846413823,3.29235446239393,-3.92956765070362,0.456380842049214,1.772255039884,0.14856119478938,2.04892665177626,0.0650356763903517,2.26402706379456,1.91405054312719,2.08830750386504,1.18092123655293,0.591903022530076,1.34860712204592,-0.333833095467511,3.07547868580322,-10.7119946566793,1.07830501841417,4.17726586538778,..,..
Guam,GUM,General government final consumption expenditure (% of GDP),NE.CON.GOVT.ZS,..,..,..,..,..,..,..,..,..,..,..,..,..,..,..,..,..,..,..,..,..,..,..,..,..,..,..,..,..,..,..,..,..,..,..,..,..,..,..,..,..,..,..,..
Guam,GUM,"Unemployment, total (% of total labor force) (national estimate)",SL.UEM.TOTL.NE.ZS,8.7,9.6,9.25,..,..,6.28,..,..,2.81,2.831,3.509,3.837,5.527,7.6,7.9,8.283,9.67,7.74,13.95,15.32,13.213,11.39,..,7.7,7,7.4,8.3,..,9.3,8.2,13.3,12.2,11.5,7.6,6.9,5.4,..,..,..,..,..,..,..,..
Guam,GUM,"Inflation, consumer prices (annual %)",FP.CPI.TOTL.ZG,..,..,..,..,..,..,..,..,..,..,..,..,..,..,..,..,..,..,..,..,..,..,..,..,..,..,..,..,..,..,..,..,..,..,..,..,..,..,..,..,..,..,..,..
Guam,GUM,"Mortality rate, infant (per 1,000 live births)",SP.DYN.IMRT.IN,..,..,..,..,..,..,..,..,..,..,..,..,..,..,..,..,..,..,..,..,..,..,..,..,..,..,..,..,..,..,..,..,..,..,..,..,..,..,..,..,..,..,..,..
Guatemala,GTM,GDP per capita growth (annual %),NY.GDP.PCAP.KD.ZG,-1.84861350564529,-5.72314750851997,-4.92782022785646,-2.28271607874382,-3.38239620330064,-2.60067871575764,0.7275544115315,1.02339774619576,1.0590639145982,0.255295713828147,0.887968720143007,2.08938748174239,1.19079545990648,1.29965096299168,2.20828318179657,0.326032377839908,1.72822661280783,2.34123862089682,1.26683252082374,1.17641998878537,0.00856424754331897,1.48647617022837,0.276550484041408,0.87051616698119,1.06472255613932,3.14600619827499,4.12107602558113,1.1948125938613,-1.50524953899686,0.865525448373077,2.10758860221354,0.944366952930409,1.68869472400995,2.48328449186764,2.20204494313671,0.803225141343461,1.22202118124932,1.69836304928921,2.44813641532025,-3.22007732804485,6.56016041326578,2.72968988042675,1.95109309218896,2.06653335394731
Guatemala,GTM,General government final consumption expenditure (% of GDP),NE.CON.GOVT.ZS,7.90008685796967,7.74348999920236,7.60220960874212,7.66525863077868,6.95355063062774,7.0962242259362,7.90243369436923,7.98150473540535,7.89542578633733,6.58421335494863,5.4225664497941,6.42488304503928,6.35631122172758,5.57324957201488,5.50995915259415,5.08030909352217,4.99730137319696,5.67746180706161,6.32163614869932,7.00261473951945,10.2195681687394,9.82093278550152,9.75241609376197,8.9066313301877,8.61352510250589,8.50696938888144,8.79868760763897,9.16134519080737,10.3456302167651,10.6462476186343,10.3584830794978,10.5135030709737,11.2879486993103,11.255385017847,11.0881086448449,10.4403527042847,10.5728229818016,11.120258551506,11.1070048234102,11.4719704888172,11.2203671237721,11.4856910185827,11.2417421320949,10.8985061693281
Guatemala,GTM,"Unemployment, total (% of total labor force) (national estimate)",SL.UEM.TOTL.NE.ZS,2.15,2.27,..,..,..,..,2.4,..,1.94,..,..,..,..,..,..,..,..,..,..,..,..,2.254,2.807,2.971,..,1.902,..,..,..,3.497,4.126,2.765,3.017,2.717,2.506,2.583,2.462,2.283,2.193,..,2.174,3.051,2.344,..
Guatemala,GTM,"Inflation, consumer prices (annual %)",FP.CPI.TOTL.ZG,..,..,..,..,..,..,..,..,..,..,..,..,..,..,..,..,..,..,..,..,..,..,..,..,..,6.56085282795383,6.82161753590326,11.355761126315,1.85910254733029,3.85950909833162,6.21412393067093,3.78180754679684,4.34337131279519,3.41836169662961,2.3887203283955,4.44844199942828,4.42453655182547,3.75186186704505,3.69998398008605,3.21444062197349,4.26105127422814,6.88512823344283,6.20657592272128,2.86992752918293
Guatemala,GTM,"Mortality rate, infant (per 1,000 live births)",SP.DYN.IMRT.IN,86.1,91.9,80.1,77.1,74.2,71.3,68.5,65.7,63.1,60.5,58,55.7,53.4,51.3,49.3,47.4,45.6,43.9,42.3,40.8,39.3,37.9,36.6,35.3,34,32.8,31.6,30.4,29.3,28.2,27.1,26.1,25.1,24.1,23.3,22.5,21.7,21,20.4,19.7,19,18.4,17.9,..
Guinea,GIN,GDP per capita growth (annual %),NY.GDP.PCAP.KD.ZG,-1.26559140721663,-0.224948721204498,-0.819462073871208,-0.825607744651649,2.56175473405239,0.598439369166186,0.681986046103418,3.56332433959545,1.3391090418754,0.7803800084003,-1.41305426376472,0.0269116593674852,1.89332581267254,0.899451721316183,1.72503947546996,1.5470699360467,3.04206463987209,1.71255766162007,1.51180792814343,0.512194741763963,2.30947074547048,3.5387047162788,-0.996648465303707,0.172593565879879,0.957366356559277,-0.903894697466356,4.37307821452357,1.64417388168144,-3.50758302722751,2.26713039266406,3.02826048764469,3.34759058991902,1.4353219620192,1.15630967477851,1.2305341257089,8.01216245351651,7.51589992127235,3.68700873912611,2.9464024435663,2.06694997562413,2.96921009369555,1.423063279934,2.9750250246767,3.1668397844619
Guinea,GIN,General government final consumption expenditure (% of GDP),NE.CON.GOVT.ZS,..,..,..,..,..,7.84730345707534,8.17728243007381,7.66831012389906,8.01713796482275,7.51272032030554,6.82456358436887,5.92563037597696,5.71649400343862,5.3897349428109,5.15566666556946,5.12504333636139,5.06597642904448,4.66765072115527,4.77194549155834,4.85858717414303,5.0400838151891,5.61810780926376,5.60973616290887,4.76560808961826,4.79247239713713,6.27443779266411,6.77831406090666,5.96891983222435,9.96469544078703,12.568200056716,14.98158225192,14.4754964199334,18.8734187898997,17.7931457653875,19.5018955831566,16.8835450171097,15.2760215806747,15.4819047734539,15.402325246451,17.4132237183255,17.4820305537183,17.1208210322962,13.491592156736,13.4102736775227
Guinea,GIN,"Unemployment, total (% of total labor force) (national estimate)",SL.UEM.TOTL.NE.ZS,..,..,..,..,..,..,..,..,..,..,..,..,..,..,..,..,..,..,..,..,..,4.549,..,..,..,..,..,..,..,..,..,..,..,5.044,..,..,..,..,5.018,..,..,..,..,..
Guinea,GIN,"Inflation, consumer prices (annual %)",FP.CPI.TOTL.ZG,..,..,..,..,..,..,..,..,..,..,..,..,..,..,..,..,..,..,..,..,..,..,..,..,..,..,18.1755656108597,23.065612938798,4.68438868976505,15.0502688559001,21.3169268542577,15.2262941038638,11.8875884481828,6.15050556706421,11.7800825029834,8.17268112275132,8.91435947913094,9.82761701259194,9.4700103925301,10.6016203387167,12.5972882566934,10.4930409984424,7.80497591927974,8.12313914948598
Guinea,GIN,"Mortality rate, infant (per 1,000 live births)",SP.DYN.IMRT.IN,157.5,154.9,152.4,149.7,147.1,144.5,142,139.5,136.7,133.7,130.4,126.9,123.3,119.6,115.8,112.1,108.3,104.6,100.8,97,93.2,89.7,86.6,83.8,81.4,79.3,77.7,76.4,75.3,74.4,73.6,72.9,72.3,72.2,71.6,70.2,69.4,68.5,67.4,66,64.6,63.1,61.5,..
Guinea-Bissau,GNB,GDP per capita growth (annual %),NY.GDP.PCAP.KD.ZG,16.3259296889596,2.56152196118961,-4.92031162411782,7.38932318959114,2.52131358114698,-2.36319832198365,1.26401277309395,2.91240714696819,4.35771565563357,4.36956798137795,2.88417399037313,-1.83295371146548,-1.21630081950958,0.0543794271908382,1.79752507182782,9.29819236395304,4.48886786202216,-23.8778523409397,14.6207205646875,-0.908641384543557,2.58170548418317,1.40014043705072,-2.51633136885211,-1.13385031185746,4.08995783100083,0.220591080099751,0.0376503174978779,1.92082759963192,-0.124226604498276,2.91052833964689,5.28027330014127,-4.29238918450449,0.543365078897963,-1.65358336592615,3.4407197814937,2.81765698941554,2.14454305364472,1.32710524004433,3.12319463002974,-0.182995607235341,2.90724446638373,3.24389244837219,2.14432026381822,2.52743179016426
Guinea-Bissau,GNB,General government final consumption expenditure (% of GDP),NE.CON.GOVT.ZS,28.4874824130003,29.43803758253,25.4530267104769,15.4311542549306,17.9302229494854,13.2433774203701,10.6981200884971,9.63779383172212,11.2285588674331,10.2911210855004,10.6172027690258,8.97817959200564,7.0527732923595,7.12393664316259,6.40764792114007,6.55856469134535,10.1379271445328,11.0979287805465,13.3802218068496,16.9579317378333,16.2012686285423,14.9282616635665,15.7612875345272,15.323058624102,15.753997128911,15.9539308174628,16.3952702095607,14.2402170796284,16.9575384040859,16.3830595159343,15.8359370374465,15.3241812644952,15.1049350147196,17.420044053081,16.4379138210165,16.5063333685714,16.7287795836931,16.6439614567477,18.7913093156164,19.7057479459584,18.7024428218539,19.0484341108925,16.0903815426069,17.7807745764517
Guinea-Bissau,GNB,"Unemployment, total (% of total labor force) (national estimate)",SL.UEM.TOTL.NE.ZS,..,..,..,..,..,..,..,..,..,..,..,..,..,..,..,..,..,..,..,..,..,..,..,..,..,..,..,..,..,..,..,..,..,..,..,..,..,3.127,1.799,..,..,2.666,..,..
Guinea-Bissau,GNB,"Inflation, consumer prices (annual %)",FP.CPI.TOTL.ZG,..,..,..,..,..,..,..,..,..,..,..,..,..,..,..,..,..,..,..,..,..,..,..,..,..,..,..,..,..,..,5.04610226320201,2.13054580274496,1.20712555668413,-1.509244605705,1.47672048910486,1.50312055861089,1.69111461822294,0.38132470279102,0.246600268147865,1.14000939393216,2.24248879577664,9.39075933985203,7.10220928557054,3.76555825770116
Guinea-Bissau,GNB,"Mortality rate, infant (per 1,000 live births)",SP.DYN.IMRT.IN,..,..,..,..,132,130.1,128.3,126.6,125,123.3,121.4,119.4,117.3,115.2,112.9,110.5,107.9,105.5,102.9,100.3,97.5,94.5,91.5,88.3,85,81.5,78,74.5,71.1,67.8,64.6,61.8,59.4,57.2,55.3,53.4,51.7,50,48.3,47,45.7,44.3,43.1,..
Guyana,GUY,GDP per capita growth (annual %),NY.GDP.PCAP.KD.ZG,1.22348875608769,-13.2190818398298,-6.69376014189534,-4.81035981891441,2.74928348562644,-0.464646324045503,1.42467770126129,-3.12849581057885,-4.31230716594843,-2.42492513734094,6.34617596741059,7.46331259893695,7.73635100621053,8.12217163524447,4.67607346167401,7.65203166896895,5.94120905202725,-1.85177439532187,2.83934433431648,-1.40881252207762,2.32701717600905,1.24188408073948,-0.560476505993833,1.65433601876252,-1.7571567715639,5.39944024794079,7.48935908253156,2.05930009878752,3.95757174257776,4.53289275994231,5.63372747844741,5.25728662587919,3.13748133371095,1.1191644103188,0.0833711927134857,3.15936322443832,3.06887182440371,1.39604562755792,3.25156178245531,43.5123463015091,18.8820438552858,62.1110713145037,33.0314424322445,42.5553403529796
Guyana,GUY,General government final consumption expenditure (% of GDP),NE.CON.GOVT.ZS,29.0544789639624,25.7952973720609,27.1117166212534,18.0998185147433,18.0512820512821,31.4746558283252,27.3956826648724,28.105368006413,16.4666021180989,13.6163420472266,14.923266694041,16.7511875722172,15.1968741966037,15.4916244980613,15.0062866170925,16.2135118271072,17.5374496164751,18.4374364679016,18.9760248280568,24.6721060474628,25.0806947778099,25.727551565445,28.0087058529542,27.1793843032206,26.9140489952873,..,..,..,..,..,..,..,..,..,..,..,..,..,..,..,..,..,..,..
Guyana,GUY,"Unemployment, total (% of total labor force) (national estimate)",SL.UEM.TOTL.NE.ZS,..,..,..,..,..,..,13.09,..,..,..,..,11.9,..,..,..,..,..,..,..,..,..,11.81,..,..,..,10.7,..,..,..,..,..,..,..,..,..,..,..,13.627,13.172,..,..,..,..,..
Guyana,GUY,"Inflation, consumer prices (annual %)",FP.CPI.TOTL.ZG,..,..,..,..,..,..,..,..,..,..,..,..,..,..,..,..,..,..,..,..,..,..,..,..,..,6.67715790410027,12.2001544446648,8.10202206969276,2.95230096381001,3.73337757704245,4.97773563706968,2.39193521312333,1.90125181860584,0.852630497539887,-1.00173432776374,0.836008061506277,1.90465615515585,1.28284288443521,2.08723089162013,0.993337022838761,5.03285574626701,6.11505550109937,2.82110335099639,2.90395226446371
Guyana,GUY,"Mortality rate, infant (per 1,000 live births)",SP.DYN.IMRT.IN,58.7,58.3,57.9,57.4,56.9,56.3,55.6,54.7,53.7,52.6,51.4,50.2,48.9,47.7,46.5,45.4,44.3,43.3,42.3,41.3,40.4,39.5,38.7,37.9,37.2,36.5,35.9,35.2,34.6,33.9,33.3,32.7,32,31.2,30.3,29.5,28.6,27.8,27,26.2,25.3,24.6,23.8,..
Haiti,HTI,GDP per capita growth (annual %),NY.GDP.PCAP.KD.ZG,-4.70667593294452,-5.41799845238262,-1.04448158918315,-1.65138144860573,-1.37293043186439,-2.47081729725178,-2.77929250001687,-1.8258071813457,-4.88827222197391,-1.02129198833929,-0.173086383540081,-7.18236675047231,-7.26639617990007,-13.6308577536038,7.82292405059231,2.18145500226173,0.785892869122677,0.293961772099124,0.830848511128352,-0.974737113523176,-2.14318391327505,-0.729374655833098,1.6820034644329,-2.98301062977993,1.35443141019209,0.0540583442750062,2.95569722727539,0.961802640900089,4.15489282064615,-6.7459038549499,3.91514494215959,-1.04324222181728,2.767509667507,1.39231187945737,-0.0454395053176881,0.398402974127237,1.12394427912376,0.326678559605597,-2.98683711868885,-4.49816442182016,-2.92695804339543,-2.7846808475344,-2.99212843762332,-5.26984833324718
Haiti,HTI,General government final consumption expenditure (% of GDP),NE.CON.GOVT.ZS,..,..,..,..,..,..,..,..,..,..,..,..,..,..,..,..,..,..,..,6.98287753877131,7.36101271908804,7.83409664630392,7.91079280473985,7.33605408114726,6.59830847376764,6.84319296258427,7.67562120103412,8.14405690616605,6.98508151629048,7.27840732548793,6.55241371085916,7.43953745212035,7.19118472596498,7.66400253789781,8.25780291243123,8.20929017383708,7.89768746069131,8.26343071867152,7.19135114705545,7.31205557129014,7.47295579775888,6.90413793385249,6.2167919005445,5.68589013282049
Haiti,HTI,"Unemployment, total (% of total labor force) (national estimate)",SL.UEM.TOTL.NE.ZS,..,..,12.2,..,..,..,..,..,..,11.25,..,..,..,..,..,..,..,..,7.2,..,..,..,..,..,..,..,16.8,..,..,..,..,14.1,..,..,..,..,..,..,..,..,..,..,..,..
Haiti,HTI,"Inflation, consumer prices (annual %)",FP.CPI.TOTL.ZG,..,..,..,..,..,..,..,..,..,..,..,..,..,..,..,..,..,5.269035470422,3.00439421550735,9.33322197565601,13.31672224251,7.03287406224599,28.6995777887374,21.0318339277222,13.973008326384,11.3452152244299,6.55722772638066,15.2817744823772,0.393886040173337,4.82734190074673,6.33279483849045,5.01804155429243,4.7650240477914,3.43816659958603,6.73184069659001,11.5029073942666,10.6800887242584,12.4814111170435,18.7037825672506,22.7963113642528,16.8415240198785,33.98393194707,36.8135162780853,26.9490564091987
Haiti,HTI,"Mortality rate, infant (per 1,000 live births)",SP.DYN.IMRT.IN,126.6,123.1,119.6,116.3,113,109.8,106.7,103.7,100.8,98,95.2,92.3,89.5,86.7,83.8,81.1,78.3,75.7,73.1,70.7,68.5,66.5,64.7,63.1,61.7,60.4,59.1,57.9,56.8,78.6,54.6,53.4,52.4,51.2,50,48.7,47.5,46.3,45,43.8,42.5,41.5,40.3,..
Honduras,HND,GDP per capita growth (annual %),NY.GDP.PCAP.KD.ZG,-4.16870416419532,-4.96760236733431,-2.04974193411076,3.24683335411,2.60912563276902,2.35812521971326,3.65580168341992,-1.08020588703158,-0.118605441971837,-0.0698332872958929,-6.02330769266929,3.1028412123725,3.51448556573925,-2.58997450960008,3.22182882619767,-0.964459269993313,1.71241862148554,0.882235237290445,-3.31063017352005,4.39915151861776,-0.0161960531288656,1.0499116620788,1.89850421782039,3.61570269241076,3.50707975469855,4.08321335137572,3.77627878562679,1.9188349629601,-4.54399131651867,1.5491216313325,1.71164194817371,2.04382616957031,0.777167217053545,1.0812751128465,1.88202222037501,1.96051068302054,2.92107278326836,1.96196872528638,0.71936151617345,-10.5484174868395,10.7029903655951,2.41184551052402,1.8148973269289,1.82401839948827
Honduras,HND,General government final consumption expenditure (% of GDP),NE.CON.GOVT.ZS,8.91467287927425,8.8831521580797,9.01334138373266,8.91093004224915,9.02783445008222,9.57232075718821,9.53877673565527,9.51042345184195,9.36282027110879,8.00754209652464,7.15742987932909,7.9874994419604,7.49149806860769,7.12162952679656,6.81525713421117,7.37862240640289,7.18689611084789,8.25635683327832,9.47979854278701,13.4084733653246,14.687410537623,14.9755432131836,14.9208291963607,15.0107580143337,15.5226141975342,15.0037811215388,16.6023739634675,17.1148275892292,18.6997382744106,17.9264315738123,16.0643683897277,16.2017830432394,16.7338132476973,15.3323115474268,14.3052467695847,14.1139360855006,13.4984164607115,13.4622514861767,13.879034545863,15.6611069089394,15.6740308613565,14.2760938647873,14.9293299388294,15.5273902270023
Honduras,HND,"Unemployment, total (% of total labor force) (national estimate)",SL.UEM.TOTL.NE.ZS,..,7.3,..,..,..,12.12,11.4,..,..,4.78,4.58,3.06,..,..,3.24,4.37,3.32,4.02,3.85,..,4,4.02,5.3,5.99,4.909,3.574,3.211,3.156,3.292,4.119,4.474,3.755,5.646,7.078,6.147,6.727,5.528,5.648,5.698,10.982,8.506,8.774,6.07,4.91
Honduras,HND,"Inflation, consumer prices (annual %)",FP.CPI.TOTL.ZG,..,..,..,..,..,..,..,..,..,..,..,..,..,..,..,..,..,..,..,..,9.67415556865378,7.6905097203427,7.67416639397937,8.1137909709338,8.80906074819819,5.57775207654297,6.93621470895774,11.4034270813932,5.49634273772208,4.69889064976226,6.76227957314763,5.19618615531849,5.16189898581494,6.1292493031302,3.15783117980925,2.72461223295284,3.93436084442048,4.34734937777525,4.36587159819271,3.46841177951179,4.48087963413447,9.08963911525025,6.66325180347458,4.60621098127105
Honduras,HND,"Mortality rate, infant (per 1,000 live births)",SP.DYN.IMRT.IN,67.5,64.5,61.5,58.8,56.1,53.5,51,48.7,46.5,44.5,42.5,40.7,39.1,37.5,36.1,34.7,33.4,41.2,30.8,29.6,28.4,27.3,26.2,25.1,24.1,23.3,22.4,21.6,20.9,20.2,19.6,19,18.3,17.8,17.2,16.6,16.1,15.6,15.1,14.6,14.1,13.7,13.3,..
"Hong Kong SAR, China",HKG,GDP per capita growth (annual %),NY.GDP.PCAP.KD.ZG,6.72497524345961,1.3638093854816,4.37894347835805,8.89804845045339,-0.319516943028916,9.68113219331916,12.2625558721403,7.6033251993381,1.22290559062219,3.49748673412742,4.8291112578265,5.34668596137884,4.39241570643129,3.674713211688,0.36650785955274,-0.267954070503592,4.22839315275669,-6.66509055315402,1.5322874531853,6.71842561271814,-0.177490379716787,1.20751795794376,3.25993199185832,7.85557300311967,6.92005137960533,6.34738872528892,5.55357918989279,1.51877598811738,-2.66897245750897,5.98638709206976,4.11212204998519,0.583739759604555,2.68789876497817,2.04318568217398,1.51995941155593,1.54455241810065,3.0014833765901,2.02720617061298,-2.39663450632773,-6.20873917922833,7.4294898793141,-2.80530044911679,0.612247418272943,2.70473794504625
"Hong Kong SAR, China",HKG,General government final consumption expenditure (% of GDP),NE.CON.GOVT.ZS,6.82344536750049,7.23961123440729,7.39089013765585,6.78074139668387,7.00540758212046,6.97886280321348,6.28011247055247,6.11488255134356,6.32923188173506,6.83664410535731,7.12850577805165,7.62417454437327,7.47628919130836,7.54184887720201,8.02694534256295,8.14433081491879,8.04386916158746,9.02471878502287,9.61198992803741,9.36776869699537,10.2037479695597,10.6355229658201,10.9931095618655,10.3537798350582,9.24606532707798,8.7695421761119,8.41838527317181,8.66870435909614,9.19165041931722,8.85932359491356,8.71145505394354,9.09693828210179,9.28642078655758,9.47856310052411,9.64286905615691,9.95636389333004,9.83027217138145,9.92512949539558,10.8764361048878,12.7458289934984,12.6776298103225,14.3371108759121,13.3080237874427,12.8361000480643
"Hong Kong SAR, China",HKG,"Unemployment, total (% of total labor force) (national estimate)",SL.UEM.TOTL.NE.ZS,1.53,1.85,2.11,1.92,3.18,2.82,1.73,1.36,1.07,1.32,1.8,1.96,1.96,1.9,3.22,2.83,2.22,4.58,6.25,4.92,5.09,7.28,7.86,6.74,5.58,4.77,4.01,3.56,5.26,4.329,3.422,3.285,3.4,3.296,3.314,3.392,3.124,2.805,2.917,5.808,5.174,4.318,2.949,2.988
"Hong Kong SAR, China",HKG,"Inflation, consumer prices (annual %)",FP.CPI.TOTL.ZG,..,..,..,..,..,..,..,..,..,..,..,..,..,..,..,..,..,..,..,..,..,..,..,..,..,2.00025160397534,2.03502713369512,4.3031548410492,0.579441418472611,2.29289088604676,5.30524892993918,4.05390950903844,4.33799342105264,4.42364532019702,2.99084819322579,2.40930743862221,1.49387243939528,2.40613432046534,2.88320853773994,0.25096202108081,1.56875834445923,1.88136707196852,2.09660511249086,1.72972119105916
"Hong Kong SAR, China",HKG,"Mortality rate, infant (per 1,000 live births)",SP.DYN.IMRT.IN,..,..,..,..,..,..,..,..,..,..,..,..,..,..,..,..,..,..,..,..,..,..,..,..,..,..,..,..,..,..,..,..,..,..,..,..,..,..,..,..,..,..,..,..
Hungary,HUN,GDP per capita growth (annual %),NY.GDP.PCAP.KD.ZG,2.85977312269104,2.90173341372051,0.87440654827023,2.86366988258193,-0.0715154937306011,1.70829407599872,4.22597286924326,0.0880272078164666,1.83942309914656,-2.49449922845264,-11.8870465995984,-3.02623555314709,-0.462665222231223,3.08816830633975,1.63091759717385,0.27332748929139,3.18554631713963,4.09002256717154,3.37847426779435,4.68094650632939,4.30099676765016,5.02871060786862,4.23691963512549,5.19581258967388,4.50792078649896,4.09589996478341,0.487904817715162,1.17042884387347,-6.59558642753552,1.2966366075499,2.2059103447462,-0.828646515876528,2.52439305270235,4.75555169835647,4.03310873929586,2.83749039789862,4.47743568209606,5.82146361803679,5.2087641343076,-4.09730738033811,7.66253175353751,4.55105571139856,-0.709301494098696,0.826299202563348
Hungary,HUN,General government final consumption expenditure (% of GDP),NE.CON.GOVT.ZS,..,..,..,..,..,..,..,..,..,..,24.8379533180649,25.6670327987146,27.6366628899357,25.3907577917523,22.7949765557116,21.5524505456692,21.2097985664491,20.8824814204097,21.2197129970005,21.1714871886978,21.0636287555601,21.855542036297,23.0395033323141,22.0441935715458,22.1446969663743,22.0122861042098,20.7877161589285,21.3871831168946,22.0633713417813,21.4452733386217,20.6306576272386,20.0094207331442,19.7285704568356,19.9810520498971,19.7028762956894,19.9032674759188,20.1614178223679,19.616933321186,19.9741487864456,21.1998844610097,20.7647214478007,20.5756817208746,19.8791941756231,..
Hungary,HUN,"Unemployment, total (% of total labor force) (national estimate)",SL.UEM.TOTL.NE.ZS,..,..,..,..,..,..,..,..,..,1.7,8.5,9.816,11.94,10.697,10.171,10.022,8.991,8.925,6.929,6.563,5.671,5.608,5.79,5.832,7.189,7.494,7.406,7.817,10.03,11.172,11.029,11.003,10.177,7.725,6.813,5.115,4.156,3.667,3.411,4.248,4.021,3.583,4.096,4.466
Hungary,HUN,"Inflation, consumer prices (annual %)",FP.CPI.TOTL.ZG,4.66141394394754,6.8358050825954,7.27989573279491,8.46785487646018,6.94234501879146,5.29166170071092,8.67431417733243,15.7235490703556,17.149151997396,28.3695996532777,34.8175429072704,23.6557207806553,22.4642346133809,18.8680749869283,28.3054683706653,23.4690301919185,18.3050744143799,14.153789654534,9.99774409303369,9.80361016908124,9.11680911680912,5.26544821583984,4.66101694915254,6.74434679569468,3.56151711378353,3.93032603841001,7.95874516544909,6.0425125388106,4.21171171171171,4.85555795691956,3.92992098935068,5.6521451708865,1.73319984983104,-0.227566270988277,-0.0616446800641597,0.39476930668638,2.3482428115016,2.8502479259464,3.33858635382014,3.3267438576673,5.1109653438286,14.6081439492433,17.1249659678737,3.70370370370367
Hungary,HUN,"Mortality rate, infant (per 1,000 live births)",SP.DYN.IMRT.IN,20.4,19.8,19.8,19.7,19.3,18.5,17.5,16.6,15.8,15.2,14.6,13.7,12.7,11.6,10.9,10.3,9.9,9.5,9.1,8.7,8.1,7.6,7.2,6.8,6.4,6.1,5.8,5.5,5.3,5.1,5,4.8,4.7,4.5,4.2,4,3.7,3.6,3.5,3.4,3.3,3.2,3.2,..
Iceland,ISL,GDP per capita growth (annual %),NY.GDP.PCAP.KD.ZG,3.08253425807798,0.798242275627231,-3.43818462209565,3.02744365049747,2.4824329064835,5.49486052328909,7.36317008428506,-1.6423478320211,-0.975500396040474,0.385665596586477,-1.37340666845283,-4.58053141339133,0.288501965546814,2.71462050286213,-0.425046314470492,4.00407339362927,4.90867387297192,6.21981617902927,2.78447494651053,3.5573910348311,2.64000019910743,-0.334077490215194,1.4377961854005,6.86010563223773,4.45782893904018,3.85034862928318,5.74528129524062,0.326400094248385,-7.97836236521734,-2.69284771499748,1.53514719188668,0.52730442195903,3.56817575184965,0.562209405812425,3.35414535268951,4.8382992323144,1.77941009595133,2.1173732467003,-0.354233389637315,-8.43869798495854,3.32561234587403,6.27363193926685,2.59913042700876,-2.28069599844508
Iceland,ISL,General government final consumption expenditure (% of GDP),NE.CON.GOVT.ZS,17.2826708484139,18.1761350221777,18.2544458839225,16.7721436374344,17.6768655869899,18.0979063200531,18.9070512934451,19.9658791198945,19.324674018804,19.1871299703952,19.8086132636797,20.4076022431715,20.888355669959,20.7718601927377,21.2448839831067,21.1580754556115,20.7902791677992,21.2607329739298,22.090623232972,22.7170682212291,22.9521134165968,24.5183510516401,25.2547511892302,24.2964664236701,24.455800340361,24.3065823884418,23.8046959438688,24.2616429816329,25.3037992142954,24.8210386129432,24.8755883448437,24.7561661259953,24.3501065384389,24.1239060164934,23.4273546291346,23.0097492948063,23.6772641856698,24.1472081886941,24.5873763058398,28.0705864394643,27.3969214288362,25.6208448771318,25.3168862077389,..
Iceland,ISL,"Unemployment, total (% of total labor force) (national estimate)",SL.UEM.TOTL.NE.ZS,..,..,..,..,..,..,..,..,..,..,2.548,4.305,5.257,5.326,5.196,3.6,3.72,3.069,2.178,1.936,1.874,2.988,3.997,4.031,2.547,2.83,2.251,2.946,7.22,7.564,7.028,6,5.376,4.897,3.979,2.978,2.742,2.704,3.507,5.478,6.029,3.789,3.518,3.558
Iceland,ISL,"Inflation, consumer prices (annual %)",FP.CPI.TOTL.ZG,51.7932416010108,50.2432263896761,83.9500461937034,30.8523970770909,31.9946290240703,22.1284011876646,18.2977682232304,25.7255090852842,20.7581950334485,15.510721994253,6.80877887943634,3.94771176824032,4.04285291076945,1.55265627495778,1.65123150116656,2.26041898267297,1.81543080282242,1.65924170953427,3.23183260906467,5.13647123245151,6.40508550386868,5.19702230216629,2.05566329753741,3.15819324298464,3.98704782806593,6.68707906136661,5.05155736492146,12.6943942775878,12.0031298461743,5.39673113167477,4.00102664343118,5.185899887507,3.87227923748245,2.04461481539334,1.63305558181334,1.69692761997744,1.76041559180602,2.68291768267385,3.01397179156058,2.8479240151866,4.44423970189744,8.30875511558923,8.73630299937292,5.85683849970069
Iceland,ISL,"Mortality rate, infant (per 1,000 live births)",SP.DYN.IMRT.IN,7.5,7.1,6.7,6.4,6.1,5.9,5.7,5.5,5.3,5.1,4.9,4.7,4.5,4.4,4.2,4,3.8,3.6,3.4,3.2,3,2.8,2.7,2.6,2.4,2.3,2.3,2.2,2.1,2.1,2,2,2,2,2,2,2,2,2,2,2,2,1.9,..
India,IND,GDP per capita growth (annual %),NY.GDP.PCAP.KD.ZG,3.54437832702817,1.08860680268985,4.8067511214537,1.41351916765689,2.83325352775377,2.38574323107864,1.6209507634138,7.18812237907234,3.6060240805828,3.22351634312818,-1.11028105297254,3.25939544010092,2.57408951744785,4.50057521481919,5.4307028028752,5.42226141059896,2.02374489021264,4.14849485733681,6.79504192468139,1.90763005816579,2.88134658268626,1.94070548515326,6.00579964314747,6.09996522450102,6.17702892486365,6.38367720854581,6.05160013740698,1.61413451702882,6.31340985793889,6.93079780415253,3.76074153145865,4.01726735836323,4.97769997302639,6.06398074162718,6.71566734640226,6.97394690929247,5.561185034605,5.29211971914722,2.79675759965889,-6.69047102833747,8.79093447676263,6.76238601727897,8.23053143349361,5.53997317201281
India,IND,General government final consumption expenditure (% of GDP),NE.CON.GOVT.ZS,9.62616589266879,10.1725727812659,10.091120987434,10.3559108942417,10.9301926338183,11.5502571079547,11.929013421565,11.6043602340003,11.5637622995241,11.2854919029931,11.0787262464783,10.9150464795678,11.0026650353957,10.43581347191,10.5402675188309,10.3308896774711,11.0287262034071,11.9098898139839,12.1754896050679,11.9478354691139,11.7614498890899,11.3140950692424,10.8762099129119,10.4047023481415,10.3661401972455,9.80247046783494,9.86211572842642,10.5384811563533,11.459667419691,11.0076078674499,11.0844615855594,10.6838562318127,10.2951601419598,10.4408568081213,10.4282907091862,10.3085480747222,10.7671989547856,10.8232185258548,11.0026755133718,11.6124524106018,10.4763782400684,10.255037910793,10.3054222433801,10.1442293317158
India,IND,"Unemployment, total (% of total labor force) (national estimate)",SL.UEM.TOTL.NE.ZS,..,..,..,..,..,..,..,..,..,..,..,..,..,2.147,..,..,..,..,..,2.731,..,..,..,..,3.804,..,..,..,..,3.115,..,3.222,..,..,..,..,..,7.652,6.51,7.859,6.38,4.822,4.172,4.173
India,IND,"Inflation, consumer prices (annual %)",FP.CPI.TOTL.ZG,13.112546897642,7.89074279377488,11.8680812986733,8.3189071186008,5.55642423236556,8.7297207270258,8.80112581251832,9.38347186185334,7.07428002942302,8.97123250273253,13.8702461773683,11.7878170418135,6.32689048779865,10.2479355556119,10.2248861637544,8.97715233826453,7.16425211462724,13.2308389767977,4.66982038037593,4.00943591045191,3.77929312235638,4.29715203929563,3.8058589952885,3.76725173477515,4.24634362031923,5.79652337561633,6.37288135593232,8.34926704907581,10.8823529411764,11.9893899204244,8.9117933648337,9.47899691419798,10.0178784746103,6.66565671867896,4.9069734412726,4.94821634062135,3.328173374613,3.93882646691633,3.72950573539127,6.62343677628536,5.13140747176368,6.69903414079849,5.64914318907929,4.95303550973652
India,IND,"Mortality rate, infant (per 1,000 live births)",SP.DYN.IMRT.IN,105.3,102.5,99.9,97.6,95.3,93.1,90.8,88.5,86.4,84.3,82.4,80.6,78.9,77.3,75.6,73.8,72,70.2,68.2,66.3,64.3,62.4,60.5,58.6,56.7,54.8,52.8,50.8,48.7,46.7,44.6,42.5,40.5,38.5,36.6,34.7,33,31.3,29.7,28.2,26.8,25.6,24.5,..
Indonesia,IDN,GDP per capita growth (annual %),NY.GDP.PCAP.KD.ZG,5.42548184888216,-0.090754298915698,1.84400961162603,4.61668091109382,0.296454822426725,3.76041936038696,2.90852258131132,3.78043944270728,5.4609864812478,5.31384899911562,5.03614580488336,4.66756863412716,4.69961217882648,5.74209717065936,6.43541890424098,6.05859636441346,3.01090769720686,-14.489150562289,-0.712606708277562,3.4278636272189,2.21481343921472,3.09230929876641,3.40244595178829,3.7043674512371,4.3443558422024,4.11201890218061,4.94958392275811,4.64721758277069,3.31160021271401,4.89326246908787,4.82294276512758,4.67540374198676,4.25603923226443,3.77968595157438,3.70583428895539,3.91054275495577,4.00109865179923,4.15930013909383,4.0413041818536,-2.89423403981894,2.97476192227879,4.52447576618876,4.16753001019646,4.1790017564892
Indonesia,IDN,General government final consumption expenditure (% of GDP),NE.CON.GOVT.ZS,10.7129768449109,11.4563175175994,10.9600584008163,10.4777680265764,12.03547689631,11.2424777587402,9.42460516164077,8.97633295990002,9.38937594169801,9.53444118831967,9.13808824964761,9.51626587965038,9.02331220180498,8.11418145113923,7.82906404883809,7.56695858557029,6.84280506576593,5.69350779254274,6.60445694203931,6.53199497269296,6.8890593699167,7.25745833839691,8.12948626357009,8.32186800551366,8.10950772075692,8.62716880197776,8.34646967931201,8.42378092010217,9.58917814654342,9.00591499311107,9.05867718048359,9.24878837149533,9.51771996272418,9.4250257185865,9.74941376966575,9.52781009028137,9.12057115207813,9.02123180420785,8.80847129067065,9.65575053126545,9.24694161503832,7.68965394773072,7.45486118997106,7.73094373341047
Indonesia,IDN,"Unemployment, total (% of total labor force) (national estimate)",SL.UEM.TOTL.NE.ZS,..,2.85,..,..,2.1,2.59,2.55,2.74,..,2.541,2.617,2.734,2.782,4.366,..,4.861,4.684,5.459,6.358,6.077,6.082,6.604,6.657,7.303,7.945,7.551,8.06,7.208,6.106,5.614,5.153,4.468,4.336,4.049,4.514,4.301,3.783,4.387,3.59,4.255,3.827,3.462,3.308,..
Indonesia,IDN,"Inflation, consumer prices (annual %)",FP.CPI.TOTL.ZG,12.2659075874853,9.44542534921142,11.7997382076652,10.4550392231412,4.72453518543398,5.82266576732484,9.27865406602837,8.04535671530913,6.41554079916364,7.8191975650563,9.41906784347004,7.52351006242677,9.67191089264012,8.53199829189147,9.42030300572991,7.97328096513349,6.22615154887212,58.4510413515526,20.4778324428892,3.68862037056682,11.5001160550887,11.9001200338414,6.75731256333563,6.06406189133647,10.4532001873347,13.108670985346,6.40656087966005,10.2266663272483,4.38641311792073,5.13420639015885,5.35604849112584,4.27951426919427,6.41249457900392,6.39492882396561,6.36312061196643,3.52580452815451,3.80879857691949,3.19834755924998,3.03058460941658,1.91983527270797,1.56007882983335,4.20946463714783,3.6693865485976,2.18151273615187
Indonesia,IDN,"Mortality rate, infant (per 1,000 live births)",SP.DYN.IMRT.IN,84.4,82.4,80.3,78.2,76.1,73.9,71.7,69.3,66.8,64.3,61.7,59.2,56.7,54.2,51.8,49.5,47.3,45.2,43.2,41.3,39.5,37.7,36.1,36.7,33.2,31.8,30.5,29.3,28.2,27.1,26.1,25.1,24.1,23.2,22.3,21.5,20.7,19.9,19.3,18.6,18,17.5,17,..
"Iran, Islamic Rep.",IRN,GDP per capita growth (annual %),NY.GDP.PCAP.KD.ZG,-10.5186777699465,16.8200981791697,6.84545893135487,-10.5680696231752,-1.80642412174734,-13.0531630994568,-3.68691263044994,-9.0649897058863,3.0771606542238,10.3353954087594,9.69687907507885,1.27532296311918,-1.82171593190041,-1.88532440365516,1.27346796274705,5.20766542353674,0.142695058232249,0.687371259354634,0.560168990023996,4.29451656438613,0.823553037665022,7.19000975877722,7.4418012713853,2.12837885588506,0.931246307812401,2.76183107731909,6.40171006299634,-0.959303456532822,-0.239219316678714,4.48194623857125,1.38495950476558,-4.94408603979214,-2.80061992960037,3.58412137758097,-2.75798228082124,7.26636493161325,1.29069810896512,-3.08186701673711,-4.11017939543771,2.5389746580567,3.85313178994835,2.53772563042168,3.78764803332901,1.96081503423335
"Iran, Islamic Rep.",IRN,General government final consumption expenditure (% of GDP),NE.CON.GOVT.ZS,21.451469284025,18.4845562037213,16.2361109912184,15.1126395417477,15.9048943230521,15.2449882366849,14.3501876170717,15.0339843271237,11.9808303308844,10.846374281202,10.2762568673501,9.71463556374536,14.2309068182684,14.3535174186751,14.2514841915935,12.3681297556766,11.592726368033,13.0491067110414,11.8162972088122,12.9321140865271,12.8715629189835,11.7171068008002,11.4195212230258,11.2363034938147,12.0762428705559,12.4659204560693,9.47709713702345,10.0527121231927,11.1823199504617,10.8045401697855,13.2008336811217,13.3279001556293,12.973939207079,12.8201259776576,15.5688232193039,15.7806947510813,16.0623126390332,15.7471688919778,15.3002757124463,14.4316679808889,14.2335765896255,12.7321823762365,12.8792118774573,12.918381232989
"Iran, Islamic Rep.",IRN,"Unemployment, total (% of total labor force) (national estimate)",SL.UEM.TOTL.NE.ZS,..,..,..,..,..,14.2,..,..,..,..,11.1,..,..,..,..,9.1,..,..,..,..,..,12.8,..,10.3,11.813,11.519,10.772,10.63,12.113,13.679,12.491,12.275,10.595,10.68,11.166,12.618,12.232,12.195,10.74,9.687,9.282,9.085,8.129,..
"Iran, Islamic Rep.",IRN,"Inflation, consumer prices (annual %)",FP.CPI.TOTL.ZG,..,..,..,..,..,..,..,..,..,..,..,..,..,..,..,..,..,..,..,..,..,..,..,..,..,10.0158982511924,17.3410404624277,25.4105090311987,13.5515548281506,10.0893629287979,26.2933856738608,27.2568127242908,36.6030355191029,16.6065532357449,12.4846815611533,7.24542548952977,8.04492437660281,18.0141183371874,39.9073455697784,30.5941390387295,43.3890162681515,43.4884641742178,44.5791857572797,32.455871402917
"Iran, Islamic Rep.",IRN,"Mortality rate, infant (per 1,000 live births)",SP.DYN.IMRT.IN,81.8,76.3,71.4,67.2,63.4,60,56.9,53.9,51.1,48.6,46.4,44.3,42.5,40.9,39.3,37.8,36.3,34.7,33.1,31.5,29.8,28.1,26.4,24.8,23.3,21.8,20.5,19.2,18.1,17.2,16.4,15.7,15,14.4,13.9,13.5,13,12.5,12.1,11.7,11.4,11,10.7,..
Iraq,IRQ,GDP per capita growth (annual %),NY.GDP.PCAP.KD.ZG,-3.66574052775007,0.564164779692348,-15.6181775930612,-4.51053591606907,-0.957028055065692,2.10391665862136,6.34850985229411,-2.31190068127913,-5.66113678617484,55.872942314425,-64.4235820475039,28.7262616646537,24.1804989009327,-0.985588929012721,-1.24405312450729,7.53308314950148,17.5462697125811,30.8254376046276,13.8387011482436,13.0301611362924,-1.35847551126994,-11.0582696179366,-38.5382182871903,49.0738525824483,-1.29394759634579,4.86652515076509,2.69566336957755,6.06351402987207,-0.359808708496018,3.01924651269078,3.81441942451566,8.88055394419878,2.6646473210161,-1.2842545257663,-0.153622231589026,11.0984155585203,-3.98546687274897,0.267762550620816,3.14043943264693,-13.9675322686437,-0.74745630947109,5.51097802061808,-1.72015237086252,-3.6151190083088
Iraq,IRQ,General government final consumption expenditure (% of GDP),NE.CON.GOVT.ZS,30.3712908371449,35.1420009909789,43.3824578084146,34.287226219684,29.5221092740378,35.8503958503958,32.2375,32.2145716902873,29.3518686391054,10.9822713740356,16.567808987176,7.55062184862269,4.90345157997792,2.57697251046809,2.33168693478405,2.44204185970716,8.52411001975466,17.6376900471641,11.2586945258951,11.8387149559557,15.7062935317841,19.3061980262286,12.2747950007322,25.5637373962129,19.9682737953206,15.6760902891501,18.7262407974136,16.6463870606304,21.063292705435,18.9188448476728,19.6730397838995,16.5831656707271,17.4553799427346,18.0026366207318,18.6660985734816,18.3892282517436,16.3052516699702,15.8794898494183,19.3153864358706,22.5089088159129,17.7173083564783,13.7692467945466,17.527542508163,20.3142335991866
Iraq,IRQ,"Unemployment, total (% of total labor force) (national estimate)",SL.UEM.TOTL.NE.ZS,..,..,..,..,..,..,..,..,..,..,..,..,..,..,..,..,..,..,..,..,..,..,..,..,..,..,8.646,..,..,..,..,7.965,..,10.59,..,10.82,13.02,..,..,..,16.173,..,..,..
Iraq,IRQ,"Inflation, consumer prices (annual %)",FP.CPI.TOTL.ZG,..,..,..,..,..,..,..,..,..,..,..,..,..,..,..,..,..,..,..,..,..,..,..,..,..,..,..,..,..,..,..,..,..,..,..,0.556521397155535,0.184058898847663,0.36744148893688,-0.198965380023939,0.574162679425837,6.0418648905804,4.99476596381041,4.35835351089588,-12.2969837587007
Iraq,IRQ,"Mortality rate, infant (per 1,000 live births)",SP.DYN.IMRT.IN,55.4,53.7,52.1,50.6,49.3,48.1,47,51.3,55.7,54.8,48.7,43.3,42.7,42.1,41.5,40.9,40.3,39.7,39,38.4,37.7,37,36.4,35.7,35,34.3,33.5,32.7,31.8,30.9,30.1,29.2,28.4,27.5,26.7,25.9,25.1,24.4,23.6,22.9,22.2,21.5,20.8,..
Ireland,IRL,GDP per capita growth (annual %),NY.GDP.PCAP.KD.ZG,2.12229760377771,1.32102258159226,-0.949007615290526,3.7096794462929,2.92073529838328,-0.473563550621577,4.65223958338599,5.66837853011739,6.23404066287827,8.37500602476058,1.34529862769614,2.64060857627855,2.18059062365697,5.33977005775652,9.07377130699068,6.53331148186842,9.91398288968142,7.63750836818981,9.29087850896728,7.95480645032877,3.64247023723117,4.12975664122055,1.34938637949553,4.8534565665868,3.46094156561428,2.1951906567204,2.30922959812385,-6.41164491316839,-6.05481058409336,1.1304243741418,1.20647678481257,-0.820120764218643,1.65549121120168,8.53969999010454,23.4436904754352,-0.0688065317401794,8.57416017455186,5.99470495414671,3.38500422872676,5.81217041868747,14.6441903397342,6.48890643608225,-7.21671218552092,-0.145596404536903
Ireland,IRL,General government final consumption expenditure (% of GDP),NE.CON.GOVT.ZS,22.138624749206,21.999691327741,21.5094630067083,20.7952064388767,20.643390936299,20.8783885777007,19.7000271654266,17.9558921105549,16.6751579550315,17.1603596265385,18.1528514606671,18.5489721857361,18.3433303111039,18.1645728775386,17.2179345251553,16.5925497867603,16.1188292416928,15.5479515599581,15.0261987411711,14.7459204426839,15.3998306188885,15.8062322641555,16.0558800096065,16.1660379632399,16.0571073028133,16.2267367718476,16.8469994194329,18.6524250310558,20.04062843098,18.6594786669712,18.9110634871702,18.0666348837233,16.8177627364232,15.9698382433587,12.1030993591123,12.5240695012169,11.9231267822528,11.7534973694787,11.8145031159268,12.6067388132502,11.685370111011,11.0608483578787,12.1690950536608,..
Ireland,IRL,"Unemployment, total (% of total labor force) (national estimate)",SL.UEM.TOTL.NE.ZS,..,..,14.764,16.438,17.92,18.02,18.056,17.431,16.092,14.077,15.771,15.021,15.571,14.544,11.97,11.692,10.191,7.699,5.804,4.318,3.684,4.216,4.478,4.491,4.237,4.355,4.98,6.774,12.609,14.534,15.354,15.451,13.735,11.858,9.908,8.374,6.713,5.741,4.95,5.623,6.357,4.465,4.243,4.271
Ireland,IRL,"Inflation, consumer prices (annual %)",FP.CPI.TOTL.ZG,20.3735110701934,17.1471262037092,10.4476255348594,8.65111053796387,5.39548620170352,3.82704166542658,3.15941034835015,2.13456989107103,4.08905388153545,3.31732886680118,3.21081037142378,3.06999853835903,1.46941522411422,2.30920192610952,2.52486446780801,1.7557446960742,1.5418020226137,2.40768094534715,1.62988605221407,5.57763269940386,4.85280279607477,4.62820512820515,3.49221909079765,2.17854605730523,2.45654692931639,3.93576114001353,4.88574537540807,4.03568834941386,-4.44754686876747,-0.918388645376769,2.54897830208553,1.69474116680362,0.515099484900551,0.190916398713822,-0.330959783371778,0.0201247735962648,0.362173038229412,0.471130713712891,0.937842961189285,-0.326183651280059,2.34034113447046,7.82945736434107,6.29942487419122,2.11344999577319
Ireland,IRL,"Mortality rate, infant (per 1,000 live births)",SP.DYN.IMRT.IN,11,10.3,9.7,9.3,8.9,8.6,8.4,8.2,8,7.6,7.2,6.7,6.4,6.1,6.1,6.1,6.1,6.1,6.1,6,5.8,5.5,5.1,4.7,4.4,4.1,3.9,3.8,3.7,3.6,3.5,3.4,3.3,3.3,3.2,3.1,3,3,3,3.1,3.2,3.3,3.4,..
Isle of Man,IMN,GDP per capita growth (annual %),NY.GDP.PCAP.KD.ZG,..,..,..,..,0.616951121008327,18.5642750122377,8.38520288055918,10.0130519130004,5.09571927624141,2.48469388635746,0.30669388521072,0.0191402471247955,1.99256058992141,3.42131414665177,3.79682396662615,6.90175224377177,7.31602122799377,12.0370958218258,12.2876785621037,4.09055253299996,4.27400134298588,5.10192250991517,4.94881389767924,4.20797850373191,4.93577075888795,6.6564512619359,6.36998309806449,3.77208525293702,0.979767326548526,2.24854803434695,1.38472598626136,7.3636916765798,4.38197664616249,5.46721088334894,-0.0295616197691402,7.11503908245226,2.66187031478451,1.97434466746698,0.0733713448695283,-8.952853097019,3.78598283934312,-4.19501000433891,..,..
Isle of Man,IMN,General government final consumption expenditure (% of GDP),NE.CON.GOVT.ZS,..,..,..,..,..,..,..,..,..,..,..,..,..,..,..,..,..,..,..,..,..,..,..,..,..,..,..,..,..,..,..,..,..,..,..,..,..,..,..,..,..,..,..,..
Isle of Man,IMN,"Unemployment, total (% of total labor force) (national estimate)",SL.UEM.TOTL.NE.ZS,4.6,5.9,7.1,7.4,8,7.7,5.8,3.3,2,2.1,4.1,4.3,4.9,4.7,4.4,3.54,..,..,0.8,0.6,1.6,0.5,0.8,1,1.4,2.42,1.4,1.4,..,..,3.31,..,2.598,1.98,..,2.67,..,..,..,..,..,..,..,..
Isle of Man,IMN,"Inflation, consumer prices (annual %)",FP.CPI.TOTL.ZG,..,..,..,..,..,..,..,..,..,..,..,..,..,..,..,..,..,..,..,..,..,..,..,..,..,..,..,..,..,..,..,..,..,..,..,..,..,..,..,..,..,..,..,..
Isle of Man,IMN,"Mortality rate, infant (per 1,000 live births)",SP.DYN.IMRT.IN,..,..,..,..,..,..,..,..,..,..,..,..,..,..,..,..,..,..,..,..,..,..,..,..,..,..,..,..,..,..,..,..,..,..,..,..,..,..,..,..,..,..,..,..
Israel,ISR,GDP per capita growth (annual %),NY.GDP.PCAP.KD.ZG,3.26295139597829,0.18317316547973,1.49586777103204,-0.377291911571191,2.21819866526307,2.59057489149308,5.42312177953472,1.21878912833797,-1.11708158476264,4.04507939070038,1.43538016006042,4.09927943070052,1.38569527041521,4.68195851697766,3.79606677263391,3.10605874021471,1.05577005544572,1.75806760751156,0.700091057272843,5.75056411535006,-2.05810142001393,-2.12531106462188,-0.366188460974456,2.81436914832607,2.56366494259233,3.75119939110648,4.45161075798397,1.40446742128471,-1.15337011091322,3.62399103334153,3.58663560932411,0.573190077448643,2.16142471851542,1.80280307810176,0.231915657737829,2.4319477135746,2.34341452190721,2.01931484013397,1.74945844686911,-3.73449084409626,7.56395048301559,4.19414564339442,-1.18723021329285,-0.396212603094554
Israel,ISR,General government final consumption expenditure (% of GDP),NE.CON.GOVT.ZS,37.5350485562843,33.6699737447156,30.9752223237797,33.736109859633,31.7672703095065,26.8493098739093,29.3698050459422,27.6689514201601,26.1978794449153,26.7408541484626,26.0742502429634,24.7760315687357,24.8322834955944,24.6087533080099,25.8113487640052,25.8370963127252,25.4297739268995,24.9219883044944,24.3856938859891,23.1826154119071,24.2247006937101,25.2888846212308,24.6993612269659,23.544843311633,23.014557087358,22.525465236518,21.8374413329032,21.8125701385229,22.0061542056173,21.8954473452812,21.7733543239687,22.0038394447968,22.0526120672646,21.9318746180128,21.9177306694707,21.9138156537504,22.0647725999189,22.3715311976857,22.1367419361983,23.3727199721885,22.1207775122752,20.8858862559158,22.3099973815371,..
Israel,ISR,"Unemployment, total (% of total labor force) (national estimate)",SL.UEM.TOTL.NE.ZS,4.92,4.81,4.32,5.69,6.33,..,..,..,..,9.565,10.575,11.171,10.017,7.813,6.872,6.682,7.681,8.535,8.892,8.78,9.364,10.302,10.72,10.369,8.993,8.404,7.319,6.1,7.61,6.637,5.604,6.762,6.137,5.789,5.176,4.723,4.14,3.917,3.731,4.169,4.812,3.695,3.371,2.901
Israel,ISR,"Inflation, consumer prices (annual %)",FP.CPI.TOTL.ZG,116.799989401855,120.364409812253,145.951502714297,373.215631362847,307.161914643941,47.6449275362318,19.079754601227,16.3833075734158,20.3187250996016,17.2553348050036,19.1088798242862,12.0653319283457,10.8838740009403,12.253550985796,9.93389990557126,11.4585122831129,8.95499383477184,5.48875371339657,5.18975459299982,1.0326364099949,1.1230283911672,5.8023458946843,0.707630616818064,-0.421595034547413,1.34070328119492,2.05407914587443,0.46622697293607,4.52744765138651,3.3676231727125,2.70270270270273,3.48837209302326,1.67553715750051,1.58976347421478,0.467557251908428,-0.617342577642716,-0.53516819571867,0.249807840122998,0.805060379528465,0.817645940292847,-0.575254620897805,1.47965474722565,4.41162725488366,4.22522603168918,3.0748088980503
Israel,ISR,"Mortality rate, infant (per 1,000 live births)",SP.DYN.IMRT.IN,14.7,14.1,13.4,12.8,12.2,11.6,11,10.5,10.1,9.6,9.2,8.7,8.1,7.6,7.2,6.8,6.4,6.1,5.8,5.6,5.4,5.1,4.9,4.7,4.5,4.3,4.1,3.9,3.8,3.7,3.5,3.4,3.3,3.2,3.1,3.1,3,2.9,2.9,2.8,2.8,2.7,2.7,..
Italy,ITA,GDP per capita growth (annual %),NY.GDP.PCAP.KD.ZG,0.723232420822413,0.339224989639675,1.13249109531979,3.20278304793516,2.76838146298121,2.85436689178144,3.18143029577409,4.14404206747851,3.31086198546745,1.90043980216616,1.4681756454128,0.765807563298623,-0.913401690042861,2.13021550826906,2.88520231073102,1.31710619734164,1.87180969818361,1.7750842893435,1.66088992098732,3.83504714661416,1.94399983338882,0.0717374312631875,-0.472767256846353,0.721242547682493,0.176020373979568,1.3930148978998,0.846872548383672,-1.7836019705945,-5.85255775999181,1.0811087798198,0.347491108002188,-3.38984189684089,-2.01397031609169,-0.0164634913490715,1.03826511770654,1.42884453159633,1.79499729937032,0.581227670101029,1.13464411867925,-8.42323993924451,9.49416108466208,5.0334454866795,0.749844869236014,0.738517574554052
Italy,ITA,General government final consumption expenditure (% of GDP),NE.CON.GOVT.ZS,17.8264926680474,17.9000893197021,18.296529236693,18.0932996271297,18.241254507,17.9365821012998,18.6630716960339,19.0578201244096,18.8678787005744,19.5579653563318,19.6461478060239,19.4854992736461,19.3378408862545,18.6489669191549,17.394685967757,17.5849972712837,17.6387071181991,17.4915934783477,17.5114477121433,17.6899799974967,18.3367541043712,18.4739860052468,18.9117941725871,19.0931359128263,19.5433431498437,19.3941241808101,18.9469848114449,19.4883090708703,20.5892052227792,20.4683139046718,19.7131321083587,19.7044703023489,19.7032469855095,19.437905453041,19.0193134916677,18.9253442826016,18.7448158290116,18.8133907214108,18.5421071991348,20.5680570300128,19.1946040488087,18.7892572071706,17.7580827535083,..
Italy,ITA,"Unemployment, total (% of total labor force) (national estimate)",SL.UEM.TOTL.NE.ZS,..,9.03,8.531,9.404,9.404,10.535,10.719,10.973,10.989,9.781,10.097,9.321,10.212,11.086,11.661,11.864,11.985,12.117,11.681,10.834,9.599,9.211,8.869,7.866,7.73,6.777,6.076,6.723,7.749,8.363,8.359,10.655,12.149,12.683,11.896,11.688,11.211,10.538,9.884,9.192,9.497,8.069,7.627,6.499
Italy,ITA,"Inflation, consumer prices (annual %)",FP.CPI.TOTL.ZG,17.9692987519672,16.4804146202214,14.646576674877,10.7944960076811,9.20599144253118,5.82354691862017,4.7472849038979,5.05824747667119,6.25983137956976,6.45660906146399,6.24999929790291,5.27058998592932,4.62673468331297,4.05184218065717,5.23542258044301,4.0069766898104,2.04310779750136,1.9550855771938,1.66345995007715,2.53768532095001,2.78516542713554,2.46532319171166,2.67255552772849,2.20673661423658,1.9852929852798,2.09084391012754,1.82974112202403,3.34783258401022,0.774768131387376,1.52551602118248,2.78063272879327,3.04136333226773,1.21999342274302,0.241047429826794,0.0387903996579146,-0.094016656915686,1.22653316645805,1.13748763600396,0.611246943765281,-0.137707573916501,1.87378325762482,8.20128991161714,5.62219442195906,0.98237302306138
Italy,ITA,"Mortality rate, infant (per 1,000 live births)",SP.DYN.IMRT.IN,13.4,12.6,11.9,11.2,10.5,9.9,9.5,9,8.7,8.4,8.1,7.7,7.3,6.8,6.4,6,5.6,5.3,5,4.7,4.5,4.3,4.1,3.9,3.8,3.7,3.6,3.5,3.4,3.4,3.3,3.2,3.1,3.1,3,2.9,2.8,2.7,2.6,2.5,2.5,2.4,2.3,..
Jamaica,JAM,GDP per capita growth (annual %),NY.GDP.PCAP.KD.ZG,1.30983951006804,0.676546300869177,0.498067367545517,-2.83493397320349,-4.04925281880665,0.936567842364539,7.03155216927713,3.26671311953872,6.44098788781847,3.41413068657693,3.92158552980375,0.953437711419156,8.29096100091584,0.346954538166685,1.32934397490708,-1.07569221204706,-2.04782575363366,-3.16642938278055,0.26501914703465,0.181209196854098,0.704785920867224,1.37273149359085,3.03997803927362,0.732138403670433,0.336548930834084,2.36949906722994,0.95234064060196,-1.24242279885732,-4.74232025618744,-1.87206742805603,1.2908765013528,-1.04151903068518,0.111200803996184,0.327176682132958,0.605132260676996,1.10893368508316,0.787328430117569,1.73337266920288,0.77886572563142,-10.1579688856056,4.34549459335136,5.16733666750156,2.58146687304578,-0.697441265421915
Jamaica,JAM,General government final consumption expenditure (% of GDP),NE.CON.GOVT.ZS,20.6335167423543,21.9529231834152,20.1081061587241,16.4716571346189,14.8908280619539,14.2521401703256,13.8477384055748,14.3617484207158,12.9228492738786,13.0361627903991,11.6015386086547,9.34656930784729,10.5141391962983,9.31192940250439,9.99922127814214,11.9198565900794,13.478189233992,14.6774936793992,13.5632395916791,13.957771985254,14.2569687626353,14.7281401748999,14.2159005344254,12.8856633063577,14.2112538484826,13.8898380286,14.8875605217517,16.2060225937496,16.538645304637,16.1200609656127,15.804842742254,16.277054102879,15.5003575179318,14.5182933037941,13.816001547289,13.8399466204801,13.3827785913115,13.4379511959792,13.5821416742441,..,..,..,..,..
Jamaica,JAM,"Unemployment, total (% of total labor force) (national estimate)",SL.UEM.TOTL.NE.ZS,25,26.7,..,..,33.39,..,..,23.03,..,15.72,15.74,15.75,16.32,15.34,16.23,16.01,16.35,15.5,15.74,15.539,14.93,14.19,11.731,12.205,11.263,10.325,9.745,6.666,7.314,7.63,8.034,8.695,9.698,9.046,13.511,8.634,7.399,5.47,4.987,6.501,5.188,4.083,3.022,..
Jamaica,JAM,"Inflation, consumer prices (annual %)",FP.CPI.TOTL.ZG,..,..,..,..,..,..,..,..,..,..,..,..,..,..,..,..,..,..,..,..,6.80190930787589,7.07635009310985,10.0869565217392,13.5545023696682,15.0528658875905,8.56106408706158,9.24482067275562,22.0228384991843,9.59224598930481,12.6105519975603,7.55585646580902,6.87397708674309,9.34150076569673,8.27407886231418,3.69154228855719,2.35102197485846,4.37839864991563,3.73663882152162,3.90510000865874,5.2267777929352,5.86278242801063,10.3495688391272,6.47413734662062,5.4119444798166
Jamaica,JAM,"Mortality rate, infant (per 1,000 live births)",SP.DYN.IMRT.IN,31.7,30.8,29.9,29.1,28.4,27.6,26.9,26.3,25.7,25.1,24.5,23.9,23.3,22.7,22.1,21.4,20.7,20.1,19.5,18.9,18.5,18.2,18,17.9,17.8,17.9,17.9,17.9,17.9,17.9,17.9,17.8,17.8,17.7,17.6,17.6,17.6,17.7,17.8,18,18.1,18.3,18.3,..
Japan,JPN,GDP per capita growth (annual %),NY.GDP.PCAP.KD.ZG,3.50388629389494,2.56581541913945,2.91186541361184,3.73615647910013,4.50363061476536,2.74561524729424,4.14563058830026,6.21872855338339,4.50717015963824,4.4936612037378,3.11749463335597,0.526745036286385,-0.781376228236013,0.801559685146586,2.39051955802327,2.90014123428134,0.740905952757132,-1.53824407567605,-0.515740589995616,2.59289108643961,0.144511690081188,-0.190392013639268,1.31809196260171,2.15172332915763,1.79433980048837,1.3081271829718,1.36742232597771,-1.27210994875956,-5.68145234041657,4.07922304856318,0.209251802844406,1.53678665868971,2.15237106568597,0.429381122519686,1.66846511717627,0.805362824501671,1.75861180168305,0.771168471505248,-0.262170828573062,-3.88641911578898,3.17001738751661,1.39102754851621,1.97080161121153,0.520666034926037
Japan,JPN,General government final consumption expenditure (% of GDP),NE.CON.GOVT.ZS,14.3720738675364,14.4874970981903,14.5277976279808,14.3078536311297,13.9959335513739,13.9202706254351,13.8581145703011,13.4700096288535,13.3367102251523,13.3193263921511,13.3603123526588,13.7426283498214,14.3483678224167,14.7483119048313,15.079728572976,15.1459373245418,15.3019416593352,15.6654067661838,16.216773574862,16.549191407008,17.2289905143177,17.7749067788644,17.8364695899716,17.7233548337375,17.7438933244397,17.595075361072,17.6343087480996,18.025030322619,19.3337393097808,19.2025962424431,19.885399284228,19.9573325085164,19.854370134417,19.9261773555302,19.617744139153,19.6572481017318,19.4117955495929,19.5636743323798,19.9451059201578,20.9756766472836,21.2457665716874,21.5663525457355,..,..
Japan,JPN,"Unemployment, total (% of total labor force) (national estimate)",SL.UEM.TOTL.NE.ZS,2.2,2.4,2.6,2.7,2.6,2.8,2.8,2.5,2.3,2.1,2.1,2.2,2.5,2.9,3.2,3.4,3.4,4.1,4.7,4.748,5.02,5.386,5.251,4.734,4.446,4.192,3.888,4.002,5.068,5.102,4.55,4.358,4.038,3.589,3.385,3.132,2.822,2.467,2.351,2.809,2.808,2.614,2.6,2.5
Japan,JPN,"Inflation, consumer prices (annual %)",FP.CPI.TOTL.ZG,4.91216291820522,2.7410409556314,1.89971971348485,2.26161369193155,2.0322773460849,0.595586799453245,0.126176841696592,0.67855758045755,2.27228962064317,3.0785162869516,3.25143848753308,1.76028306059271,1.24304589707924,0.695458057868984,-0.127899045020453,0.136600358575942,1.74780458692129,0.661974191385939,-0.341296928327602,-0.67657868359508,-0.740055504162812,-0.923494026942286,-0.25654181631606,-0.00857338820306043,-0.282946068764429,0.249355116079105,0.0600394544986545,1.38007886164926,-1.35283672951723,-0.728243207517766,-0.272455616101245,-0.0440645104432608,0.335037912184772,2.75922671353253,0.795279630579784,-0.127258844489712,0.484199796126422,0.989094598021811,0.468776159383928,-0.024995834027682,-0.23335277939831,2.49770278172251,3.26813365933164,2.73853681635243
Japan,JPN,"Mortality rate, infant (per 1,000 live births)",SP.DYN.IMRT.IN,7,6.5,6.2,5.8,5.5,5.2,5,4.8,4.7,4.6,4.5,4.4,4.4,4.3,4.1,4,3.8,3.6,3.4,3.3,3.1,3,2.9,2.8,2.7,2.7,2.6,2.5,2.4,2.4,2.3,2.2,2.2,2.1,2,2,1.9,1.9,1.8,1.8,1.8,1.8,1.8,..
Jordan,JOR,GDP per capita growth (annual %),NY.GDP.PCAP.KD.ZG,12.5767087498707,2.55382662419659,-6.47345529364759,-0.319725177301962,-7.05276724700074,0.752136656039752,-2.30153426988687,-3.15822686573341,-14.9024400633683,-7.77277478563106,-6.00185291540443,8.46165434064829,-0.807674227489841,0.0608321468427988,1.93929287053838,-1.24666808036049,0.569931792363377,0.658442073539419,1.19180638460756,2.10734677821851,3.12682361391026,3.57676471497919,1.88023738458077,5.97888573730077,5.50057037395844,1.4032017956128,1.84052436528839,4.72560086199387,2.79012172938629,0.137449407888951,0.218599818569089,0.988823291779653,-2.58592238614169,-6.02217249989295,-5.58980174753611,-2.71126216102509,0.192083988017671,-0.302781677584093,-0.247049289948436,-2.86253982856009,1.77173055809841,0.915646680170994,1.23863426474166,1.48055685000026
Jordan,JOR,General government final consumption expenditure (% of GDP),NE.CON.GOVT.ZS,31.5062819273782,28.9618810981153,26.4972573603493,27.9939257474996,26.9816299604182,25.2845347020754,25.6570603927056,25.7192713653388,25.5122655122655,24.0447647676651,25.0845165652468,21.8978506536672,22.0857790134899,22.6195120831708,23.5709589157316,24.5154328528382,25.5484398419403,24.3680701629292,23.9984078362148,23.6984680014003,22.9174851108632,22.6906093612011,23.1853583631912,21.2967655019837,19.5303396970512,20.6390392865841,20.6029032337837,18.3767022469887,20.921952678848,19.247338736188,20.0647396505336,19.1135218893324,18.2645769913954,18.2212045749756,17.8232606852775,17.2505641942481,16.9453719425362,16.7438960469568,16.3717377599542,16.549956438323,15.8410812024988,..,..,..
Jordan,JOR,"Unemployment, total (% of total labor force) (national estimate)",SL.UEM.TOTL.NE.ZS,..,..,6.6,..,..,13.3,14.8,..,..,..,..,..,19.7,..,14.6,13.7,..,..,..,13.7,14.7,15.3,14.5,..,14.8,14,13.1,12.7,12.9,12.5,12.9,12.2,12.6,11.9,13.075,15.275,18.12,18.257,16.801,19.213,19.837,18.2,16.62,..
Jordan,JOR,"Inflation, consumer prices (annual %)",FP.CPI.TOTL.ZG,..,..,..,..,..,..,..,..,..,..,..,..,..,..,..,..,..,..,..,..,..,..,..,..,..,..,4.74390639021647,13.9712310012729,-0.73906974314477,4.84551875852119,4.16244162927783,4.51522956670997,4.82462314269536,2.89947905006051,-0.876851359704029,-0.77843046305416,3.32389447576103,4.46231108475482,0.76151404726555,0.333294350628422,1.34609377243117,4.22915568897118,2.08486986327134,1.55659611283951
Jordan,JOR,"Mortality rate, infant (per 1,000 live births)",SP.DYN.IMRT.IN,44.4,42.5,40.7,39,37.4,35.9,34.5,33.2,32,30.9,29.9,28.9,28.1,27.2,26.4,25.7,25,24.2,23.5,22.9,22.2,21.6,20.9,20.3,19.7,19.1,18.5,18,17.5,17,16.6,16.2,15.8,15.4,15,14.7,14.3,14,13.6,13.3,12.9,12.6,12.2,..
Kazakhstan,KAZ,GDP per capita growth (annual %),NY.GDP.PCAP.KD.ZG,..,..,..,..,..,..,..,..,..,..,-11.64152153699,-5.59517557101667,-8.89440884902913,-11.416894545868,-6.48128800058484,2.42544484330412,4.06306962919871,0.579278352126394,3.97519541542795,9.47962640033421,12.9575000867226,9.23105777770729,8.67044524900558,8.88930817801581,8.88963565884097,9.76786673957737,7.871783713981,2.23526924918258,0.0228479849101006,5.91730119035698,5.95764573473487,3.34601033412712,4.48819679131283,2.6806378826727,-0.299093532608879,-0.438395201172128,2.49076945691363,2.5560669084423,2.99405538115775,-3.86406094514987,2.91864170117744,1.70100297910589,3.57238732767919,3.46424927708175
Kazakhstan,KAZ,General government final consumption expenditure (% of GDP),NE.CON.GOVT.ZS,..,..,..,..,..,..,..,..,..,..,..,18.2006633499171,13.8969041331471,10.6817786812157,13.5820901409006,12.9111452398683,12.3806732978798,10.7813901348525,11.540691459567,12.0767839829015,13.4140558279007,11.6095049481668,11.2575472813135,11.6145025847194,11.248528853508,10.1808622102763,11.0539227321465,10.1884933177761,11.6629260943621,10.812344717753,10.4758481012217,11.5216030974968,10.17335661126,10.6896762840233,11.6327261488061,11.6308534068253,10.5359417828743,8.32120070703086,9.13216157597614,12.742044005777,11.2703470377122,10.499269785365,11.1466441521173,..
Kazakhstan,KAZ,"Unemployment, total (% of total labor force) (national estimate)",SL.UEM.TOTL.NE.ZS,..,..,..,..,..,..,..,..,..,..,0.05,0.4,1.11,7.54,10.98,12.96,13.01,13.13,13.46,12.75,10.43,9.33,8.78,8.4,8.13,7.79,7.26,6.63,6.55,5.77,5.39,5.29,5.2,5.06,4.93,4.96,4.9,4.85,4.8,4.89,..,4.86,..,..
Kazakhstan,KAZ,"Inflation, consumer prices (annual %)",FP.CPI.TOTL.ZG,..,..,..,..,..,..,..,..,..,..,..,..,..,1877.37239517572,176.15529894237,39.1825423654111,17.4080410607357,7.14632665452332,8.29602765342571,13.1808905865731,8.35413777161336,5.83692452105644,6.43821810118943,6.88205438981898,7.57999929125767,8.7216938609174,10.8468362075558,17.1398997772069,7.31607858288581,7.40046356341392,8.452904661768,5.19568369035063,5.94283871648418,6.84944977003358,6.67828585615236,14.3610942386248,7.44266321306799,6.16366247577756,5.33356098916663,6.71815454861464,8.04147134028391,15.0278644440851,14.7249900200331,8.83943897452672
Kazakhstan,KAZ,"Mortality rate, infant (per 1,000 live births)",SP.DYN.IMRT.IN,59.6,57.6,55.6,53.6,51.7,49.8,48,46.5,45.2,44.5,44.2,44.4,44.9,45.3,45,44,42.5,40.5,38.3,36,33.7,31.7,29.7,27.9,26,24.2,22.3,20.4,18.5,16.7,14.9,13.3,11.7,10.5,9.5,8.8,8.4,8.2,8.1,8,7.9,7.7,7.6,..
Kenya,KEN,GDP per capita growth (annual %),NY.GDP.PCAP.KD.ZG,0.128998105818283,-2.06071312546143,-2.3251867559766,-1.91893717292913,0.569650556250821,3.40845945197678,2.26586113193359,2.52259696361155,1.0826542002969,0.668332502815062,-1.79555975482411,-3.79370437133613,-2.58233453633143,-0.304212273442516,1.4837374235438,1.31900626661266,-2.23366307984048,0.478811112143987,-0.603257549690113,-2.38610693277963,0.575576747494395,-2.56736280977373,-0.194798007216917,1.89113513278383,2.70244103195117,3.27715457506901,3.66978666216018,-2.7588645638462,0.232598394599862,4.96811299885232,2.26952218964762,1.87670753904403,1.26331129067221,2.59218353342239,2.65589352795405,1.93794795580835,1.60475183361922,3.52404781491717,3.07004769448449,-2.2103217118529,5.5651365159048,2.86281276489714,3.48335845460592,2.47085518100283
Kenya,KEN,General government final consumption expenditure (% of GDP),NE.CON.GOVT.ZS,18.5887512899897,18.4330327782507,18.4216543832185,17.3818333396831,17.4602922679533,18.3195669682156,18.568755632614,18.4057892238787,18.0566077928876,18.642430895609,16.7713456618015,15.6822725897384,14.4799654869237,15.154926314268,14.8429210451121,15.1805673853703,15.5361521874874,16.2499609195116,15.7532966549933,15.0542922556179,15.9729117514735,17.0779999092115,18.1313185754854,17.860065964127,17.3802115523848,14.3469988040006,14.6296114670377,15.6739794237589,13.5545947939366,12.9529718175577,12.6846420216244,12.2713774212109,11.8426259978213,11.7424945888753,12.7266800758884,12.609768629814,12.3350790178839,12.3486893953272,12.1707972873275,12.4776599686236,12.1468578016243,12.2133041039933,11.9151175810981,11.4956734110829
Kenya,KEN,"Unemployment, total (% of total labor force) (national estimate)",SL.UEM.TOTL.NE.ZS,..,..,..,..,..,..,..,..,..,..,..,..,..,..,..,..,..,..,10.004,..,..,..,..,..,9.957,..,..,..,9.6,..,..,..,..,..,..,2.757,..,..,5.014,..,5.585,5.441,..,..
Kenya,KEN,"Inflation, consumer prices (annual %)",FP.CPI.TOTL.ZG,..,..,..,..,..,..,..,..,..,..,..,..,..,..,..,..,..,..,..,..,..,..,..,..,..,..,..,..,..,..,14.0224913014704,9.37777003547595,5.71749357037735,6.87815499275944,6.58215429284783,6.29724953814624,8.00564967709946,4.68980646776328,5.23963795764789,5.40516207933395,6.10793603659178,7.65986268272222,7.67139634029401,4.48978854243448
Kenya,KEN,"Mortality rate, infant (per 1,000 live births)",SP.DYN.IMRT.IN,66.8,65.3,64.1,63.1,62.6,62.6,63,64.1,65.6,67.4,69.1,70.4,71.2,71.4,71,70.3,69.4,67.9,66,63.8,61.2,58.3,55.5,52.5,49.4,46.9,44.9,42.4,41.9,41.4,41.1,41.3,40.9,40.1,39.1,38.7,38.5,37.8,37.2,36.9,36.4,35.8,34.7,..
Kiribati,KIR,GDP per capita growth (annual %),NY.GDP.PCAP.KD.ZG,4.46000443104766,-2.67718390403915,-11.2331589197365,12.0689799229037,-14.8945308033482,-4.70563420263738,-1.13888432551144,19.1509223564054,-9.47239431110648,-8.52138201391774,-7.51675774681516,21.9252039696882,-1.62446253702345,0.54048403061573,1.21789472563705,-1.73230175007257,-0.655302414292819,2.60111875998274,-5.53429931669956,4.95143441733177,-4.99043248812092,-0.673840916592098,-3.57269845860688,-2.58468567894897,-0.722362780004488,3.68079200082892,0.984244992784554,-4.98978666488051,-1.58315258146997,-0.857158610176697,1.45038004681834,4.26113729441184,6.26028947416073,-0.0428972459236832,9.84706076349215,5.58490832516883,2.19902707827092,1.94611589111054,1.73350185226475,-3.16992484563376,6.55480705923502,2.88966132985202,1.05564933854352,3.71119225262122
Kiribati,KIR,General government final consumption expenditure (% of GDP),NE.CON.GOVT.ZS,..,..,..,..,..,..,..,..,..,..,..,..,..,..,..,..,..,..,..,..,..,..,..,..,..,65.8696105369068,62.5202441910082,62.9129094005586,61.6079103608167,57.8645717833858,57.4475566068622,58.710308955029,56.2430399858347,63.9068226343696,55.5671990424452,59.3526254809295,57.0528980680463,60.1416015734361,62.0669261697663,54.5251898171266,53.5672353738279,61.7079904687572,..,..
Kiribati,KIR,"Unemployment, total (% of total labor force) (national estimate)",SL.UEM.TOTL.NE.ZS,..,..,..,..,..,..,..,..,..,..,..,..,..,..,..,..,..,..,..,..,..,..,..,..,14.65,..,..,..,..,30.58,..,..,..,..,9.334,..,..,..,8.557,10.971,..,..,2.786,..
Kiribati,KIR,"Inflation, consumer prices (annual %)",FP.CPI.TOTL.ZG,..,..,..,..,..,..,..,..,..,..,..,..,..,..,..,..,..,..,..,..,..,..,..,..,..,..,3.59252131266418,13.6653995252441,9.81643884508662,-3.89955040651653,1.49740979875966,-3.04586292775568,-1.48805908468099,2.10398520925043,0.572015743634253,1.91731090233377,0.355520888546822,0.564030491493486,-1.81307995302948,2.55324554414634,2.05361676773904,5.34595440908903,9.28307374517719,..
Kiribati,KIR,"Mortality rate, infant (per 1,000 live births)",SP.DYN.IMRT.IN,88.3,86.9,85.5,83.7,81.8,79.5,77,74.3,71.5,68.7,65.9,63.3,60.9,58.9,57.1,55.4,53.8,52.2,50.6,49.1,47.7,46.5,45.6,44.9,44.4,44,43.5,43,42.5,42.1,41.8,41.7,41.7,41.9,42.2,42.6,42.8,42.8,42.4,41.9,41.3,40.6,39.7,..
"Korea, Dem. People's Rep.",PRK,GDP per capita growth (annual %),NY.GDP.PCAP.KD.ZG,..,..,..,..,..,..,..,..,..,..,..,..,..,..,..,..,..,..,..,..,..,..,..,..,..,..,..,..,..,..,..,..,..,..,..,..,..,..,..,..,..,..,..,..
"Korea, Dem. People's Rep.",PRK,General government final consumption expenditure (% of GDP),NE.CON.GOVT.ZS,..,..,..,..,..,..,..,..,..,..,..,..,..,..,..,..,..,..,..,..,..,..,..,..,..,..,..,..,..,..,..,..,..,..,..,..,..,..,..,..,..,..,..,..
"Korea, Dem. People's Rep.",PRK,"Unemployment, total (% of total labor force) (national estimate)",SL.UEM.TOTL.NE.ZS,..,..,..,..,..,..,..,..,..,..,..,..,..,..,..,..,..,..,..,..,..,..,..,..,..,..,..,..,..,..,..,..,..,..,..,..,..,..,..,..,..,..,..,..
"Korea, Dem. People's Rep.",PRK,"Inflation, consumer prices (annual %)",FP.CPI.TOTL.ZG,..,..,..,..,..,..,..,..,..,..,..,..,..,..,..,..,..,..,..,..,..,..,..,..,..,..,..,..,..,..,..,..,..,..,..,..,..,..,..,..,..,..,..,..
"Korea, Dem. People's Rep.",PRK,"Mortality rate, infant (per 1,000 live births)",SP.DYN.IMRT.IN,31.8,30.7,29.9,29.3,29,29,29.6,30.2,31,32,32.7,33.2,33.4,33.3,64.3,63.4,62.3,61.4,60.4,59.4,58.6,57.7,27.3,26.8,26.3,25.9,25.6,24.7,23.9,22.9,21.7,20.6,19.3,18.2,17.2,16.5,15.4,14.8,14.3,14.1,14.1,14.3,14.5,..
"Korea, Rep.",KOR,GDP per capita growth (annual %),NY.GDP.PCAP.KD.ZG,5.58590266766159,6.67661891453824,11.7170214097233,9.19579576037069,6.78232933952742,10.2253519207635,11.6186656304034,10.8964951913226,6.01906309701717,8.80042947047626,9.68699892935838,5.10078169583505,5.79728551709316,8.17476415138178,8.51715304454162,6.86762448842396,5.17962976582618,-5.8118196273288,10.6774505835378,8.15268965958531,4.05100640297607,7.10433310954843,2.6140398272664,4.78128615324052,4.08764514661904,4.71292765493601,5.26636114571932,2.23375225977168,0.275268980329585,6.27401988865388,2.89141199434026,1.86559949596563,2.69615096128955,2.55621950883497,2.26842940068582,2.5391447288435,2.87019696151147,2.46224621613314,1.8889146004307,-0.846212237799236,4.43912129317819,2.80523762871836,1.2782352431086,..
"Korea, Rep.",KOR,General government final consumption expenditure (% of GDP),NE.CON.GOVT.ZS,12.0717216497751,11.7830347760209,11.1177862547205,10.5539671693941,10.6165118002217,10.2642306026656,9.98489701539387,9.91508595859987,10.7556733400964,10.9735824671588,10.7527968159168,11.0605719951805,10.748956235665,10.275484075691,10.0393648532869,10.3898352839936,10.2102797444584,11.4030073231347,11.0764337994735,10.9000077343983,11.7550489638714,11.741640206779,12.1520483898897,12.387323224273,12.8622573470846,13.3706443357533,13.4428696211902,14.0485688776759,14.6606327784091,14.2048320776355,14.3726584614481,14.6858638852522,14.9765418097358,15.2252223373693,15.0835297322035,15.2400223440118,15.4189724650817,16.0517273115489,17.0778656523485,18.0393452718884,18.1598006151817,18.7672078009638,18.8985576096258,..
"Korea, Rep.",KOR,"Unemployment, total (% of total labor force) (national estimate)",SL.UEM.TOTL.NE.ZS,4.495,4.348,4.055,3.796,3.982,3.81,3.075,2.514,2.566,2.449,2.291,2.393,2.777,2.405,2.016,2.004,2.576,6.811,6.472,4.063,3.699,3.046,3.348,3.42,3.482,3.254,3.013,2.959,3.363,3.324,2.992,2.812,3.067,3.082,3.546,3.65,3.653,3.824,3.746,3.931,3.639,2.857,2.675,2.784
"Korea, Rep.",KOR,"Inflation, consumer prices (annual %)",FP.CPI.TOTL.ZG,21.351640254,7.1908466400687,3.42061419498921,2.27395640001863,2.45910879215276,2.74998096063357,3.04966077087423,7.14609773721604,5.700165445614,8.57327225728677,9.33279048161495,6.21328146355184,4.80099660215355,6.26585950039679,4.48074108557247,4.92454354292754,4.43893184574631,7.51358008079307,0.81295725444637,2.25916580080157,4.06657587897793,2.76226210296598,3.51487451459939,3.59066298882578,2.75379162735039,2.24234028518922,2.53457382137932,4.67389655533408,2.75649654493929,2.93928652655687,4.02596500436091,2.18707104433316,1.30134754547413,1.27477446401322,0.706331772455743,0.971685739912173,1.94433230786365,1.47583935002644,0.383000303608088,0.537288023411766,2.4983333333334,5.0895136506284,3.59745625029012,2.32174328643543
"Korea, Rep.",KOR,"Mortality rate, infant (per 1,000 live births)",SP.DYN.IMRT.IN,26.5,24.7,22.8,21,19.2,17.5,15.9,14.5,13.2,12.1,11.2,10.3,9.5,8.8,8.1,7.5,7,6.6,6.2,5.8,5.5,5.3,5,4.7,4.4,4.1,3.8,3.6,3.4,3.3,3.2,3.1,3,2.9,2.9,2.8,2.7,2.7,2.6,2.5,2.4,2.4,2.3,..
Kosovo,XKX,GDP per capita growth (annual %),NY.GDP.PCAP.KD.ZG,..,..,..,..,..,..,..,..,..,..,..,..,..,..,..,..,..,..,..,..,..,..,..,..,..,..,..,..,5.39636701673933,5.28831482675317,6.12959202990389,0.857974394903721,4.70387084053738,3.65273027273803,7.36815111994392,6.20761650241487,4.03838879864328,3.05752931278261,5.23669676312298,-5.40690184268419,10.9981400491097,5.33909761737917,9.35107522909426,15.0325494190078
Kosovo,XKX,General government final consumption expenditure (% of GDP),NE.CON.GOVT.ZS,..,..,..,..,..,..,..,..,..,..,..,..,..,..,..,..,..,..,..,..,..,..,..,..,..,..,..,10.1252007364317,11.3046300992039,12.2780011858129,12.6934632512011,13.0191229435717,12.9470521748527,13.5871191030395,13.608097246187,12.0848144799198,11.8229560623089,12.1025924972731,12.4854382801326,13.9131774135574,12.8723308672227,11.7917287704535,12.5993329798923,12.3490325460438
Kosovo,XKX,"Unemployment, total (% of total labor force) (national estimate)",SL.UEM.TOTL.NE.ZS,..,..,..,..,..,..,..,..,..,..,..,..,..,..,..,..,..,..,..,11.629,57,55,49.7,39.7,41.4,44.9,46.3,47.5,45.4,..,..,30.879,29.767,35.264,32.84,27.491,30.344,27.761,25.069,25.459,20.392,12.093,10.533,..
Kosovo,XKX,"Inflation, consumer prices (annual %)",FP.CPI.TOTL.ZG,..,..,..,..,..,..,..,..,..,..,..,..,..,..,..,..,..,..,..,..,..,..,..,..,..,0.621646938601728,4.35849695328369,9.35041764658178,-2.41026401661229,3.48050763735844,7.33641771315268,2.47673782156537,1.76732428354884,0.428957808324131,-0.536929392740622,0.27316943104545,1.48823430592319,1.05379773654994,2.67599202639889,0.198227922994847,3.35369139207997,11.5805104542013,4.94432438791278,1.61944994559479
Kosovo,XKX,"Mortality rate, infant (per 1,000 live births)",SP.DYN.IMRT.IN,..,..,..,..,125.2,117.2,109.9,103,96.5,90.5,84.9,79.6,74.6,69.6,64.9,60.2,55.7,51.4,47.3,43.4,39.7,36.3,33.1,30.3,27.7,25.4,23.3,21.5,19.8,18.3,17,15.9,14.8,13.9,13,12.3,11.5,10.8,10.2,9.6,9.1,8.7,8.3,..
Kuwait,KWT,GDP per capita growth (annual %),NY.GDP.PCAP.KD.ZG,-22.9514955811007,-15.9455962653042,2.87568996438094,0.825844853519484,-7.98202682465829,4.25928304119745,3.90699965176427,-13.4956518163269,21.1942464998563,-2.90644267442678,-26.4531088639358,51.1035091581689,31.0104104388079,8.94369840376427,3.78870129848272,-2.22845237949566,-0.819070755595845,0.479689867621317,-4.66954369474961,1.76596434147542,-2.45214152569666,0.421240897856848,14.5507976912199,7.81613775807561,6.67935670476243,1.6976352381691,-0.0585846444072189,-3.06795857769427,-11.8648164745831,-7.27588260562241,2.99936481863466,0.0983288463798146,-3.77371652171666,-3.83157238200702,-3.83270110190648,-1.43152050264115,-8.16879128799435,-1.26570102294188,-0.471027646764739,-3.90822757197515,2.59128611818538,1.43711277102913,-7.01146405555023,-4.91959758723858
Kuwait,KWT,General government final consumption expenditure (% of GDP),NE.CON.GOVT.ZS,14.2174120582492,19.2714459788306,21.1592450791124,20.9378996716963,22.4017587760506,26.9698495038229,22.0376581365768,26.2724334211951,25.3972469053957,38.7492463069038,76.2221252547168,55.5496446314315,35.8643476518444,33.9227656066165,32.1966008947608,27.2613505000477,26.6273474752083,30.501486119016,26.8634742685148,21.479131915335,23.6308411214953,25.2752372735116,22.9982056745542,19.8559089326186,15.7104589457979,13.8940260269092,14.0055738691123,13.3968369350678,18.4790236160571,17.1304520050518,14.8819781884251,15.0596547905804,16.3868418898512,17.7554132669606,24.1918105835862,25.7054637840132,24.4212698186636,22.9805567561363,24.4026499826915,30.1779383382218,25.391246550562,20.7494771619391,..,..
Kuwait,KWT,"Unemployment, total (% of total labor force) (national estimate)",SL.UEM.TOTL.NE.ZS,..,..,1.02,..,..,..,..,1.91,..,..,..,..,0.8,0.7,..,0.7,0.7,0.7,0.7,0.8,0.8,1.1,1.3,1.7,1.95,1.3,1.5,1.75,1.64,1.82,..,..,..,2.9,2.2,2.16,..,..,..,..,..,..,..,..
Kuwait,KWT,"Inflation, consumer prices (annual %)",FP.CPI.TOTL.ZG,..,..,..,..,..,..,..,..,..,..,..,..,..,..,..,..,..,..,..,..,..,..,..,..,..,..,..,..,..,..,4.83940349870949,3.25514600287216,2.68229684085034,2.90892672858624,3.27170166092134,3.19839776658376,2.17183298510004,0.543133148199583,1.09184802655853,2.10172954827401,3.42362947609189,3.98064961990316,3.64216403030709,2.89855072463763
Kuwait,KWT,"Mortality rate, infant (per 1,000 live births)",SP.DYN.IMRT.IN,27.9,25.4,23,21,19.5,18.3,17.2,16.3,15.4,14.5,13.8,13.2,12.8,12.4,12.2,11.9,11.5,11.2,10.9,10.6,10.5,10.3,10.2,10,9.9,9.8,9.6,9.5,9.3,9.1,8.8,8.5,8.2,8,7.8,7.7,7.6,7.6,7.6,7.7,7.6,7.6,7.6,..
Kyrgyz Republic,KGZ,GDP per capita growth (annual %),NY.GDP.PCAP.KD.ZG,..,..,..,..,..,..,1.35340476387358,11.2196198960153,0.663560153242543,3.68716154101205,-9.43703056416022,-14.8256285785517,-15.4851015810132,-20.05492795056,-6.36503081112481,5.51161045842127,8.32417662505638,0.567335558764,2.12663575288255,4.19610604345162,4.3267567743611,-0.931486114215559,5.91391847989379,5.73937835827032,-1.29558825808593,2.00174444436951,7.51249331031009,7.37554930252675,1.53257250259469,-1.88093371727501,4.43705345314649,-1.95288116304553,8.51417444984632,1.75718622899099,1.56807607660568,2.04985149948004,2.55837834194257,1.54586820248004,2.28120088774463,-9.03157714073227,3.58776993335192,7.03042869604123,7.10119376613466,7.15557986220863
Kyrgyz Republic,KGZ,General government final consumption expenditure (% of GDP),NE.CON.GOVT.ZS,..,..,..,..,..,..,22.8013029315961,21.9941348973607,19.7333333333333,25,21.8378378378378,21.3678672602185,20.2849832857116,18.9039203940362,19.5384358102458,18.5180753270397,17.2956784430533,17.8544471554705,19.1205071393402,20.0414029257456,17.4757557506074,18.6192063348849,16.831005563279,18.1726261702351,17.5098514160667,17.9873304153511,17.1030256304366,17.5207016898068,18.4315502857776,18.1270712390519,18.2274429340139,20.1058519740794,18.4469910620701,17.4733337659161,17.755373303036,17.4341508597379,17.1301720323853,17.1697001118399,15.700980649991,18.372283013954,16.6329417875076,16.7856680309648,15.9811206166166,..
Kyrgyz Republic,KGZ,"Unemployment, total (% of total labor force) (national estimate)",SL.UEM.TOTL.NE.ZS,..,..,..,..,..,..,..,..,..,..,..,..,..,..,..,..,..,..,..,7.54,7.84,12.55,9.92,8.53,8.11,8.27,8.1,8.22,8.41,8.692,7.455,5.908,5.526,5.051,4.2,4.009,3.319,4.559,5.45,5.945,5.149,4.767,3.498,..
Kyrgyz Republic,KGZ,"Inflation, consumer prices (annual %)",FP.CPI.TOTL.ZG,..,..,..,..,..,..,..,..,..,..,..,..,..,..,..,..,..,..,..,..,..,..,..,4.11065084723382,4.3386739184431,5.55212333162542,10.2301032660484,24.5201024234102,6.83656248105368,7.96772225579685,16.6363262731496,2.76844236540956,6.61375202358081,7.53424729775886,6.50331838993382,0.388838296895841,3.1753098637994,1.5426614523843,1.13362257718806,6.32542296338081,11.9050398185146,13.9229093174176,10.7532770416742,..
Kyrgyz Republic,KGZ,"Mortality rate, infant (per 1,000 live births)",SP.DYN.IMRT.IN,83.5,80,76.3,72.7,69,65.6,62.5,59.7,57.7,56.6,56.2,56.2,56.4,56.2,55.2,53.5,51.3,48.8,46.4,44,41.7,39.5,37.5,35.7,34.1,32.6,31,29.3,27.4,25.7,24,22.7,21.5,20.4,19.4,18.4,17.5,16.7,16.1,15.6,15.3,15.1,14.9,..
Lao PDR,LAO,GDP per capita growth (annual %),NY.GDP.PCAP.KD.ZG,..,..,..,..,2.20041867968716,1.97501637779287,-4.18795903851054,-4.77692163066391,10.9653509962859,3.7107564838131,1.40025340364474,2.6769238807299,3.07739171807499,5.36666889160745,4.42161502950582,4.46434380896963,4.66634480033544,2.06080647085234,5.4475157802012,4.03726532497247,4.02249661411516,4.23097600258968,4.44645858943204,4.81831567317876,5.50361623488958,6.91294627933061,5.94392449426221,6.19878841672832,5.90563851314371,6.94116593325336,6.48536557882839,6.49513527103458,6.51642199042166,6.13842534644749,5.71702901311374,5.36288912313843,5.2271106715724,4.60986171989208,3.86091278109465,-0.986715601107164,1.06109059992194,1.2697005231296,2.31116087572821,2.85166385301163
Lao PDR,LAO,General government final consumption expenditure (% of GDP),NE.CON.GOVT.ZS,..,..,..,6.50406523101329,8.73239427309396,8.64928911588071,8.29831941164333,10.8603065358281,..,..,..,..,..,..,..,..,..,..,..,6.4615689478842,6.48704579220217,8.90327824267851,7.65853344844822,7.74505555785671,8.16548558878476,7.57232578892573,7.91603668443372,7.77268081154613,13.3794241962492,11.8982241208958,11.564752617982,13.4167137797277,17.0739467617107,15.1805486591378,15.1066545133558,13.9709429126153,..,..,..,..,..,..,..,..
Lao PDR,LAO,"Unemployment, total (% of total labor force) (national estimate)",SL.UEM.TOTL.NE.ZS,..,..,..,..,..,..,..,..,..,..,..,..,..,..,2.6,..,..,..,..,..,..,..,..,..,1.35,..,..,..,..,0.708,..,..,..,..,2.006,..,3.268,..,..,..,..,1.209,..,..
Lao PDR,LAO,"Inflation, consumer prices (annual %)",FP.CPI.TOTL.ZG,..,..,..,..,..,..,..,..,..,..,..,..,..,..,..,..,..,..,..,..,..,..,..,..,..,6.54559439052787,4.66197269469702,7.62880887577516,0.14118767498038,5.98254521550086,7.56898856109974,4.25512677832095,6.37142717782939,4.12924306873774,1.27735427102992,1.59691227583207,0.825478607568033,2.04039266890203,3.32255881256922,5.10407262959923,3.75562036658876,22.9562225132056,31.2301341732645,23.1305695942589
Lao PDR,LAO,"Mortality rate, infant (per 1,000 live births)",SP.DYN.IMRT.IN,131.5,129.7,127.9,126.2,124.5,122.5,120.4,118.2,115.9,113.4,110.7,108.1,105.3,102.6,99.9,97.2,94.6,92.1,89.5,86.8,84.1,81.3,78.4,75.6,72.7,69.8,66.9,64.1,61.3,58.7,56.1,53.7,51.4,49.2,47.1,45.2,43.5,41.9,40.4,39,37.7,36.4,35.2,..
Latvia,LVA,GDP per capita growth (annual %),NY.GDP.PCAP.KD.ZG,..,..,..,..,..,..,..,..,..,..,-12.1807171746431,-31.1775189815565,-3.09071293426223,3.9147913524223,0.4776963533307,3.45875626105796,10.2650977955077,7.5594343825196,3.65872177157615,6.86619861333267,7.8444195658347,8.92368151151518,9.48207219023105,9.91817299610062,12.8279409524173,13.8646922612695,11.3194013044585,-2.36803650613602,-14.6423127971401,-1.63514379125596,4.92957999064132,8.64449958601972,3.19545170389934,3.06097381676449,4.63645212679371,3.49318640044002,4.31935869681359,5.12560422080688,1.37774612596324,-2.78996380720736,7.8481957927218,2.08341978656944,2.96038967293167,0.359553536086494
Latvia,LVA,General government final consumption expenditure (% of GDP),NE.CON.GOVT.ZS,..,..,..,..,..,..,..,..,..,..,..,..,..,..,24.3091375509984,22.6105142061952,21.6150158493476,23.25351553711,23.185658931445,21.4196678660864,20.9705592163701,21.3131866017934,22.0849455815967,20.6903575535647,18.6297888598336,18.1781962805696,18.600884165274,20.7010687057421,19.5738971708732,18.7899697736523,19.2557040077919,17.988056098072,18.2811109375838,18.4883353835292,18.7095636533339,18.476344400199,18.6703159549355,18.5352676047473,19.8089011462475,20.8896933172828,21.7309999551168,20.4868935800669,20.2100836601062,..
Latvia,LVA,"Unemployment, total (% of total labor force) (national estimate)",SL.UEM.TOTL.NE.ZS,..,..,..,..,..,..,..,..,..,..,..,..,..,..,..,20.93,14.9,14.454,13.79,14.211,13.821,13.829,12.061,11.708,10.033,7.03,6.052,7.739,17.515,19.482,16.206,15.047,11.867,10.846,9.873,9.643,8.715,7.412,6.312,8.098,7.513,6.815,6.465,6.884
Latvia,LVA,"Inflation, consumer prices (annual %)",FP.CPI.TOTL.ZG,..,..,..,..,..,..,..,..,..,..,..,951.6961948708,108.989540624323,35.9247053929642,24.9759355316751,17.6104698431032,8.44738342092952,4.64421422660788,2.36481836111807,2.65425477796047,2.48704003555457,1.93887573855896,2.94264752948472,6.19238547197441,6.74845027893111,6.53619908765878,10.0929775849168,15.4023191064986,3.53410672858941,-1.08463595015159,4.37073559939224,2.2577892437459,-0.0294547782578812,0.620490636732384,0.174242243625212,0.140633334505294,2.9303631237467,2.53445424186594,2.81140920075619,0.219064904842114,3.27582937431156,17.3102830198815,8.93804623316639,1.26579885828729
Latvia,LVA,"Mortality rate, infant (per 1,000 live births)",SP.DYN.IMRT.IN,15.2,15.1,14.7,14,13.2,12.4,11.9,11.7,12.2,13.2,14.3,15.2,15.7,15.9,15.8,15.3,14.4,13.4,12.5,11.6,10.8,10.3,9.7,9.2,8.6,8.1,7.7,7.3,6.9,6.5,6,5.5,5,4.6,4.3,4,3.7,3.6,3.4,3.2,2.9,2.7,2.5,..
Lebanon,LBN,GDP per capita growth (annual %),NY.GDP.PCAP.KD.ZG,..,..,..,..,..,..,..,..,-43.604222947362,24.0733625704812,46.4438180749834,14.0004669448677,8.64130049009017,6.18337051477913,4.54238397048779,9.24362452355456,-0.755972338344009,1.85892264288059,-2.25536834554141,-0.39180673260141,2.12758024747754,1.99615029951745,1.81278345572235,4.96833961304041,1.106879785513,-0.16111039140597,7.21242419520836,7.27020382429338,8.75424197439401,6.92562408092621,-0.215990101752055,-0.172272058447192,-5.35004515636365,-7.26145145442744,-1.48529943559267,3.95420458700914,3.57185811074811,1.00112836973221,-3.87037166908469,-20.1290983815185,-7.25697163046323,-1.07782192621244,-1.25912842069158,..
Lebanon,LBN,General government final consumption expenditure (% of GDP),NE.CON.GOVT.ZS,..,..,..,..,..,..,..,..,18.0740732538382,18.8723345850642,14.001224460338,14.0012244601424,11.9705299614221,12.5826678658603,12.373347605877,14.3717949147877,17.039175257732,16.6966231978278,16.9431415169889,17.2674865488086,17.596873003345,17.1030756442228,16.6341866226259,14.4495447023183,14.5411459288452,14.5255421585142,13.7245549309098,13.3991719116945,12.9089143204176,12.2198707797911,12.5687445905327,13.6696239596325,12.9273362789226,12.7459654094194,12.5317444279389,12.9841490908637,13.2087179804347,15.3368530010403,15.6297834775773,9.13975488671309,2.36013682064937,3.62532508452807,5.16901441243845,..
Lebanon,LBN,"Unemployment, total (% of total labor force) (national estimate)",SL.UEM.TOTL.NE.ZS,..,..,..,..,..,..,..,..,..,..,..,..,..,..,..,..,8.62,..,..,..,..,..,..,7.85,..,..,8.98,..,6.355,..,..,..,..,..,..,..,..,..,11.301,..,..,..,..,..
Lebanon,LBN,"Inflation, consumer prices (annual %)",FP.CPI.TOTL.ZG,..,..,..,..,..,..,..,..,..,..,..,..,..,..,..,..,..,..,..,..,..,..,..,..,..,..,..,..,1.19509671165542,3.98347941855834,4.97148571692384,6.58147447683681,4.82101956297394,1.85460421340912,-3.74914524799631,-0.783359624361525,4.32135218303191,6.07698907889611,3.00538949390382,84.864333047204,154.756096023393,171.205491336641,221.341644023365,45.2430422716718
Lebanon,LBN,"Mortality rate, infant (per 1,000 live births)",SP.DYN.IMRT.IN,52.1,71.4,43.3,41.4,39.6,37.8,40.8,39.1,29.5,28.1,26.8,25.5,24.4,23.3,22.3,21.3,20.3,19.4,18.5,17.6,16.6,15.7,14.9,14.1,13.4,12.7,12.2,11.7,11.4,11.1,11,10.9,10.9,11,11.2,11.4,11.8,12.3,12.8,13.5,14.3,15.1,16,..
Lesotho,LSO,GDP per capita growth (annual %),NY.GDP.PCAP.KD.ZG,-2.19449272103662,1.46776133251802,-0.917132307576523,2.5557662771063,-0.25717695813087,2.06110283000073,-1.47316355235876,6.32662578704914,3.67419823598037,4.03788867674339,5.06906633065643,5.19238547462368,1.95754937004924,4.55519517771128,2.03489246937004,4.4737795209935,2.88404384128545,1.0335881718662,0.215961480049515,3.84034989034289,3.71996350434441,1.0355999970419,5.06649512855877,2.41103579960742,4.42249766024187,4.65948787654852,3.75025688346649,4.81119838923493,-1.96870088552072,4.45925951436652,3.69398595274109,5.27066659627468,0.696148188602265,0.557309193389017,1.92251059472272,2.35363981271321,-4.33655999292874,-2.67593907523207,-2.56925986092637,-9.23727098640387,1.09935886499268,1.28745564005285,0.70936021278365,1.62133093698229
Lesotho,LSO,General government final consumption expenditure (% of GDP),NE.CON.GOVT.ZS,20.9001312335958,..,..,..,..,..,..,..,..,..,..,..,..,..,..,..,..,..,..,..,..,..,..,..,..,..,37.005443417007,38.3407685475889,43.4823164754585,39.9126147444074,38.1757839803951,39.5064924563953,40.553528590732,38.8381215630779,36.9439612312321,39.6241930676544,39.6805700890466,38.062996044466,37.6925712652716,37.1352942145085,34.6882565674606,35.2120987174779,35.5840480176997,..
Lesotho,LSO,"Unemployment, total (% of total labor force) (national estimate)",SL.UEM.TOTL.NE.ZS,..,..,..,..,..,10,..,..,..,..,..,..,..,..,..,..,37.94,..,27.27,..,..,..,..,..,..,..,..,35.46,..,..,..,..,24.58,..,..,..,..,..,16.876,..,..,..,..,18.701
Lesotho,LSO,"Inflation, consumer prices (annual %)",FP.CPI.TOTL.ZG,..,..,..,..,..,..,..,..,..,..,..,..,..,..,..,..,..,..,..,..,..,..,..,..,..,6.07271879734297,8.01243669043408,10.7156661309681,-16.8596910540644,-2.40524254598709,5.03663052101558,6.05143662139971,4.86511899496378,5.3702896100859,3.2184451365593,6.59650490696546,4.44769937376297,4.75180301624745,5.18708359197979,4.97809676252311,6.04774591950677,8.27180389943026,6.3422174312495,6.10544624245031
Lesotho,LSO,"Mortality rate, infant (per 1,000 live births)",SP.DYN.IMRT.IN,98.6,94.4,90.5,87,83.9,81.3,79.1,77.2,75.6,74.5,73.9,73.8,74.4,75.3,75.9,76.3,76.4,76.7,77.4,78,78.3,78.5,79.2,80.2,81.4,81.7,80.2,83.1,78.3,76.1,73.3,73.1,72.8,71.2,69.3,68.3,68.2,64.9,63.3,61.2,59.8,57.6,55.4,..
Liberia,LBR,GDP per capita growth (annual %),NY.GDP.PCAP.KD.ZG,-4.97453105198434,-5.20984958159201,-4.78531644502502,-5.08912309916768,-3.81849790569451,-4.57358206734597,-3.86332420722908,-4.8326704775878,-28.7338770009007,-44.5522515525438,-2.51326031798234,-38.7172836518678,-35.5462839014456,-21.5731868011574,-5.11507834003075,8.95052315118872,90.8322668507269,17.6689843112672,15.202396479117,23.9409230680701,-0.0567743363726407,1.09938923491595,-30.6993530292511,1.4054000654278,0.684612867093762,2.17024627280136,4.21343815918623,2.88473943454363,2.04180167202995,3.07117998186455,4.04086635073222,4.24345556941776,6.3241100027268,-1.37370786861489,-2.06002320038729,-3.54590251888713,0.48341831127135,-0.802290167584516,-4.38160849244818,-4.97470394166794,2.7936852774608,2.585058275666,2.40186206516404,2.55647559776723
Liberia,LBR,General government final consumption expenditure (% of GDP),NE.CON.GOVT.ZS,..,..,..,..,..,..,..,..,..,..,..,..,..,..,..,..,..,..,..,..,..,..,..,..,..,..,..,..,..,..,..,..,..,..,..,..,..,..,..,..,..,..,..,..
Liberia,LBR,"Unemployment, total (% of total labor force) (national estimate)",SL.UEM.TOTL.NE.ZS,..,..,..,..,..,..,..,..,..,..,..,..,..,..,..,..,..,..,..,..,..,..,..,..,..,..,..,..,..,2.266,..,..,..,2.079,..,3.081,5.931,..,..,..,..,..,..,..
Liberia,LBR,"Inflation, consumer prices (annual %)",FP.CPI.TOTL.ZG,..,..,..,..,..,..,..,..,..,..,..,..,..,..,..,..,..,..,..,..,..,..,..,..,..,..,11.3918966807102,17.489448642993,7.42764305914919,7.28992796890218,8.48816751849402,6.83178703418543,7.57730681741402,9.86111285574906,7.74869687621319,8.83424868336489,12.4196323907138,23.5635148953742,26.9662760197878,16.9557241496254,7.8155938585865,7.59298486560314,10.0944535665552,8.21497439118963
Liberia,LBR,"Mortality rate, infant (per 1,000 live births)",SP.DYN.IMRT.IN,155.4,153.8,153.1,153.1,154.4,156.7,159.8,163.4,166.9,169.6,170.9,170.5,168.2,164.5,159.4,153.5,146.7,139.5,131.9,123.9,116,108.2,100.8,93.9,87.9,82.8,78.7,75.5,72.9,70.8,69,67.3,65.7,66.5,63.3,61.8,60.6,59.4,58.2,56.8,55.4,53.9,52.6,..
Libya,LBY,GDP per capita growth (annual %),NY.GDP.PCAP.KD.ZG,-23.5884476569466,-0.0445141284845363,-2.32002046932395,-6.41752616235081,4.850536737417,-13.970798357882,-17.0223039536607,4.83694511616169,4.60355383204396,1.33273690708428,13.1314809179703,-4.72396454559389,-5.64791556146643,0.0535526200486487,-3.91035223611419,0.484583325696249,3.60796474601293,-4.97934471333424,-0.74350237690841,1.97930843294741,-3.55569593532938,-2.84267783712218,10.7838721756603,2.32576943782377,9.53922388994984,4.3383026664543,4.06916207450483,-2.26034195363675,-6.37107364350932,2.90736772244718,-49.1278565212286,91.7813702690939,-19.6276937990081,-24.5110536856449,-2.43005265175647,-2.98083261952721,30.3950611263495,6.20327204937865,-12.4989174222368,-30.4001717408883,26.7187487479889,-9.37730522600894,8.92161133257645,-1.62069754459746
Libya,LBY,General government final consumption expenditure (% of GDP),NE.CON.GOVT.ZS,..,..,..,..,..,..,..,..,..,24.3982895540623,26.4558512415099,28.8753799392097,22.8461208744106,22.6146282733019,22.312734082397,23.8341543513957,23.5564350837515,26.2046774446712,18.5904350952895,18.447097234976,19.0164728682171,15.673535291404,12.490504164188,13.1761072017464,11.3064328618485,10.0657350506283,13.3975541754218,12.084715729151,18.2304894943431,17.4573470336658,43.7021020409894,24.3708203146412,31.6630384645087,42.6473992715138,50.8364653413406,48.4195100019886,40.2666940155162,35.3379400213425,43.6144615638812,48.3378160301237,34.6344715672153,30.8000883969407,35.2836291258915,36.7260807557103
Libya,LBY,"Unemployment, total (% of total labor force) (national estimate)",SL.UEM.TOTL.NE.ZS,..,..,..,..,..,..,..,..,..,..,..,..,..,..,..,..,..,..,..,..,..,..,..,..,..,..,..,..,..,..,..,19.03,..,..,..,..,..,..,..,..,..,..,..,..
Libya,LBY,"Inflation, consumer prices (annual %)",FP.CPI.TOTL.ZG,..,..,..,..,..,..,..,..,..,..,..,..,..,..,..,..,..,..,..,..,..,..,..,..,..,..,..,..,..,..,15.5184815317561,6.05980392156859,2.6058180271952,2.43294141599223,10.4022933588151,25.8538742124461,25.8036184788337,13.1702038536721,-2.16217883470595,1.44703656998739,2.86833027751023,4.51030149235701,2.37317531435169,2.12615766885024
Libya,LBY,"Mortality rate, infant (per 1,000 live births)",SP.DYN.IMRT.IN,50.4,48,45.7,43.5,41.3,39.2,37.2,35.2,33.3,31.6,30,28.6,27.3,26.2,25.2,24.3,23.5,22.8,22.1,21.5,20.9,20.3,19.6,18.8,17.9,16.8,15.7,14.7,13.8,13,13.9,11.9,11.4,11,10.6,10.2,9.8,9.5,9.2,9,8.7,8.4,15.9,..
Liechtenstein,LIE,GDP per capita growth (annual %),NY.GDP.PCAP.KD.ZG,4.1575076485417,-3.77157928320604,-0.187516370991148,3.69754367979189,5.89771060979822,2.62544978263597,7.96631192106287,4.15595319656742,3.13034591354382,0.740886089334552,0.173550269524853,2.14651010516232,2.73013933393034,5.52987892332438,4.82284964561106,6.01996481773229,6.54193167078098,6.27762286609592,8.51597144502081,1.87954790344263,-2.37488109909029,-2.46311446328741,-3.04540410833893,1.93839655413686,3.90506605911179,7.76432322419438,2.66666052628214,1.19257451932671,-1.90138748845943,..,..,..,..,..,..,..,..,..,..,..,..,..,..,..
Liechtenstein,LIE,General government final consumption expenditure (% of GDP),NE.CON.GOVT.ZS,..,..,..,..,..,..,..,..,..,..,..,..,..,..,..,..,..,..,..,..,..,..,..,..,..,..,..,..,..,..,..,..,..,..,..,..,..,..,..,..,..,..,..,..
Liechtenstein,LIE,"Unemployment, total (% of total labor force) (national estimate)",SL.UEM.TOTL.NE.ZS,..,..,..,..,..,..,..,..,..,0.15,0.52,0.76,1.36,1.02,0.9,1.6,1.34,1.78,1.78,1.27,1.12,1.45,2.11,2.4,2.66,2.46,2.01,..,..,..,..,..,..,..,..,..,..,..,..,..,..,..,..,..
Liechtenstein,LIE,"Inflation, consumer prices (annual %)",FP.CPI.TOTL.ZG,..,..,..,..,..,..,..,..,..,..,..,..,..,..,..,..,..,..,..,..,..,..,..,..,..,..,..,..,..,..,..,..,..,..,..,..,..,..,..,..,..,..,..,..
Liechtenstein,LIE,"Mortality rate, infant (per 1,000 live births)",SP.DYN.IMRT.IN,..,..,..,..,..,..,..,..,..,..,..,..,..,..,..,..,..,..,..,..,..,..,..,..,..,..,..,..,..,..,..,..,..,..,..,..,..,..,..,..,..,..,..,..
Lithuania,LTU,GDP per capita growth (annual %),NY.GDP.PCAP.KD.ZG,..,..,..,..,..,..,..,..,..,..,-5.83598819762408,-21.1734221345262,-15.8287446068438,-9.13764680587376,4.08820060846659,5.82855284120009,9.10266047464678,8.24426426596885,-0.392806939052534,4.14861792867285,7.36519017903279,7.57999763692278,11.4535417783581,7.70478467031737,9.50010821862925,9.12367697158992,12.4053451378162,3.66012476803633,-13.8877568111501,2.5553360476174,8.75223892258067,5.74397608423232,5.026825169489,4.62035286553186,3.75632420325671,3.87744054624235,5.88872606993294,5.79066548228593,4.97938353929399,0.068446214406265,6.45535837727842,1.695285500032,-1.05357687282228,2.18653948575876
Lithuania,LTU,General government final consumption expenditure (% of GDP),NE.CON.GOVT.ZS,..,..,..,..,..,..,..,..,..,..,..,..,..,..,23.8338583981058,23.9448435169784,24.0421961294719,25.7711170720421,23.5580618145463,22.3826570467051,21.1308403240418,20.5566658733581,19.5456507640416,19.0877078519304,18.5191005650631,19.1899246295583,17.4513357826862,18.6665424842249,21.2054131585729,20.1107100441688,18.4673993995514,17.5438790188972,16.7355436181775,16.691874395721,17.1689914887841,17.0291846390389,16.2993641257124,16.2178168712684,16.7959480603607,18.3605454231444,17.497494956833,16.744046116116,17.2754834531022,..
Lithuania,LTU,"Unemployment, total (% of total labor force) (national estimate)",SL.UEM.TOTL.NE.ZS,..,..,..,..,..,..,..,..,..,..,..,..,..,17.33,17.54,16.4,14.13,13.711,13.388,15.931,16.84,13.008,12.874,10.684,8.325,5.78,4.25,5.826,13.785,17.814,15.39,13.365,11.77,10.698,9.12,7.862,7.073,6.147,6.255,8.487,7.112,5.955,6.841,7.095
Lithuania,LTU,"Inflation, consumer prices (annual %)",FP.CPI.TOTL.ZG,..,..,..,..,..,..,..,..,..,..,..,1020.62056524354,410.451858561316,72.2546816164428,39.647629032829,24.62519538645,8.88104848465892,5.06755385841968,0.727550626557434,0.981615478857585,1.3671203081782,0.281506610345568,-1.13430854990247,1.1641025210467,2.65848484065263,3.73912004060663,5.73717382799843,10.9258856241655,4.45304456518534,1.31921362055464,4.13027562645086,3.08998277055415,1.04747937065349,0.103758009433719,-0.884097405500606,0.905525075460343,3.72288862303706,2.69792779208392,2.33450937988028,1.19989444983568,4.68354420903455,19.7050461518394,9.11731962390473,0.715735835228697
Lithuania,LTU,"Mortality rate, infant (per 1,000 live births)",SP.DYN.IMRT.IN,15.4,15,14.6,14.2,13.6,12.8,11.9,11.1,11.1,12,13.2,14.1,14.2,13.4,12,10.7,9.8,9.3,8.9,8.6,8.2,7.9,7.7,7.5,7.3,7,6.5,6,5.4,4.9,4.5,4.3,4.2,4.2,4.1,4,3.8,3.5,3.3,3.1,3,2.9,2.8,..
Luxembourg,LUX,GDP per capita growth (annual %),NY.GDP.PCAP.KD.ZG,-0.843674411614188,1.04829616903781,2.96175818657873,6.07785079672442,2.59324380017576,9.49157415269819,3.27946506666585,7.6791083604264,8.73531025675274,4.00981242168632,7.19840884904519,0.476077518162256,2.81121761057996,2.41663050795087,0.0173001277039759,0.027252339399638,4.10663828807746,5.35583809477926,6.723967085834,5.5104089136417,1.8545751855653,2.14961081258387,1.3798933925965,2.76088619019987,0.926765993724189,4.33910866629117,6.44203099589529,-2.066473342352,-5.01426307607777,1.88354824324517,-1.17679800508684,-0.762183314011807,0.814651722760445,0.232565199204004,-0.11547655084216,2.73979148676671,-1.11611347517193,-0.329840314332458,0.752174049392224,-2.15417448261604,5.31843087794495,-3.06966026928997,-2.67952165321795,-0.6510087154806
Luxembourg,LUX,General government final consumption expenditure (% of GDP),NE.CON.GOVT.ZS,17.5870717466635,16.6027444353894,15.9355585526483,15.521119161824,15.9018036875271,15.5445141219953,16.4389536676754,15.6311374008988,15.2273070332898,15.5754626508792,15.0822322930026,15.6897178181247,15.5952597383152,15.153544452642,15.7015601818991,16.0601874871314,15.7379154439885,15.26468067044,14.9880432216477,14.4954758819347,15.3332203512336,15.9558354384658,16.3693751473418,16.375606181149,16.5824256845533,15.1713684649135,14.428866680837,14.4892174392625,16.0810077288414,15.7858005082929,16.0447899088036,16.3040906079705,16.3503422960569,16.0514535620466,15.9681641919044,15.6742178009036,16.2193608860725,16.7835114977709,17.2435453447671,18.4796236594474,17.3096066828169,17.8221100296952,18.5953020819275,..
Luxembourg,LUX,"Unemployment, total (% of total labor force) (national estimate)",SL.UEM.TOTL.NE.ZS,..,..,3.198,2.628,2.956,2.631,2.465,1.998,1.588,1.607,1.482,2.029,2.33,3.479,2.918,3.286,2.527,2.763,2.39,2.345,1.805,2.621,3.675,5.113,4.488,4.731,4.065,5.06,5.194,4.423,5.122,5.03,6.045,6.044,6.796,6.669,5.523,5.589,5.592,6.766,5.571,4.588,5.184,6.421
Luxembourg,LUX,"Inflation, consumer prices (annual %)",FP.CPI.TOTL.ZG,8.07294375934596,9.35705099427382,8.66927159808521,6.43585780786994,4.09358778530092,0.294563408545445,-0.0566629093891169,1.43659056634904,3.37095887290442,3.2537665908364,3.11835659874851,3.15417375961789,3.58809818535164,2.1947646868907,1.86769424969105,1.18385968843571,1.36751261207942,0.958570110494686,1.02519676474931,3.15076707022592,2.66382110579102,2.07408613571644,2.04984030563517,2.22567916428889,2.48769665164088,2.66631494577069,2.31245861786127,3.40187963025571,0.368041997888892,2.2736791162154,3.41068341068342,2.6628416550802,1.73403963519163,0.628543985440711,0.474743161437794,0.2908333333333,1.73079959118893,1.52819524307374,1.74332075653852,0.819957302127018,2.52692009066169,6.33600807777913,3.74140361983141,2.05113269954858
Luxembourg,LUX,"Mortality rate, infant (per 1,000 live births)",SP.DYN.IMRT.IN,10.9,10.5,10.1,9.8,9.4,9,8.6,8.2,7.7,7.3,6.9,6.5,6.1,5.7,5.3,5,4.7,4.4,4.1,3.9,3.7,3.5,3.3,3.1,2.9,2.7,2.6,2.5,2.4,2.4,2.3,2.3,2.2,2.2,2.2,2.1,2.1,2.1,2.1,2.1,2.1,2,2,..
"Macao SAR, China",MAC,GDP per capita growth (annual %),NY.GDP.PCAP.KD.ZG,..,..,4.03716910974974,3.26486532000662,-1.64905754250024,4.40472406483083,10.27070388332,4.68949557161295,2.0850956627493,4.80398618188349,-1.2634134077433,7.41888714434005,1.59759857227402,0.890437138535532,0.140863289431252,-1.80989182917183,-0.805101564935995,-5.700796531617,-3.5236631460461,4.96073617204023,2.10564069946859,7.79294925887643,10.3318261983986,23.5397069366622,3.78417671553667,7.61765066443488,9.64162783231176,-0.394809776723577,2.35337628366833,24.6567815180359,18.8283189802378,5.72192757476068,6.26215227539495,-6.74350172414482,-24.102404894986,-2.14045539914095,10.5547248806448,4.70964183552729,-4.46284857500113,-55.2288640451146,24.0608057263097,-18.9921422065272,74.6750086008704,7.50943055883204
"Macao SAR, China",MAC,General government final consumption expenditure (% of GDP),NE.CON.GOVT.ZS,..,5.80627020947561,5.6639470261322,6.17307508825494,7.21431849472235,7.49368738291114,7.48676742554684,8.1725805575178,9.38031927128859,10.1804915514593,10.8102727453713,8.90017611475535,8.90542965375158,9.27168136308446,9.55790673648962,10.4523034945954,11.355911733752,12.7659574468085,14.808515517505,12.4519487207784,12.4129046305705,12.1664978047957,11.7057462923489,9.61912346864679,9.77980803777652,8.71662157393248,8.7345881050877,8.7204027538114,9.63779929567251,8.1478957685279,7.09116633608405,6.8653645531471,6.50072011638441,7.09803063058132,9.66895370689559,10.3989521124259,9.73042749288419,9.43781184978688,10.2053808431187,25.862469193119,21.1538926937877,27.3956840241441,13.7723107914916,12.2063702227049
"Macao SAR, China",MAC,"Unemployment, total (% of total labor force) (national estimate)",SL.UEM.TOTL.NE.ZS,..,..,..,..,..,..,..,..,..,..,3.01,..,..,..,..,4.261,3.225,4.607,6.34,6.874,6.371,6.278,5.995,4.904,4.158,3.822,3.269,2.999,3.58,2.84,2.56,1.97,1.82,1.67,1.81,1.939,1.981,1.803,1.73,2.542,..,..,..,..
"Macao SAR, China",MAC,"Inflation, consumer prices (annual %)",FP.CPI.TOTL.ZG,..,..,..,..,..,..,..,..,..,..,..,..,..,..,..,..,..,..,-3.20416248186589,-1.60971883961895,-1.98465008641652,-2.63751699816193,-1.56245203671305,0.980728452039423,4.39589284335675,5.14997337750698,5.57149689143953,8.61101858636994,1.16906695453765,2.80947242060845,5.80624616691041,6.1073892833655,5.50057779178483,6.04823452094083,4.56056338028167,2.36895749705903,1.2281240405281,3.00446293166944,2.75193081051978,0.811410511491636,0.0264543647054027,1.04502802369957,0.476384495788051,..
"Macao SAR, China",MAC,"Mortality rate, infant (per 1,000 live births)",SP.DYN.IMRT.IN,..,..,..,..,..,..,..,..,..,..,..,..,..,..,..,..,..,..,..,..,..,..,..,..,..,..,..,..,..,..,..,..,..,..,..,..,..,..,..,..,..,..,..,..
Madagascar,MDG,GDP per capita growth (annual %),NY.GDP.PCAP.KD.ZG,-12.4535916174408,-4.76016813093069,-2.02532835429476,-1.16680579675797,-1.7387065668684,-0.923938491308903,-1.66814871886039,0.476736577625942,1.09146543915431,0.129377410638895,-9.06534604960984,-1.81843433556932,-0.967365507883727,-3.10023435072759,-1.48672600372494,-1.08018694336826,0.372555082381069,0.572337045613963,1.35457204239148,1.19450196549229,2.76590524360817,-14.9882005086862,6.61414736438235,2.23191685103676,1.7317720668288,2.34726337803239,2.65309950729227,3.62579150838536,-6.7569485520622,-2.26580252727942,-1.26548226968092,0.20064094160324,-0.444341802421619,0.605710119846222,0.445748708056158,1.31063593376801,1.26236994297058,0.542519018708518,1.73013722889858,-9.49182579621846,2.05115869922781,1.60268180028298,1.66887506061057,1.69312025330008
Madagascar,MDG,General government final consumption expenditure (% of GDP),NE.CON.GOVT.ZS,19.4184862085705,15.0065129965771,12.4489664764493,15.4336427169559,14.604140213235,13.1923005283114,14.7569174404783,11.8766317644367,12.078191356638,10.8760276089413,11.5713415197659,13.4125245436577,12.020883010029,11.5913367533678,11.3713545969637,10.5087993044557,14.4900692844774,17.015001601157,17.00916459262,17.2806341833401,16.871607552486,14.894877922765,17.6633750326362,18.7526045817257,16.1210920802099,16.8747091214552,19.0290385782758,14.0769771086002,12.5086339734021,13.1160745689745,14.1171136847924,15.0076929940252,15.6466696693396,15.8000024612157,15.1403201984676,14.7612913030354,16.1225669832662,13.6033052508512,15.1061191330375,18.7239712521771,17.4535706647451,16.4804812291018,15.6489428227357,15.2990990599048
Madagascar,MDG,"Unemployment, total (% of total labor force) (national estimate)",SL.UEM.TOTL.NE.ZS,..,..,..,..,..,..,..,..,..,..,..,..,..,..,..,..,..,..,..,5.8,5.35,..,5.01,..,2.62,..,..,..,..,4.28,..,0.599,..,..,1.785,..,..,..,..,..,..,3.186,..,..
Madagascar,MDG,"Inflation, consumer prices (annual %)",FP.CPI.TOTL.ZG,..,..,..,..,..,..,..,..,..,..,..,..,..,..,..,..,..,..,..,..,7.91694484529588,16.4985255315846,-1.70400479616297,13.9558018033211,18.3638246468932,10.7656371554865,10.2879663187671,9.29650839381058,8.95421802392948,9.24732173644116,9.48254048582995,5.71384434191048,5.82642944451986,6.08040811088295,7.40419174202131,6.03575858154679,8.60905075422951,8.59422958870479,5.61051441492363,4.20179312190558,5.81225118787713,8.16059031991847,9.87432675044886,..
Madagascar,MDG,"Mortality rate, infant (per 1,000 live births)",SP.DYN.IMRT.IN,97.1,98.7,100.1,100.8,100.8,100,98.4,96.3,93.7,91.1,88.5,86.1,83.8,81.5,79.1,76.6,73.8,71,68.3,65.5,63,60.6,58.3,56.2,54.2,52.3,50.4,48.8,47.4,46.2,45.2,44.6,44.1,43.9,43.8,43.8,43.9,44.2,44.5,44.7,44.9,44.7,44.2,..
Malawi,MWI,GDP per capita growth (annual %),NY.GDP.PCAP.KD.ZG,-8.93705314915371,-1.46467561939698,-0.294158569249731,1.32134940671426,0.62310053551127,-3.82396507891448,-3.11334092762722,-2.24590210716451,-3.32657460446772,1.5997050726011,5.4346573203748,-9.99229540689642,8.10315787740552,-9.1882192265535,16.8987563989012,5.22149204417653,1.73065958671548,1.67311324947686,0.66457828968673,-0.830828162365975,-7.24640554406461,-0.760072947056585,3.09254835285383,2.72895046279207,0.539880654549222,1.85481455109522,6.55134655734449,4.5585561584534,5.17234875360792,3.76961752338009,1.91798932347378,-0.983601161818072,2.46076368480048,2.70386402914775,0.00792518281976129,-0.256367435160101,1.22138049385239,1.60299745635619,2.9515101541935,-1.82835240679078,1.88076432929152,-1.63749399398691,-0.694162804013459,-0.763124396332088
Malawi,MWI,General government final consumption expenditure (% of GDP),NE.CON.GOVT.ZS,..,..,..,..,..,..,..,..,..,..,..,..,..,..,..,..,..,..,..,..,..,..,..,..,..,..,..,..,..,..,..,..,..,..,..,..,..,..,..,..,..,..,..,..
Malawi,MWI,"Unemployment, total (% of total labor force) (national estimate)",SL.UEM.TOTL.NE.ZS,..,..,5.4,..,..,..,..,..,..,..,..,..,..,..,..,..,..,..,..,..,..,..,..,..,0.942,..,..,..,..,..,1.736,..,4.978,..,..,..,3.77,..,..,0.907,..,..,..,..
Malawi,MWI,"Inflation, consumer prices (annual %)",FP.CPI.TOTL.ZG,..,..,..,..,..,..,..,..,..,..,..,..,..,..,..,..,..,..,..,..,..,..,..,..,..,..,..,..,..,..,7.6228226284852,21.271265001378,27.2833333333333,23.7920649469687,21.8673475542553,21.7111132136499,11.5433939188771,12.420178108921,9.3708360560567,8.62551469650552,9.33014410835212,20.953969729969,28.7897428247298,32.1796504225026
Malawi,MWI,"Mortality rate, infant (per 1,000 live births)",SP.DYN.IMRT.IN,128.9,127.8,128.8,131.3,134.2,136.7,138,137.8,136,133.1,129.5,125.5,121.6,118.2,115.1,113.2,111.4,109.1,105.5,100.2,93.1,85.1,77.2,70.2,65.1,61.9,59.9,57.3,55.5,53.6,49.9,46.6,43.6,41.4,39.3,37.6,36.1,34.5,33.6,32.3,31.4,30.5,29.4,..
Malaysia,MYS,GDP per capita growth (annual %),NY.GDP.PCAP.KD.ZG,3.6231900380767,2.62231879948132,2.88220732900794,4.30747158153424,-4.22603510362129,-2.02369150795889,1.85511540280665,6.5350616719533,5.79447615337909,5.84109356459912,6.50385099169159,6.0401774276111,7.11898849226085,6.46922820641041,7.07315866013809,7.2619407567863,4.68611382857154,-9.60703707579333,3.63588919830164,6.33603610574379,-1.86947729075297,2.87262555049826,3.31466734765901,4.34321310786574,2.97037127170485,3.25940653936949,4.01330440274728,2.65806478779189,-3.45602642616269,5.43424070379723,3.46597439015295,3.69276569143121,2.91923259894287,4.20447757863825,3.28578556272301,2.62004557566016,3.96186564548185,3.07401779071937,2.75950122381441,-6.7093351308522,2.13146199778431,7.56568334141943,2.28543525044522,3.83894214193316
Malaysia,MYS,General government final consumption expenditure (% of GDP),NE.CON.GOVT.ZS,18.0948744207037,18.3213789357657,15.6365339844415,14.7592708988058,15.2884987737189,16.9385702712518,14.8732811247456,14.2340586770597,14.0621287999012,13.7939721702035,13.6940883928836,13.0101803798728,12.631102128994,12.2648507886484,12.37318685863,11.1054183153879,10.7670469667666,9.76899693902409,10.9866872365044,10.1652352266127,12.0392876490092,12.95780675499,12.9680086157285,12.579949709734,11.4736063637601,11.1676921633288,11.5668680674542,11.5047879794636,13.0484795688336,12.581169028796,13.2706614765507,13.842133658412,13.7154015161779,13.3287480692634,13.0865607985559,12.5648977951943,12.1925918694431,11.9694462955517,11.653100184343,12.9622736088155,12.6368812579757,11.5877018266733,11.9492696304762,12.0164960030475
Malaysia,MYS,"Unemployment, total (% of total labor force) (national estimate)",SL.UEM.TOTL.NE.ZS,..,3.4,3.8,5.84,6.92,8.29,7.33,7.26,5.73,4.5,0.481,3.71,4.11,..,3.15,2.52,2.45,3.2,3.43,3,3.53,3.48,3.61,3.54,3.53,..,3.31,3.34,3.62,3.32,3.05,3.04,3.14,2.88,3.1,3.44,3.41,3.3,3.33,4.54,4.64,3.93,..,..
Malaysia,MYS,"Inflation, consumer prices (annual %)",FP.CPI.TOTL.ZG,..,..,..,..,..,..,..,..,..,..,..,..,..,..,..,..,..,..,..,..,1.41678473206098,1.80787246281536,1.08967632577286,1.42127115937403,2.97507092684449,3.60923564224389,2.02735317779569,5.44078221100769,0.583308405623704,1.62285235577035,3.17447092151308,1.66357102479208,2.10501231233613,3.14299050879097,2.10438980238356,2.09056659525741,3.87120115774237,0.884709160571202,0.662891865764397,-1.13870215393055,2.47710241465446,3.37869862549933,2.48886560125756,1.834100204499
Malaysia,MYS,"Mortality rate, infant (per 1,000 live births)",SP.DYN.IMRT.IN,21.5,20.1,18.8,17.6,16.5,15.6,14.7,14,13.3,12.7,12.1,11.6,11.1,10.6,10.2,9.9,9.4,8.9,8.3,7.7,7.2,6.9,6.7,6.6,6.5,6.5,6.5,6.5,6.5,6.5,6.5,6.5,6.5,6.6,6.6,6.7,6.7,6.7,6.7,6.7,6.7,6.7,6.8,..
Maldives,MDV,GDP per capita growth (annual %),NY.GDP.PCAP.KD.ZG,8.66818827827286,-5.68318257439564,13.144280936941,23.4610602981758,11.7921658983926,5.60334053159693,5.08899392546991,5.15162683111383,5.88589945390706,13.2974405956587,-1.63819444264035,3.65640848697689,2.82349331025119,5.19860773644976,10.4205372156077,5.51603006695689,6.22760910424314,5.51760997066329,4.38100509025578,2.14940804730801,-5.53403912822013,5.48472431430673,11.8797349036165,4.19516519487146,-12.6312668524174,20.7066431164984,3.62432859978993,5.18657528590703,-11.5265026266418,3.08074690167552,5.09116859516756,-1.089879863288,3.43150187392469,4.32797684033324,0.341527892188182,2.7389601151139,3.57472685392295,5.16982904999944,3.71535266829268,-34.8311670654149,33.7685587460791,12.0990628148109,4.35048760931147,4.77441853743265
Maldives,MDV,General government final consumption expenditure (% of GDP),NE.CON.GOVT.ZS,..,..,..,..,..,..,..,..,..,..,..,..,..,..,..,..,..,..,..,..,..,..,..,..,..,..,..,..,..,..,..,..,..,18.7912983557095,18.0820885797839,17.664193009105,14.5356776556599,14.480734648674,16.5770131482612,22.9707228266051,18.6831087463756,17.2210548687464,17.1190170144798,..
Maldives,MDV,"Unemployment, total (% of total labor force) (national estimate)",SL.UEM.TOTL.NE.ZS,..,..,..,..,..,..,..,..,..,..,..,..,..,..,0.79,..,..,..,..,1.97,..,..,..,..,..,..,..,..,11.697,..,..,..,..,3.846,..,5.771,..,..,4.562,..,..,..,..,..
Maldives,MDV,"Inflation, consumer prices (annual %)",FP.CPI.TOTL.ZG,..,..,..,..,..,9.7221932767856,9.70407232943322,6.4563602680194,7.16585889470779,3.64991197717475,14.7136770282735,16.8559977535548,20.1273593149248,3.38610098291491,5.48886133171505,6.24124591476025,7.57283467072593,-1.40425233816792,2.95370836069128,-1.17475681175945,0.67257737006246,4.1786723990479,-1.26065113450354,-1.68541212459466,1.30027500930996,2.73842131602099,6.79477353930168,12.0414583505108,4.53017659132801,6.14988536750175,11.2734146055937,10.8846956585631,3.80563000919426,2.12000175718132,0.953206658777646,0.502509413611629,2.81747338234509,-0.13337338611759,0.220029731065378,-1.36977425569811,0.543149688736963,2.33314337624572,2.92746542425037,1.39979779674922
Maldives,MDV,"Mortality rate, infant (per 1,000 live births)",SP.DYN.IMRT.IN,114.6,108.8,103.3,98.2,93.3,88.6,84.1,79.8,75.7,71.8,68,64.2,60.5,56.7,52.8,48.9,45.1,41.2,37.3,33.5,29.8,26.5,23.4,21.8,18.6,16.7,15.2,13.9,12.8,11.9,11.1,10.4,9.8,9.1,8.5,8,7.4,6.9,6.4,6,5.6,5.3,5,..
Mali,MLI,GDP per capita growth (annual %),NY.GDP.PCAP.KD.ZG,-0.632155795520958,-9.35134156612364,-0.386858869373114,-2.40307297668531,17.9014309337228,0.807428063194209,-1.86333872953354,5.53183183465651,2.25655219505548,-4.40258734313655,9.54848855766951,-5.15004662214744,1.04367595235742,1.56997081294541,-1.2423257497902,4.7730491779561,2.47361209190086,4.88150238749159,2.80275294008709,-2.9301556994468,11.958505839455,-0.0477183364972404,5.70476946829086,-1.6757900925741,4.04070270122341,3.2122977743747,0.515195639098593,3.09320439384389,1.27968064678396,3.50416521090007,0.710472561155001,-3.43193596600638,-0.564984484831172,4.25477206894614,2.71018231425839,2.70047363998611,2.06891771151898,1.64097526437071,1.8782927302578,-4.10676610876568,-0.00652431069438819,0.439682902001408,1.64872098565185,1.96117824426265
Mali,MLI,General government final consumption expenditure (% of GDP),NE.CON.GOVT.ZS,0,0,0,0,18.4422039347362,18.3140360832674,17.1652323668102,17.6644074470513,17.0376023598058,17.0355604256057,14.2564120647235,15.1932042931047,13.2308020664788,10.797153369546,9.87276809957209,10.982529944686,11.2017517924779,18.7419117197672,14.6846467933814,16.417436269547,14.9983561183965,15.3607043961852,15.5665534740095,12.8454196171332,11.5789863015268,11.5172287091636,12.1124626234323,13.6862258315851,13.433181930636,13.9338566772247,15.9507964154755,13.2819922133442,14.4671941256246,14.2339850142266,14.3931607640933,14.197455713639,13.3118876209049,12.7637527443261,12.6301441404934,12.3189809600663,12.5434586605531,12.7943162828126,13.0596177852379,13.1318392367639
Mali,MLI,"Unemployment, total (% of total labor force) (national estimate)",SL.UEM.TOTL.NE.ZS,..,..,..,..,..,..,..,..,..,..,..,..,..,..,..,..,3.3,..,..,..,..,..,..,8.75,..,..,11.71,..,1.665,8.07,6.9,..,6.351,6.375,7.729,1.367,7.414,1.62,3.29,3.528,..,2.387,..,..
Mali,MLI,"Inflation, consumer prices (annual %)",FP.CPI.TOTL.ZG,..,..,..,..,..,..,..,..,..,..,..,..,..,..,..,..,..,..,..,..,..,..,..,..,..,..,..,..,..,..,2.9556439522939,5.32312847064055,-0.606736356351496,0.883814547137851,1.45069057605953,-1.79964707083378,1.75985742927157,0.299546507387863,-1.65826694846365,0.438088940320735,3.9256028310427,9.62147608489068,2.0588022827422,3.20639864099661
Mali,MLI,"Mortality rate, infant (per 1,000 live births)",SP.DYN.IMRT.IN,151.9,148.2,144.6,141.1,137.7,134.5,131.6,129,126.5,124.2,122.2,120.4,118.7,117.1,115.4,113.4,111.2,108.7,105.9,102.8,99.7,96.5,93.4,90.5,87.8,85.4,83.2,81.1,79.1,77.3,75.5,73.9,72.3,70.8,69.4,68,66.6,65.1,63.7,62.1,60.5,59,57.6,..
Malta,MLT,GDP per capita growth (annual %),NY.GDP.PCAP.KD.ZG,2.55485545283656,0.113836738273946,-2.00341492392353,0.92130266242323,0.798852022720126,2.16379569866589,3.39606460305848,7.52775697210998,7.13131154020606,5.25659773465009,3.43102736105169,3.61645027238262,3.44243601674572,4.66759381274136,5.60371150999337,3.09824363982032,4.46341041008624,4.44456709295271,4.10096902937691,18.9114914779251,-1.49930324347334,1.97802597151633,3.01446868325243,-0.264943762018532,2.2269576120527,1.96395281614372,4.6709812860277,3.73298136648638,-2.13593470580835,5.67700103090836,0.5649650684649,3.17068638337454,5.09521146047905,5.47816414034341,6.97101209399892,1.7225431296504,9.92449915483111,3.46840198753489,-0.0482197262689539,-5.52893189345498,12.7181480209676,1.72439273070553,2.61640541770902,1.98417451542944
Malta,MLT,General government final consumption expenditure (% of GDP),NE.CON.GOVT.ZS,15.952777084398,17.0388597980285,16.5992651676791,16.0856796813735,16.3547348560509,16.1459390722871,16.5188879102248,16.0146807188446,16.4806242837349,16.2303573296044,16.8280502063666,17.346279389665,18.5507389711013,18.8522205649684,17.8161673113486,18.9499922106247,18.2066494360902,18.0455272005732,17.6171905671736,17.6552168192421,18.8562475561218,18.7623731550907,18.8147201010038,18.8544343599294,18.1698709227231,18.4868775972256,17.8896957048774,19.4355107353497,19.2965713477326,18.5806366769556,18.9141914663041,19.1551159280932,17.9890639923679,17.8589484361502,16.9311225966288,16.9416567117789,15.8235739470646,16.0279744294106,16.8903190972489,19.6854361217616,18.3429579318526,17.3612538438194,16.6980173922952,17.1720184532859
Malta,MLT,"Unemployment, total (% of total labor force) (national estimate)",SL.UEM.TOTL.NE.ZS,..,..,8.5,..,8.1,6.8,4.4,4,3.7,3.9,3.6,4,4.5,4.1,3.7,4.4,5,5.1,5.3,6.324,7.107,6.902,7.488,7.317,6.923,6.798,6.472,5.977,6.896,6.861,6.388,6.203,6.115,5.737,5.389,4.694,4.008,3.956,4.08,4.856,3.754,3.471,3.479,3.115
Malta,MLT,"Inflation, consumer prices (annual %)",FP.CPI.TOTL.ZG,..,..,..,..,..,..,..,..,..,..,..,..,..,..,..,..,..,..,..,..,..,..,..,..,..,2.77378006481472,1.2492192379763,4.25862171897073,2.08432746082342,1.51563513618533,2.96298528192878,2.37582057760382,1.18028436366551,0.31030647218172,1.10054826378928,0.642702771527302,1.36435448150708,1.15782362451512,1.64206001768947,0.638544956776647,1.49789217934731,6.15375621933036,5.09396758978879,1.65079469283108
Malta,MLT,"Mortality rate, infant (per 1,000 live births)",SP.DYN.IMRT.IN,14.4,13.8,13.3,12.8,12.3,11.7,11.3,10.8,10.4,10,9.6,9.3,8.9,8.6,8.2,7.9,7.6,7.2,6.9,6.7,6.5,6.3,6.2,6.1,6.1,6,6,6,6,6,6,6,5.9,5.9,5.8,5.7,5.6,5.5,5.4,5.2,5.1,5,4.8,..
Marshall Islands,MHL,GDP per capita growth (annual %),NY.GDP.PCAP.KD.ZG,2.30431475441186,0.49948967620989,10.816144514646,-0.29560451730994,-9.97363489636767,19.7080205625138,5.23328202614395,3.98646518177495,-4.54482102930189,0.276656023957813,-1.97466653136802,5.2469534025757,4.41929617158642,4.50407458142885,6.97121573201034,-11.2390062062195,-7.36490438950175,-1.58910018917851,-2.28792384194793,1.43606867628043,6.05783765607725,3.02717549564456,-1.96961874271634,-0.700644285464008,1.56552229029398,0.0102519719929859,3.60283982880377,-7.5574639701523,3.68716247105003,5.48848970412462,-0.239905288671963,-0.35386854623583,5.32061452634225,0.495281427303354,3.96521735177255,4.84812588584671,6.18444127953049,8.38496134170197,13.6597363046024,0.18904949035759,4.49871565023581,2.06474740953719,-0.842141526170835,6.27166228301392
Marshall Islands,MHL,General government final consumption expenditure (% of GDP),NE.CON.GOVT.ZS,..,..,..,..,..,..,..,..,..,..,..,..,..,..,..,..,..,..,..,..,..,..,..,60.6460496613995,61.5330434782609,61.2412011173184,62.0568106312292,64.8266712141883,62.2281746031746,57.1000620732464,55.0955310504933,54.9435528500277,54.8702253218884,53.0808064516129,56.1756668481219,56.3810208126858,55.7505849321479,59.9404545454545,66.0351223701159,61.3466501240695,60.9230977211279,58.7395027624309,53.5040107983031,..
Marshall Islands,MHL,"Unemployment, total (% of total labor force) (national estimate)",SL.UEM.TOTL.NE.ZS,..,..,..,..,..,..,..,12.47,..,..,..,..,..,..,..,..,..,..,..,..,..,..,..,..,25.37,..,..,..,..,..,4.74,..,..,..,..,..,..,..,6.342,..,9.823,..,..,..
Marshall Islands,MHL,"Inflation, consumer prices (annual %)",FP.CPI.TOTL.ZG,..,..,..,..,..,..,..,..,..,..,..,..,..,..,..,..,..,..,..,..,..,..,..,..,..,..,..,..,..,..,..,..,..,..,..,..,..,..,..,..,..,..,..,..
Marshall Islands,MHL,"Mortality rate, infant (per 1,000 live births)",SP.DYN.IMRT.IN,48.2,47.2,46.1,44.9,43.7,42.4,41.1,39.8,38.4,37,35.7,34.6,33.6,32.9,32.6,32.5,32.7,33.1,33.4,33.7,33.8,33.8,33.7,33.5,33.3,33,32.8,32.5,32.2,32,31.7,31.2,30.7,30,29.3,28.7,27.9,27.2,26.5,25.8,25,24.3,23.5,..
Mauritania,MRT,GDP per capita growth (annual %),NY.GDP.PCAP.KD.ZG,0.529030035382959,-5.11106824793859,0.793234477965157,-5.9741751048054,0.0652218003039025,2.71276884801846,-0.992083549763294,-1.17605829069016,2.1794641543438,-4.22868516855955,-1.14237368703381,-1.95063934591661,1.67667797837017,-6.29825533315322,6.84808514783914,3.74699815689897,-6.158469667584,0.146944912525953,0.938401960600132,-6.55562473849811,-3.21840327415039,-0.835751865823852,4.50921937569792,2.30058496670189,5.96595714778461,15.4039449102218,-4.48587322919337,-3.15557609857845,-2.98568728628379,-0.603277391963445,0.846509288912657,1.11502444521069,0.935521308544125,1.18070235725725,2.25580164537985,-1.72979667450247,3.14237147997393,1.70257047246483,0.139308524548838,-3.22895410596585,-2.12417730369323,3.71273084121897,3.394023478096,2.20940616842009
Mauritania,MRT,General government final consumption expenditure (% of GDP),NE.CON.GOVT.ZS,44.4857193358262,36.7900223302494,37.8644459723755,35.2552134837675,33.3412816187375,27.0885603144979,28.0315104239881,27.838125308722,28.9854767619296,29.7676109547044,18.9781811742742,14.625174018724,13.7981259915993,13.2556536125383,12.2391136571817,12.7024317105318,12.3725693529884,20.781191175435,20.5106402375614,20.6452910345385,20.4269709188801,20.3144856463696,19.2850401265785,19.5223415067851,17.1201544275866,13.986348549547,14.7355566767186,14.9433839035382,15.763023748306,13.5200915076767,10.4556411558464,12.0694596182607,11.6870215715386,13.6335849710832,14.6177765924186,13.4404887144015,13.381255831285,12.9844027999052,13.295473572103,12.2964872619914,14.9695395666927,16.8008362049552,17.1723715626544,..
Mauritania,MRT,"Unemployment, total (% of total labor force) (national estimate)",SL.UEM.TOTL.NE.ZS,..,..,..,..,..,..,..,25.8,..,..,..,..,..,..,..,..,..,..,..,..,..,..,..,..,..,..,..,..,..,..,..,9.864,..,..,..,..,10.336,..,10.416,..,..,..,..,..
Mauritania,MRT,"Inflation, consumer prices (annual %)",FP.CPI.TOTL.ZG,..,..,..,..,..,..,..,..,..,..,..,..,..,..,..,..,..,..,..,..,..,..,..,..,..,..,..,..,..,..,5.68631959575957,4.90242727217992,4.12910173783396,3.53436856147326,3.25472688117632,1.4717104565,2.2542765193481,3.06735996058356,2.30009262117939,2.38569488456317,3.5651648465019,9.52526628622842,4.95305034506869,2.49164347481971
Mauritania,MRT,"Mortality rate, infant (per 1,000 live births)",SP.DYN.IMRT.IN,95.2,92.9,90.5,87.4,84,80.5,77.6,75.1,73.5,72.7,72.4,72.4,72.5,72.7,72.8,72.7,72.2,71.3,69.7,67.6,64.9,61.8,58.4,55,51.8,49,46.7,44.8,43.4,42.4,41.5,40.8,40.1,39.3,38.5,37.6,36.7,35.8,34.8,33.8,32.9,32,31,..
Mauritius,MUS,GDP per capita growth (annual %),NY.GDP.PCAP.KD.ZG,4.32477986348572,4.21530028911567,-0.535170122849479,3.60922239120048,6.0838762935312,8.90623690277333,8.07946640916164,6.05871916312697,3.66809083183539,6.42594403706144,3.31416639957489,5.12044441463986,3.84362800083515,2.68832851665618,3.39477636345491,4.51343261386261,4.37241713991033,4.96251942601155,1.31474866707563,7.14471594691584,2.5342628530189,0.911910216881267,5.16167044757961,3.67780930188448,1.17669908705346,4.37758682090856,5.24649696534381,5.00653905530841,3.04110046320396,4.12919884822152,3.91100124069837,3.20949947880025,3.11040555437714,3.63919007388208,3.55335696562737,3.79113070734437,3.84430800639895,3.9500354872734,2.85812532389771,-14.5484955921362,3.37766873430745,9.02116317337462,5.13122105021371,4.82124729957125
Mauritius,MUS,General government final consumption expenditure (% of GDP),NE.CON.GOVT.ZS,13.7438375211941,13.6667356221364,13.1891824895642,12.6087852623821,11.3705544803587,10.3580005082428,11.5487421036531,12.5356083531561,12.0929937634025,13.3771900629235,13.4347731329661,13.1351906835654,13.832047740745,14.4161762623431,13.9865060235494,14.156896321004,13.8931650860265,13.5649543057486,14.0413167513199,14.0624430509515,13.7409327498411,13.9720173109831,13.8924428675996,14.0133739183692,14.329721767329,14.1239287477005,12.4355925097272,12.464556347492,13.9222500993981,13.8184876460025,13.4636031780116,13.357707532426,14.3496082520117,14.3446625586048,14.1898055761446,14.8827130155042,14.4507582566547,14.5624311314736,14.7496231263718,17.5684044965848,17.2322042075408,15.980333192472,14.3289750314105,14.6677751873871
Mauritius,MUS,"Unemployment, total (% of total labor force) (national estimate)",SL.UEM.TOTL.NE.ZS,..,..,..,..,..,..,..,..,..,..,..,..,..,..,9.59,..,..,..,..,..,9.14,8.205,5.904,8.337,9.524,9.04,8.475,7.17,7.257,7.654,7.447,7.472,7.322,7.467,7.41,6.814,6.752,6.426,6.331,8.626,7.719,6.322,5.571,..
Mauritius,MUS,"Inflation, consumer prices (annual %)",FP.CPI.TOTL.ZG,..,..,..,..,..,..,..,..,..,..,..,..,..,..,..,..,..,..,..,..,5.38934426229508,6.4193337222115,3.92105357558187,4.71037060105884,4.93717004981794,8.91350105650142,8.82729272393294,9.73228317146887,2.51609128145112,2.93236301369857,6.5224925486934,3.85216033315982,3.54329573934838,3.21769191994685,1.28654970760231,0.977675134719007,3.66699702675919,3.21605383144576,0.405655190309536,2.58080077182826,4.02852888157382,10.7737512242899,7.05298238454734,3.60452203847959
Mauritius,MUS,"Mortality rate, infant (per 1,000 live births)",SP.DYN.IMRT.IN,30.5,28.3,25.9,24.2,23.8,24.2,24.1,23,21.4,19.9,18.9,18.4,18.4,18.8,19.4,19.8,19.7,19,17.8,16.6,15.4,14.6,14.1,13.8,13.6,13.5,13.4,13.2,13,13,13.1,13.2,13.1,13,13,13,13.2,13.6,13.9,14.1,14,13.8,13.5,..
Mexico,MEX,GDP per capita growth (annual %),NY.GDP.PCAP.KD.ZG,7.05382554663818,-2.23660397455552,-6.66225018314198,1.35095056837716,-0.167653630041542,-5.86454491938434,0.03740353614306,-0.761612937777471,1.64641971230517,3.25104891064525,1.99270147824622,1.6256225611147,0.978743803735597,2.51651622705648,-7.570493728271,4.39127291010242,5.4105352178055,4.45852674996333,1.12511671046124,3.42140514214798,-1.9162965888934,-1.66063053524651,-0.219450145073267,2.16106231298699,0.745413240991311,3.39577676474912,0.650788705758472,-0.519889915451088,-7.65517174021555,3.47084286921813,1.99026328307114,2.1573182998269,-0.447810747405228,1.27091420111299,1.60971012855097,0.790955211695035,0.923425367204686,1.01136619999065,-1.33462176886584,-9.10287153026798,5.34306679081725,2.93285765177889,2.39838816655337,0.584780121162638
Mexico,MEX,General government final consumption expenditure (% of GDP),NE.CON.GOVT.ZS,10.2009527982723,9.85257669872132,8.39115711126528,8.80251316670849,8.7214630318366,8.75656475980654,8.35812828183434,8.48490939682856,8.32743339061301,8.430745096664,9.11590346275984,9.94287452110455,8.57734983797047,8.97501349673226,8.04099372436735,7.66513804599418,7.85051211515208,8.03111070015044,8.68918618690726,9.03701601445798,9.35531059790458,9.83812245798445,10.4980403656953,10.0161818460585,10.0762299851121,9.89214269664029,9.9478928345363,10.2592374986528,11.3834438576777,11.2739649265619,11.3282462801955,11.4486765382534,11.7127320778729,11.7538929130766,11.901246125522,11.5736804911904,11.2156675514112,11.2562967734042,11.1079031013032,12.1968302771767,11.4047335554869,11.1346118972764,11.1011755462719,11.174533115525
Mexico,MEX,"Unemployment, total (% of total labor force) (national estimate)",SL.UEM.TOTL.NE.ZS,..,..,..,..,..,..,..,1.76,..,..,3.145,3.235,3.365,4.436,7.095,5.465,4.235,3.733,2.598,2.646,2.757,3.003,3.455,3.937,3.558,3.566,3.628,3.874,5.356,5.303,5.175,4.892,4.921,4.819,4.311,3.853,3.419,3.275,3.477,4.378,3.941,3.174,2.704,2.616
Mexico,MEX,"Inflation, consumer prices (annual %)",FP.CPI.TOTL.ZG,27.9337625982399,58.9134198531048,101.874938435992,65.4488071277602,57.7484484008702,86.2333169923539,131.827383923089,114.162258549066,20.0078767139978,26.651672564677,22.662359455061,15.5078962533573,9.75146045357558,6.96581237191122,34.9992712889592,34.3783832235167,20.6256287259247,15.9283950119353,16.5856169707538,9.49156149435403,6.36773806235037,5.03072733151295,4.54690012118718,4.68840884843143,3.98805714597437,3.62946762439132,3.96684905458234,5.12498274575896,5.29735584228857,4.15672722680173,3.40737824605738,4.11150981070296,3.80639069747206,4.01861608078671,2.72064064964029,2.82170784747655,6.04145724018993,4.89935015356547,3.63596142127045,3.39683415570006,5.68920847683757,7.89627619168551,5.52796087314385,4.72225588452935
Mexico,MEX,"Mortality rate, infant (per 1,000 live births)",SP.DYN.IMRT.IN,55.8,53.5,51.3,49.1,47.1,45.1,43.2,41.4,39.6,37.8,36.1,34.5,32.9,31.4,30,28.6,27.3,26.1,24.9,23.7,22.7,21.7,20.8,20,19.2,18.5,17.9,17.3,16.8,16.2,15.7,15.2,14.8,14.3,13.9,13.5,13,12.6,12.2,11.8,11.5,11.1,10.8,..
"Micronesia, Fed. Sts.",FSM,GDP per capita growth (annual %),NY.GDP.PCAP.KD.ZG,6.44139123488597,-5.49319732042387,-1.03232864959415,-6.70250495147894,13.262306588429,4.98453718985267,-1.55099889726412,0.169399590686695,1.53293480509349,1.8026225276994,5.47647392531954,1.97163978549624,5.85797077537788,-2.36652800656665,5.8931575163099,-3.60213903474379,-6.36625567066758,2.56794173919015,1.09939850035707,4.49332739673332,1.87573397271332,0.472782027874132,1.7195635668388,-2.76841621564175,2.51172209749141,0.53526598858366,-1.07771169841627,-1.56279985883866,2.00985446912468,2.65591372014788,3.03719037609484,-2.04145661273196,-3.88555550672287,-2.55362540459842,4.31393482562765,0.153377140025768,0.449152478982114,-0.389413059895006,3.72960377273995,-2.2349952390677,2.44577180902085,-3.33022071038505,0.0218016002851726,0.247352208621109
"Micronesia, Fed. Sts.",FSM,General government final consumption expenditure (% of GDP),NE.CON.GOVT.ZS,..,..,73.8315769522451,..,..,..,..,..,..,..,..,..,..,..,..,..,..,..,..,..,..,..,..,..,..,..,..,..,..,..,..,..,..,..,..,..,..,..,..,..,..,..,..,..
"Micronesia, Fed. Sts.",FSM,"Unemployment, total (% of total labor force) (national estimate)",SL.UEM.TOTL.NE.ZS,..,..,..,..,..,..,..,..,..,..,..,..,..,..,..,..,..,..,..,..,..,..,..,..,..,..,..,..,..,..,..,..,..,8.863,..,..,..,..,..,..,..,..,..,..
"Micronesia, Fed. Sts.",FSM,"Inflation, consumer prices (annual %)",FP.CPI.TOTL.ZG,..,..,..,..,..,..,..,..,..,..,..,..,..,..,..,..,..,..,..,2.15851810619413,0.502497351294099,-0.11144242643296,0.126643348208908,2.27669698247305,4.25769978210942,4.6373700858563,3.306342780027,8.42372566246186,6.39360257735201,3.31370963136216,5.08259403890364,5.01850353045627,1.75232737350738,0.650284891768598,-0.298115837381087,-1.03746806405333,0.582253735254647,1.49840023593732,1.92385170787928,0.554594630853189,3.19128406597464,5.40874375479069,..,..
"Micronesia, Fed. Sts.",FSM,"Mortality rate, infant (per 1,000 live births)",SP.DYN.IMRT.IN,49.8,49.2,48.7,48.2,47.4,46.4,45.3,44,42.8,41.8,40.8,40,39.3,38.6,38,37.2,36.2,35.3,34.3,33.4,32.7,33.9,31.8,31.6,31.5,31.6,31.5,31.2,30.8,30.3,29.7,28.9,28.1,27.3,26.5,25.7,25,24.3,23.6,22.9,22.2,21.5,20.8,..
Moldova,MDA,GDP per capita growth (annual %),NY.GDP.PCAP.KD.ZG,..,..,..,..,..,..,..,..,..,..,-16.1029448311885,-29.0857055867621,-1.0340366120968,-30.6852291224891,-0.947765202549817,-5.68841796095853,2.02368735233713,-6.50442976428336,-3.21641326739017,2.31558560482232,6.33753269392803,8.04993224916466,6.90061128351323,7.66608705336095,7.76188624467986,5.09166801572276,3.238946835622,8.00539195483559,-5.88123771461969,7.20697461136707,5.87938512338968,-0.576700868382531,9.0730755766005,5.06366581042911,0.429158887977096,5.87017576429136,5.99041199822246,5.92036718190722,5.22280984962049,-7.26326976771907,15.6557976122015,-2.06640426092299,4.1181360600183,2.97332775503534
Moldova,MDA,General government final consumption expenditure (% of GDP),NE.CON.GOVT.ZS,..,..,..,..,..,..,..,..,..,..,..,..,..,..,25.902682448225,25.9740288054138,28.8061253956639,24.70989999795,15.3238463265267,14.6562096157709,14.3627249694526,20.2270292710656,19.6795756544408,14.9041833166833,16.4375730372889,19.9864928274568,19.9477353546697,20.413434093004,23.7638735972712,18.2136557075206,16.5595893281307,16.690137947323,15.3061340306286,13.9079312251112,13.6994347068011,14.376992859583,14.7555707903283,14.2811623246706,15.2110207292095,17.1942044345322,16.7622739221644,17.5088164034295,17.9303159195662,17.8779215401385
Moldova,MDA,"Unemployment, total (% of total labor force) (national estimate)",SL.UEM.TOTL.NE.ZS,..,..,..,..,..,..,..,..,..,..,..,..,..,..,..,..,..,..,11.14,8.539,7.366,6.845,6.378,6.374,5.633,4.26,2.749,2.097,3.024,2.972,2.677,2.189,1.894,1.45,1.781,1.591,1.622,1.239,1.502,1.206,0.794,0.909,1.57,1.427
Moldova,MDA,"Inflation, consumer prices (annual %)",FP.CPI.TOTL.ZG,..,..,..,..,..,..,..,..,..,..,..,1026.82626424702,1613.60398876194,486.425623795891,29.8656104095717,23.5056772963369,11.7728324494467,7.69576517517208,39.2559806891746,31.2993015817785,9.76466285757629,5.30124390261599,11.7460792058233,12.5242768428228,11.9591837222127,12.7777557830351,12.3671668414302,12.783047261882,-0.0627185967108859,7.48385086350857,7.68725103356176,4.54633427355303,4.59787897363121,5.08878554625884,9.67624033101852,6.3593089803794,6.57022997455602,3.04505397337069,4.83778351428724,3.76597122245358,5.10641129002836,28.7372976766236,13.4170104381299,4.67773516007053
Moldova,MDA,"Mortality rate, infant (per 1,000 live births)",SP.DYN.IMRT.IN,40.2,38.9,37.4,35.8,34.1,32.6,31.2,30,29.3,29.1,29.5,30.4,31.7,33,33.8,34,33.5,32.1,30.2,27.9,25.4,23,21,19.3,18,17.2,16.5,16,15.6,15.3,15.1,14.8,14.6,14.4,14.2,14,13.9,13.8,13.7,13.7,13.6,13.6,13.5,..
Monaco,MCO,GDP per capita growth (annual %),NY.GDP.PCAP.KD.ZG,0.290065073128503,1.43634867918163,-0.249118008842842,0.0672540922531368,0.381187157653301,1.17756469659412,1.25598438971197,3.42199452816291,3.11454387457653,1.71703258668268,0.134442109756321,0.506793651306438,-1.70632831575767,1.43699365480825,1.36118434819619,0.386629436841616,1.51661744831787,2.84889260369977,2.84475445173365,3.76615473587731,2.21292868129454,1.10439722287524,1.23741613461443,2.68299142149206,2.20227083533935,6.32268952424462,15.2283004153469,0.750035773265338,-12.7834725197235,-0.393849531303786,4.5537743299959,-1.21400229828895,7.3019059415093,5.1665902777315,3.11510490897003,1.57423975069067,-4.23891093966274,4.37923997124996,7.24738037567747,-13.1045741376188,20.7188673661029,9.89456821840635,4.9759710362292,..
Monaco,MCO,General government final consumption expenditure (% of GDP),NE.CON.GOVT.ZS,..,..,..,..,..,..,..,..,..,..,..,..,..,..,..,..,..,..,..,..,..,..,..,..,..,..,..,..,..,..,..,..,..,..,..,..,..,..,..,..,..,..,..,..
Monaco,MCO,"Unemployment, total (% of total labor force) (national estimate)",SL.UEM.TOTL.NE.ZS,..,..,..,..,..,..,..,..,..,..,..,..,..,..,..,..,..,..,..,3.6,..,..,..,..,..,..,..,..,..,..,..,..,..,..,..,6.33,..,..,..,..,..,..,..,..
Monaco,MCO,"Inflation, consumer prices (annual %)",FP.CPI.TOTL.ZG,..,..,..,..,..,..,..,..,..,..,..,..,..,..,..,..,..,..,..,..,..,..,..,..,..,..,..,..,..,..,..,..,..,..,..,..,..,..,..,..,..,..,..,..
Monaco,MCO,"Mortality rate, infant (per 1,000 live births)",SP.DYN.IMRT.IN,..,..,..,..,8,7.6,7.3,6.9,6.6,6.3,6.1,5.8,5.5,5.3,5.1,4.9,4.7,4.5,4.4,4.2,4.1,4,3.8,3.7,3.7,3.6,3.5,3.4,3.3,3.3,3.2,3.1,3,3,2.9,2.8,2.7,2.6,2.6,2.5,2.4,2.3,2.3,..
Mongolia,MNG,GDP per capita growth (annual %),NY.GDP.PCAP.KD.ZG,..,5.76266258481817,3.30386953668207,3.37560937348364,3.11807065114324,6.63080430454544,0.807482244578523,2.39857131601262,1.83081028356773,-2.00927357459601,-11.5032310198363,-9.35893880867637,-3.04982824808563,1.00243035352044,4.67675252336375,0.671279562919665,2.43497398038362,1.9142707948799,1.62700695420628,-0.187391049653314,1.69858502304278,3.39545599901953,5.65230856172873,9.38888056764907,6.06987814990435,7.25546356240756,8.77843828826261,7.19669912596376,-3.02646374326369,4.52004039651671,15.2830434931644,10.2081460867694,9.36487841658389,5.5513088464518,0.223539088154311,-0.547071462431205,3.6220070103727,5.75427016552706,3.67988421239794,-6.26542378289111,-0.0614212834574062,3.50307766866899,5.95952333228973,3.56560288744174
Mongolia,MNG,General government final consumption expenditure (% of GDP),NE.CON.GOVT.ZS,24.8733917951832,22.6139932140782,21.4107259249882,22.3348869361567,23.2162693304027,26.1551525259156,26.3048273623351,25.741192901601,23.2179957611013,24.3534634601164,21.0321160287869,15.8486690497637,19.3923503982043,25.1672826540875,11.1029338181765,12.5966163704627,12.2148995996228,15.6001116335624,14.6340598930806,15.3072305276316,16.7913060350209,16.1226344161819,14.2425297746318,14.467720874519,12.138897877692,11.6832883313395,13.0711686834879,14.6422131141497,14.1140534152111,12.688125697708,12.2552375580087,13.5268117672589,13.4571255187117,13.0170100980658,14.87177395106,15.9552953447701,13.9288663463462,12.6929848143572,13.1079648639038,15.8102434127387,14.9127365231555,13.9186983764226,13.0063852760592,16.3051943279617
Mongolia,MNG,"Unemployment, total (% of total labor force) (national estimate)",SL.UEM.TOTL.NE.ZS,..,..,..,..,..,..,..,..,..,..,..,..,..,..,5.5,..,..,..,..,..,..,6.2,6.768,..,..,7.193,7.2,5.565,5.86,6.549,4.769,3.905,4.231,4.798,4.861,7.235,6.359,5.377,9.024,6.413,7.871,5.954,5.178,..
Mongolia,MNG,"Inflation, consumer prices (annual %)",FP.CPI.TOTL.ZG,..,..,..,..,..,..,..,..,..,..,..,..,..,..,..,..,..,..,..,..,..,..,..,..,..,..,9.63096309630965,27.9556650246306,7.6195059351941,10.0462065881651,8.41121495327103,14.3303348325838,10.4906567588241,12.253980812976,5.73568281938325,0.733272227314403,4.30143105302339,6.82424790145522,7.30106953550727,3.7237230614026,7.35894657888157,15.1509728200805,10.3503418210123,6.20567819137862
Mongolia,MNG,"Mortality rate, infant (per 1,000 live births)",SP.DYN.IMRT.IN,93.8,92,90.1,88.2,86.1,83.7,81.2,78.5,75.9,73.5,71.2,69,67,64.8,62.5,60,57.2,54.1,50.8,47.4,44,40.6,37.4,34.4,31.5,28.9,26.6,24.4,22.5,20.8,19.4,18.2,17.3,16.5,15.7,15,14.2,13.5,12.8,12.2,11.8,11.6,11.4,..
Montenegro,MNE,GDP per capita growth (annual %),NY.GDP.PCAP.KD.ZG,..,..,..,..,..,..,..,..,..,..,..,..,..,..,..,..,..,5.22075029120785,-9.15167080621767,3.27911916013552,0.693867401671412,1.49637312245436,2.07441379687521,4.24115443247457,4.02660484276163,8.43155401049707,6.66273607597991,7.0326268462032,-5.99697748606286,2.54625315972683,3.07585772238801,-2.89175721660133,3.35455125024326,1.59489718296413,3.24025744642316,2.83371296176304,4.61124394881568,5.00139996918935,4.01064396132608,-15.284861844119,13.3214371673409,6.65614923812706,6.34827112802274,2.99043341690263
Montenegro,MNE,General government final consumption expenditure (% of GDP),NE.CON.GOVT.ZS,..,..,..,..,..,..,..,..,..,..,..,..,..,..,..,..,..,..,..,21.9348052311206,25.1706804827389,24.8608265648696,26.7646848479069,26.3050947338666,29.9405948449416,19.1080594885116,19.8822071690154,22.217990211811,21.8605518045777,22.0934117097428,21.0627910417268,21.0949191208989,19.4768981594245,19.3727620229722,19.1958871663303,19.6117253227003,18.4262673202312,18.5044594510554,17.7979068486443,22.6016968367143,19.7093670460994,17.8558370349314,17.9038042740732,17.8624704491274
Montenegro,MNE,"Unemployment, total (% of total labor force) (national estimate)",SL.UEM.TOTL.NE.ZS,..,..,..,..,..,..,..,..,..,..,..,..,..,..,..,..,..,..,..,..,..,..,..,..,30.31,..,19.4,17.15,19.09,19.649,19.759,19.808,19.585,18.054,17.555,17.732,16.082,15.19,15.128,17.878,16.543,14.851,13.146,..
Montenegro,MNE,"Inflation, consumer prices (annual %)",FP.CPI.TOTL.ZG,..,..,..,..,..,..,..,..,..,..,..,..,..,..,..,..,..,..,..,..,..,..,..,..,..,..,..,..,..,..,3.45014311248692,4.1452472498111,2.2058926814118,-0.710514051710221,1.54869158222486,-0.27138502338522,2.38023599053135,2.61122378263799,0.361563704540745,-0.255655699848511,2.41080198403166,13.0403036347004,8.58476910455405,3.3367500928228
Montenegro,MNE,"Mortality rate, infant (per 1,000 live births)",SP.DYN.IMRT.IN,..,..,..,24.5,22.3,20.3,18.5,17,15.7,14.8,14.2,13.8,13.6,13.5,13.5,13.5,13.5,13.3,13.1,12.7,12.2,11.5,10.8,10.1,9.3,8.5,7.8,7,6.3,5.7,5.1,4.6,4.2,3.8,3.5,3.2,3,2.8,2.6,2.5,2.3,2.2,2.1,..
Morocco,MAR,GDP per capita growth (annual %),NY.GDP.PCAP.KD.ZG,-4.35702244931034,6.09558534032797,-1.22675307289562,3.78166646169767,3.50437639960224,6.90663147405301,-2.29599450642142,9.74037643742669,0.9507648054133,1.55138144572757,5.37416537843612,-3.71287726230331,-2.3082713662061,8.93493014775943,-6.85093735561554,10.6261769917233,-3.05848049935375,5.6191020810503,0.193527268702582,1.11923449171742,6.22462901700752,2.33486055707684,4.79759279351288,3.20713471239438,1.78494971981462,6.31205425044466,2.03302704420354,4.24978033517071,2.34392549842086,2.07976488720576,4.06561020586629,1.66384638357194,2.7578648778037,1.43852495314533,3.10634719191513,-0.693616602037565,3.78371209116371,1.91410663270995,1.81642055572905,-8.13866950405836,7.0606299574828,0.496491363740688,2.33822924451532,2.22355411739446
Morocco,MAR,General government final consumption expenditure (% of GDP),NE.CON.GOVT.ZS,18.2251305686179,17.9383874238685,16.4747622261415,15.851528630314,17.1929982326408,17.7440862560006,18.4344941425335,17.5497562375996,17.3414832161909,15.6975493484979,15.5738195976054,16.4648336860816,17.9402510908716,17.3529143473192,18.0348883814997,15.797244496597,17.0186462627484,14.3046716040456,15.401886989643,15.9016441146066,16.1030818469656,15.8265248737495,15.6322916129518,16.147933012371,16.7934779654902,16.1386944575568,15.9218030895099,15.2331473156845,16.7508457194611,16.5869372261684,17.2210400602812,18.2279591190152,18.3285750203973,19.1051211538423,18.1564372764046,18.3617257132517,17.9819739836974,17.9957615100603,18.1789365690301,19.4049859563358,18.9738383456202,19.0589963008001,18.1062323778597,17.9640793069318
Morocco,MAR,"Unemployment, total (% of total labor force) (national estimate)",SL.UEM.TOTL.NE.ZS,..,11.503,..,..,..,..,14.7,13.9,16.3,15.8,16.98,15.68,15.69,17.931,22.86,17.76,16.67,19.12,13.94,13.58,12.46,11.59,11.92,10.83,11.01,9.67,9.56,9.57,8.96,9.09,8.91,8.99,9.23,9.7,9.46,9.3,..,..,..,..,12.28,11.79,..,..
Morocco,MAR,"Inflation, consumer prices (annual %)",FP.CPI.TOTL.ZG,..,..,..,..,..,..,..,..,..,..,..,..,..,..,..,..,..,..,..,..,..,..,..,..,..,..,..,3.71484311494064,0.971862998667637,0.993557401226421,0.906924909691798,1.28712240079214,1.88065466724084,0.442310053557046,1.55790711346268,1.63531114327063,0.754663249323624,1.80391671141895,0.303386036590358,0.705968661338224,1.40195883962015,6.65704202759066,6.09114152504136,0.985256592004508
Morocco,MAR,"Mortality rate, infant (per 1,000 live births)",SP.DYN.IMRT.IN,94.8,90.8,86.9,83.2,79.6,76.2,73.1,70.2,67.6,65.1,62.8,60.6,58.5,56.4,54.4,52.4,50.5,48.7,46.9,45.2,43.5,41.9,40.2,38.5,36.7,34.9,33.1,31.4,29.7,28.2,26.7,25.3,24,22.7,21.6,20.5,19.6,18.7,18,17.3,16.6,16,15.5,..
Mozambique,MOZ,GDP per capita growth (annual %),NY.GDP.PCAP.KD.ZG,2.89507009127341,-8.91754654550385,-17.4416877347159,-8.33821249605023,-0.875259465006366,-3.9955460779278,14.2348877850341,8.38609105929899,5.62300873369163,-0.447724916646848,2.90150857904059,-9.35015950296335,7.4832084877323,-0.517089157596189,-3.80641661568473,7.12551466304502,8.79691551855426,7.88387808921387,9.33253113812987,-1.43002745719546,10.3674476794306,7.23540386040537,4.81743112185357,5.76229495896818,3.88124108732595,7.35938789849386,5.11813481404295,4.27502296305138,3.21964861492762,3.86194568743883,4.19033881987379,4.93805479095479,3.53500457192386,4.62514159794316,4.32231286612486,1.67319789859388,-0.38371430909207,0.445674338631605,-0.646283515954551,-4.10527399484737,-0.606316436997986,1.33335997379926,2.36823636294847,-1.07923606202215
Mozambique,MOZ,General government final consumption expenditure (% of GDP),NE.CON.GOVT.ZS,..,..,..,..,..,..,..,..,..,..,13.1054120028395,16.141228963065,18.3892591373228,24.7472124535484,12.4187488892685,11.0228636410731,12.2578537223542,13.8756541060811,15.1189269640777,14.2151848066773,16.6188251331579,14.8462036069584,15.4089619841794,16.8892485301987,16.457545442821,15.8091980825937,15.2512551880258,15.8747912803009,16.9792485773207,17.3655000387917,18.888766353457,19.9942902217798,23.1595948895098,26.0847751395686,25.5147097732063,26.0744614430361,24.5647654528052,21.7271408941656,22.5751969191515,20.6358423037231,18.7299195994103,16.4981778962806,17.1845855273628,17.0672042405206
Mozambique,MOZ,"Unemployment, total (% of total labor force) (national estimate)",SL.UEM.TOTL.NE.ZS,..,..,..,..,..,..,..,..,..,..,..,..,..,..,..,..,2.7,..,..,..,..,..,..,..,..,..,..,..,..,..,..,..,..,..,3.426,..,..,..,..,..,..,6.789,..,..
Mozambique,MOZ,"Inflation, consumer prices (annual %)",FP.CPI.TOTL.ZG,..,..,..,..,..,..,..,..,..,..,..,..,..,..,..,..,..,..,..,..,..,..,..,..,6.42755278070086,13.2450879070999,8.48948675497456,14.5028053002268,3.78861330914625,12.4255421735156,11.1666056127874,2.6024545695662,4.26135250941966,2.55974875844295,3.55075967356746,17.4180418197597,15.1132073899384,3.91133439990731,2.80270307928108,3.48393567493207,6.40847652975689,10.2794018093421,7.12697482131851,4.07856834812022
Mozambique,MOZ,"Mortality rate, infant (per 1,000 live births)",SP.DYN.IMRT.IN,151.5,152,152.1,151.8,151.2,150.3,149.4,148.6,147.8,146.7,145.6,144,142,139.1,135.3,130.5,125,118.8,112.4,106.1,100.1,94.5,89.5,84.6,80.2,75.7,69.7,67,63.7,63.5,59.7,57.5,56.1,54.8,53.8,52.9,51.5,50.6,49.7,49.1,47.7,46.5,45.4,..
Myanmar,MMR,GDP per capita growth (annual %),NY.GDP.PCAP.KD.ZG,4.37186576967967,3.6923227411598,2.37305040843225,2.77967184934921,0.819094329655073,-2.89236375381986,-5.66584751248742,-12.7977113793946,2.0725130117562,1.26080181285046,-2.06950928482055,8.17152631473792,4.62881857490504,6.06541834448598,5.56695024355048,5.08730337678504,4.31262080345346,4.55299760975552,9.63242064027712,12.482374612359,10.1756123569494,10.9072271265814,12.7839447542935,12.5957538910265,12.6841326603106,12.2555240244746,11.2004378218927,9.64981113277751,9.93736426370333,8.82058943535873,4.74658078594661,6.43324807639843,7.50873881521075,7.27568618509038,6.13960007817474,5.02652118853597,5.31957403505668,5.50179746363222,5.83309474734135,-9.69306034482335,-12.627100008178,3.32202841461704,0.255328677987336,-1.63760945284048
Myanmar,MMR,General government final consumption expenditure (% of GDP),NE.CON.GOVT.ZS,..,..,..,..,..,..,..,..,..,..,..,..,..,..,..,..,..,..,..,..,..,..,..,..,..,..,..,..,..,..,..,..,..,..,..,..,..,..,..,..,..,..,..,..
Myanmar,MMR,"Unemployment, total (% of total labor force) (national estimate)",SL.UEM.TOTL.NE.ZS,..,..,..,..,..,..,..,..,..,6,..,..,..,..,..,..,..,..,..,..,..,..,..,..,..,..,..,..,..,..,..,..,..,3.868,0.766,..,1.356,0.767,0.407,1.476,..,..,..,..
Myanmar,MMR,"Inflation, consumer prices (annual %)",FP.CPI.TOTL.ZG,..,..,..,..,..,..,..,..,..,..,..,..,..,..,..,..,..,..,..,..,..,..,..,..,..,..,..,..,..,..,5.02146014620726,1.46758322674677,5.64303883425512,4.95329918484384,9.45417189525994,6.92882525816125,4.57253655317506,6.87232865662918,8.82506696804562,..,..,..,..,..
Myanmar,MMR,"Mortality rate, infant (per 1,000 live births)",SP.DYN.IMRT.IN,102.5,101.1,99.6,98.3,97.1,95.8,94.6,93.4,92,90.6,89,87.4,85.7,84,82.3,80.6,78.8,77.2,75.5,73.9,72.3,70.5,68.8,66.9,65,62.9,60.8,70.8,56.4,54.2,52.1,50,48.1,46.3,44.6,43.1,41.6,40.2,38.9,37.6,36.4,35.2,34.1,..
Namibia,NAM,GDP per capita growth (annual %),NY.GDP.PCAP.KD.ZG,-0.154344011354212,-2.15370467573408,-4.39758855700816,-2.90207268840599,-2.36605178349831,1.60030132616392,0.29009670779547,-2.67094567091036,-4.4041130727615,-3.94107998949322,4.62186313943347,3.84175231745985,-4.67006650318467,-1.38201534236413,0.924653081983507,0.43724120271753,1.55725793627271,0.699616557473064,0.830796514901323,1.08624861082079,-0.914261311645021,2.96331356534192,2.74512795300122,10.8464095671906,1.25193634526472,5.71286099626298,3.97963640998429,1.22288329166788,-1.16873879710282,4.40996877603639,3.30348908465837,2.74809367129893,2.90208375663774,3.35635017944713,1.53445826192009,-2.62833210419717,-3.69773452685817,-1.70342664632669,-3.57649160039189,-10.7372931134497,0.588992664401843,2.51308806464795,1.85444873753453,1.41712036714443
Namibia,NAM,General government final consumption expenditure (% of GDP),NE.CON.GOVT.ZS,20.7267660022941,21.5936517139717,22.203294445962,22.31111023709,21.9528973588689,23.0460048731721,24.6362510955742,23.3890020140073,21.9796051629889,23.4707973766127,25.3507567659087,26.682223561025,25.7762148495155,23.4108077652029,24.8323969912094,24.7675549312998,24.6691886996263,24.2164162275518,24.7558376167564,23.4224360823657,22.7588898069531,21.5654976221995,22.2262780591533,20.3619922729256,19.2660383579913,19.4398676563398,23.5654621252199,21.5153248013581,23.5547478241994,25.1893890625545,22.8558404032114,24.9705795754093,27.9400294775947,27.7268888440133,27.2285825878505,26.9873492327104,25.6039125172173,25.3675240119024,25.5542319178444,26.4760046729225,25.052912407333,23.0069670384326,21.7553488333992,21.4765812405634
Namibia,NAM,"Unemployment, total (% of total labor force) (national estimate)",SL.UEM.TOTL.NE.ZS,..,..,..,..,..,..,..,..,..,..,19.14,..,..,19.4,..,..,24.45,..,..,20.3,..,..,..,22.09,..,..,..,..,..,22.12,..,16.771,19.028,18.521,..,23.352,..,19.877,..,..,..,..,..,..
Namibia,NAM,"Inflation, consumer prices (annual %)",FP.CPI.TOTL.ZG,..,..,..,..,..,..,..,..,..,..,..,..,..,..,..,..,..,..,..,..,..,..,..,..,..,4.96116689298915,6.54788141101718,9.09464307192809,9.45172651521704,4.87491987643953,5.00559518081197,6.72199777334885,5.60092502290405,5.35016966859598,3.39401538410559,6.72858234593342,6.14579981111163,4.2915910533787,3.72239414422697,2.20938236933471,3.61690530108811,6.08128114112416,5.87993463284272,4.23903922877039
Namibia,NAM,"Mortality rate, infant (per 1,000 live births)",SP.DYN.IMRT.IN,70.5,69.6,68.2,66.2,64.1,62.1,60.3,58.7,57.3,56.1,54.7,53.5,52.4,51.5,50.8,50.1,49.6,48.7,47.5,45.9,44.5,43.5,42.6,41.5,38.4,36.8,38.4,40.7,43.1,42.7,44.4,48,47.6,46.9,47.5,47.6,46.3,45.7,44.6,43.1,41.6,39.7,38.4,..
Nauru,NRU,GDP per capita growth (annual %),NY.GDP.PCAP.KD.ZG,-5.17225415296075,-5.24632833438932,-4.8985695649213,-4.68454061298051,-4.79428001223705,-4.94006022599218,-5.03286460252436,-5.13896526696395,-5.14541974597577,-5.1599723888405,-20.8688419831101,-17.6892453545619,-16.7899618947874,-4.19805084719628,-8.17712065666731,-12.0153026740853,-9.07861489575546,-11.7966253696218,-6.46732163625626,-6.68214425925787,-6.41132789982018,-9.54276090019391,0.51395869229755,-4.32433795357888,-0.246574552411531,8.4907033423069,-22.0765818512195,20.513207520864,-5.71787094567978,-0.428390793882855,13.7715689635741,23.2171596796929,1.1839261060763,13.9847533896174,0.71043468630802,2.52869388922134,-7.45542337953611,-2.5359708715682,7.45682884832944,1.49131173016789,6.60230435521744,2.14891350884288,0.0192242828980937,1.14698150290675
Nauru,NRU,General government final consumption expenditure (% of GDP),NE.CON.GOVT.ZS,..,..,..,..,..,..,..,..,..,..,..,..,..,..,..,..,..,..,..,..,..,..,..,..,..,..,..,..,..,..,..,..,..,..,..,..,..,..,..,..,..,..,..,..
Nauru,NRU,"Unemployment, total (% of total labor force) (national estimate)",SL.UEM.TOTL.NE.ZS,..,..,..,..,..,..,..,..,..,..,..,..,..,..,..,..,..,..,..,..,..,22.76,..,..,..,8.256,..,..,..,..,22.96,..,13.282,..,..,..,..,..,..,..,5.056,..,..,..
Nauru,NRU,"Inflation, consumer prices (annual %)",FP.CPI.TOTL.ZG,..,..,..,..,..,..,..,..,..,..,..,..,..,..,..,..,..,..,..,..,..,..,..,..,..,..,..,..,..,..,0.300300300300297,-0.124750499001996,..,..,..,..,..,..,..,..,..,..,..,..
Nauru,NRU,"Mortality rate, infant (per 1,000 live births)",SP.DYN.IMRT.IN,..,..,..,..,73.9,70.6,67.6,64.5,61.8,59.2,56.5,54,51.4,49,46.8,44.7,42.7,40.9,39.1,37.5,36.1,34.7,33.4,32.3,31.2,30.1,28.9,27.5,26,24.4,22.7,21,19.3,17.7,16.2,14.8,13.5,12.3,11.2,10.3,9.5,8.8,8.3,..
Nepal,NPL,GDP per capita growth (annual %),NY.GDP.PCAP.KD.ZG,5.82899974667717,1.38792612305454,-5.25126113340109,7.1381623325468,3.7614916801796,2.28081213319082,-0.435088375434745,5.45398866703283,2.03508410331588,2.13356922780787,3.65047375085233,1.21094958738936,1.05282878357509,5.53859144431293,1.01279328094282,3.02911523214613,2.88786824199163,1.01136751517303,2.48732085355503,4.37721035459148,3.11851050390348,-1.39074360828988,2.48926345447566,3.36324782625996,2.32754534491777,2.36866119233534,2.55045520091535,5.31231494291112,3.82909610583356,4.16886489216166,2.96035780817019,4.40244630730626,3.31847430980025,5.69591211662627,3.4108030002933,-0.0405110299060141,8.76020605401564,7.36009731523734,5.40192160337149,-4.23182776858643,3.02971971240495,4.77665725235042,2.05405906860061,3.81766783822374
Nepal,NPL,General government final consumption expenditure (% of GDP),NE.CON.GOVT.ZS,7.03848835125417,8.51297330613072,10.1184834123223,9.25107916542197,9.38264671789808,9.08944081544756,9.07710134034824,8.96549033885523,10.0225162150355,8.66306954436451,8.95388567135968,7.79756198498635,8.48123313714552,8.02270263760087,9.24694878521729,9.24740772880484,8.90760856003109,9.31210423972477,8.92566864306681,8.9499536217219,8.10498230631968,8.39843027317861,8.66503735034973,8.64407758561264,8.89920802426825,8.68298261385388,9.19847711063206,9.88931635562944,10.7791174899218,9.99258870498519,8.19727848201115,7.89638625509625,7.53433761044771,8.00114144403982,8.81199699710941,7.92601848392004,8.51853832194441,8.06153627743491,8.11709521231421,9.0677320720387,8.25401086967028,8.41256130684511,6.62485343600964,7.43909718236692
Nepal,NPL,"Unemployment, total (% of total labor force) (national estimate)",SL.UEM.TOTL.NE.ZS,..,..,..,..,..,..,..,..,..,..,..,..,..,..,..,4.5,..,..,1.85,..,..,..,..,..,..,..,..,1.378,..,..,..,..,..,..,3.1,..,10.66,..,..,..,..,..,..,..
Nepal,NPL,"Inflation, consumer prices (annual %)",FP.CPI.TOTL.ZG,11.1448567278443,11.6985465924139,12.3772380782713,2.84578495716266,8.05264126619629,18.9989495502395,10.750328044985,8.98300338208989,8.84688691232552,8.2397003745321,15.5574529276948,17.149523624344,7.50539419087105,8.34928672883386,7.62296950698163,9.22046662376986,4.00998860523183,11.2444677818614,7.4511126095755,2.47882020709132,2.68830373545629,3.02939948714896,5.70700931874737,2.84181131248978,6.83633265892875,6.92033580707587,2.26921924439073,9.90783005306479,11.0948237386987,9.32650410745394,9.22707546125951,9.45980980357135,9.04016311917636,8.36415469659563,7.86890895590899,8.79034332004633,3.62709610696607,4.0611633875107,5.56868547784929,5.05236655289212,4.14968003360264,7.6507917679853,7.11475951738199,..
Nepal,NPL,"Mortality rate, infant (per 1,000 live births)",SP.DYN.IMRT.IN,140,136.1,132,127.9,123.8,119.5,114.9,110.4,105.8,101.2,96.6,92.1,87.8,83.6,79.7,75.9,72.2,68.6,65.1,61.8,58.8,55.9,53.3,50.9,48.8,46.9,45.1,43.4,41.8,40.2,38.7,37.1,35.6,34.1,32.6,31.2,29.9,28.5,27.3,26.1,25.1,24.2,23.3,..
Netherlands,NLD,GDP per capita growth (annual %),NY.GDP.PCAP.KD.ZG,-1.46195292650955,-1.69259009201818,1.68361865446971,2.65340388499804,2.10293483565027,2.21813149075913,1.28651491938223,2.77504345151209,3.79556946613022,3.46827753195377,1.63505476802885,0.940014971552714,0.554249718693711,2.34216819213047,2.60797332606091,2.94449834083628,3.71322161762264,4.00446947960582,4.34658615125738,3.47747780858097,1.55410416356578,-0.392037086310523,-0.373331238838787,1.66244352424715,1.79582591930534,3.37121339494911,3.6595790579472,1.72005565007052,-4.15945322331045,0.800960653466348,1.29975033814375,-1.34363605737404,-0.324530183160419,1.24763624808071,1.66898777013176,1.88065314524779,2.17569091526914,1.66335743670078,1.63214291771632,-4.40052537279003,5.72193522957718,4.0109788096194,-0.911427720896455,0.322423406666644
Netherlands,NLD,General government final consumption expenditure (% of GDP),NE.CON.GOVT.ZS,23.0484643057305,23.51894438263,23.3970801070425,22.0248469040643,22.3251855387611,22.2463399263679,23.1570411357544,22.5767854635225,21.8293029618179,21.6611690515205,21.8578038309949,22.3685070843053,22.6326306208398,22.4544001792231,22.3929800746594,21.3327541268462,20.9562841530055,20.7988572557422,20.5603806323085,20.5466274207138,20.9466580803866,22.0454920550963,22.8078795729665,22.4106566736836,22.1894988808979,23.0747101000266,23.0999959857091,23.3458058433991,25.7776832711017,26.0868212907179,25.5644324121626,25.8184044531411,25.591112540135,25.4138134792751,24.6510530267816,24.2777102787517,23.9046907483542,23.9575090216481,24.1193009603901,25.419278032195,25.1515899276541,24.1995532390171,24.5031139969221,..
Netherlands,NLD,"Unemployment, total (% of total labor force) (national estimate)",SL.UEM.TOTL.NE.ZS,7.92,..,11.851,..,10.48,..,9.898,9.369,8.704,7.671,7.285,5.555,6.287,7.159,7.157,6.421,5.511,4.394,3.622,2.725,2.119,2.554,3.593,4.646,5.872,5.007,4.153,3.658,4.352,4.991,4.977,5.821,7.241,7.419,6.872,6.007,4.837,3.832,3.379,3.82,4.209,3.526,3.535,3.639
Netherlands,NLD,"Inflation, consumer prices (annual %)",FP.CPI.TOTL.ZG,6.73892655204781,5.91109658468385,2.74084033162257,3.30164075759304,2.2585844298862,0.0833467771085433,-0.691210481411521,0.73795068833231,1.082158102533,2.45409184818342,3.15820041477122,3.18358181761551,2.58418448671799,2.80152463293178,1.92322003453524,1.94936713166008,2.10924562739483,1.95913632274252,2.15717918055059,2.36052233801948,4.15584127195613,3.28753104712771,2.09199838997654,1.2636473918318,1.68813017869623,1.10150106517702,1.61385859802103,2.48650198289454,1.18977687021549,1.27530569556683,2.34107017751372,2.45554765291609,2.50689852657885,0.976035079699672,0.600248147278746,0.3166666666667,1.38145871407207,1.70349794744475,2.63369910249596,1.27246037789166,2.67572008805385,10.0012078753473,3.8383935434281,3.3475430421995
Netherlands,NLD,"Mortality rate, infant (per 1,000 live births)",SP.DYN.IMRT.IN,8.5,8.4,8.2,8,7.9,7.7,7.5,7.2,7,6.8,6.5,6.3,6.1,5.9,5.7,5.5,5.4,5.3,5.2,5.1,5,4.9,4.8,4.6,4.4,4.3,4.1,4,3.9,3.8,3.7,3.6,3.6,3.5,3.5,3.5,3.5,3.5,3.5,3.5,3.5,3.5,3.5,..
New Caledonia,NCL,GDP per capita growth (annual %),NY.GDP.PCAP.KD.ZG,-7.99729865514604,1.35592095763653,-3.26575374763378,0.133296624894783,2.77109463842929,-2.6190288408857,3.94397251578846,32.3218128456333,8.72423783921266,1.00084224269344,2.13222042921386,-2.09143329184117,-1.99060054931688,0.0953679299492904,3.42078383494169,-1.83068993009077,-0.195960722861727,-5.22945773355342,-1.16837174714553,0.0082048320171566,..,..,..,..,..,..,..,..,..,..,..,..,..,..,..,..,..,3.99754115628063,-1.42259825448929,-2.59576600480919,-2.45629456943234,2.81185763226435,..,..
New Caledonia,NCL,General government final consumption expenditure (% of GDP),NE.CON.GOVT.ZS,30.6971907748021,32.9346023854922,34.8630446081554,36.3667989342452,37.8088058276119,40.6528257709354,..,..,..,9.4000000394047,..,..,..,..,..,..,..,28.804609993497,27.95141465436,26.8040365021828,28.2921786096715,28.3996951788177,27.1922404614125,25.6264835885424,25.558958282458,24.925194506364,22.9267560998227,25.0014482508118,26.1406041237252,23.8225060000261,23.2948136462236,23.6005064950409,24.1589774850236,23.4297617988349,23.8343005377614,24.4656420375773,23.5139817745229,..,..,..,..,..,..,..
New Caledonia,NCL,"Unemployment, total (% of total labor force) (national estimate)",SL.UEM.TOTL.NE.ZS,..,..,..,..,..,..,..,..,..,..,..,..,..,..,..,18.64,..,..,..,..,..,..,..,16.31,..,..,..,..,13.97,..,..,..,..,14.59,..,..,11.676,11.702,10.88,13.558,..,10.71,..,..
New Caledonia,NCL,"Inflation, consumer prices (annual %)",FP.CPI.TOTL.ZG,..,..,..,..,..,..,..,..,..,..,..,..,..,..,..,..,..,..,..,..,..,..,..,..,..,..,..,..,..,..,2.42899693753408,1.74967234600262,1.27761318992723,0.1788510607855,0.57050814104803,0.578317435521155,..,..,..,..,..,..,..,..
New Caledonia,NCL,"Mortality rate, infant (per 1,000 live births)",SP.DYN.IMRT.IN,..,..,..,..,..,..,..,..,..,..,..,..,..,..,..,..,..,..,..,..,..,..,..,..,..,..,..,..,..,..,..,..,..,..,..,..,..,..,..,..,..,..,..,..
New Zealand,NZL,GDP per capita growth (annual %),NY.GDP.PCAP.KD.ZG,4.25376342245131,-0.0680685037253141,2.09408373463582,3.88995795101282,0.989450984407256,2.73095234742922,0.10433472483264,-0.626814136933348,-0.318262383816545,-0.767240781582061,-5.76868280785115,0.0461709248823894,5.18530911444842,3.7312097203412,3.19974240620451,1.98496136384595,0.748379237952108,-0.0325316016859745,4.82543761135132,2.26739583876633,2.80339857456191,2.9101304553614,2.68143475144709,2.55242862499898,2.19286668317011,1.53451584031141,2.09997633054701,-1.85355347358967,-1.03184078096996,0.336940895877831,1.31801414005311,1.80664874629129,1.80431778832353,2.11605987877432,1.60054496622324,1.47418017961533,1.24183177643995,1.6336762235868,0.702321766663232,-2.48120776093185,4.10387218047867,3.37907841960697,-1.07826006371988,-1.87567582380545
New Zealand,NZL,General government final consumption expenditure (% of GDP),NE.CON.GOVT.ZS,19.189852700491,19.1331605280608,18.2784070940009,17.6690199832476,17.8635826649257,17.7247079529964,17.5446127429938,17.5927114076736,17.8017032285884,18.4468059952448,18.6949596535338,18.8549179804685,17.7321903635826,16.7935982339956,16.8014048796708,16.6328720784166,16.8344225540238,17.5472263306686,17.2764927712865,17.0904296597936,16.8974143824974,16.7597517402594,16.8073798286529,17.0698568184318,17.9474275333411,18.3612009023046,18.428481890793,19.7417839139069,19.7324036945952,19.6516168275646,19.5615885966146,19.3450987950038,18.7337391916607,18.7562006775977,18.4818972567095,18.1231524736147,17.904225778071,18.2215201028808,18.852086342506,20.4371940676521,21.0705871213176,20.8745105114568,..,..
New Zealand,NZL,"Unemployment, total (% of total labor force) (national estimate)",SL.UEM.TOTL.NE.ZS,..,..,..,..,..,4.186,4.214,5.77,7.305,7.971,10.611,10.673,9.799,8.361,6.462,6.298,6.848,7.725,7.036,6.137,5.448,5.285,4.751,4.012,3.813,3.851,3.606,4.037,5.866,6.211,6.034,6.491,5.84,5.431,5.407,5.145,4.737,4.329,4.106,4.596,3.783,3.299,3.734,4.724
New Zealand,NZL,"Inflation, consumer prices (annual %)",FP.CPI.TOTL.ZG,15.3701595831853,16.1636941231018,7.34107586057346,6.17125347924442,15.4176555719918,13.213398064002,15.7443007888927,6.37524944411052,5.71599155135629,6.09844414810205,2.60239285999774,1.01456027171236,1.28820776574386,1.74537790773743,3.75494413677554,2.28571305402195,1.18714833105633,1.26524409915406,-0.114267129777529,2.6152344624632,2.62581630392902,2.67709257711606,1.75357444759557,2.2902490284757,3.03702332617012,3.36540196171992,2.37614310290658,3.95894937312061,2.1156511055456,2.30202385958574,4.02790667392041,1.05991318445632,1.13442266445812,1.22750750597406,0.292704628136088,0.646240284454499,1.85078767452534,1.59829703801696,1.61963190184049,1.71456170007245,3.94112060778727,7.17222476016446,5.73316283034953,2.92279782301955
New Zealand,NZL,"Mortality rate, infant (per 1,000 live births)",SP.DYN.IMRT.IN,12.5,12.2,11.9,11.6,11.3,11,10.6,10.1,9.6,9.1,8.6,8.2,7.8,7.4,7.1,6.9,6.6,6.4,6.2,6,5.9,5.8,5.7,5.5,5.5,5.4,5.3,5.3,5.2,5.2,5.1,5,4.9,4.8,4.7,4.6,4.5,4.4,4.3,4.2,4.2,4.1,4,..
Nicaragua,NIC,GDP per capita growth (annual %),NY.GDP.PCAP.KD.ZG,2.42596293058266,-3.50080649950205,1.90068623874957,-3.9819118632871,-6.34298617236558,-3.30466953331114,-2.95729751691646,-14.4368658409524,-4.01338935580978,-2.35955546973541,-2.46398821920231,-1.85750643208351,-2.55575157455552,1.16653527605601,3.77641566640617,4.38727575317672,2.24599060138242,2.1384399499342,5.51571518995972,2.67944162568968,1.64157183542785,-0.460685992278769,1.31955360750133,4.0749066715682,2.93169257880047,2.67777444612834,3.57801456385216,1.96391791132177,-4.66051140515347,2.9388092403868,4.82579847166105,5.0120845551519,3.47943447123747,3.35791289379488,3.37914204919937,3.16650951067395,3.24691576299918,-4.62941675714166,-4.14856907147293,-3.4517971097024,9.13330681920195,2.22853832012306,3.00511061205397,2.20198911444788
Nicaragua,NIC,General government final consumption expenditure (% of GDP),NE.CON.GOVT.ZS,21.9381669244575,23.4431778049136,31.4440118919771,35.3386650576044,35.730704667712,35.3510782850756,34.2330672335019,32.2084003856666,26.6969508807477,43.4792056528719,20.5506391347099,19.6720214190094,17.5887250569794,7.49096592667875,7.51657999473092,7.34507965495221,6.91524311357816,7.12629932963073,8.227810985919,8.67671427742945,8.96260821490308,8.74502652362897,9.18469723668059,9.08413312739566,9.42815325263766,15.1654912987376,14.0182886289557,13.8379880801305,14.4977920453949,14.0971885412328,13.5986900703289,13.5686638804069,13.7621211200531,14.2795824550978,14.0522981904084,14.4608322130013,14.4104462520195,14.8026116933585,15.2130925728858,15.0817033768448,15.4655261086513,13.933777682316,12.8951938413098,12.262104314813
Nicaragua,NIC,"Unemployment, total (% of total labor force) (national estimate)",SL.UEM.TOTL.NE.ZS,..,..,..,..,3.2,4.7,5.8,6,8.66,..,..,..,..,..,..,..,..,..,..,..,4.12,..,7.6,6.41,5.37,5.31,4.89,6.2,8.16,7.83,..,5.208,5.28,4.52,4.7,3.9,3.3,5.2,..,..,..,..,..,..
Nicaragua,NIC,"Inflation, consumer prices (annual %)",FP.CPI.TOTL.ZG,..,..,..,..,..,..,..,..,..,..,..,..,..,..,..,..,..,..,..,..,..,..,..,..,..,9.14019966777721,11.1269347446118,19.8262031287429,3.68700160498796,5.45513425887423,8.08238798099103,7.19355053338954,7.13546785289406,6.03596861798429,3.99737996694396,3.52317317628478,3.85067166284727,4.94723728039881,5.37628990844127,3.68181341625574,4.92841396948965,10.4674244465991,8.38765854872534,4.62473841057143
Nicaragua,NIC,"Mortality rate, infant (per 1,000 live births)",SP.DYN.IMRT.IN,78.3,74.2,70.5,67.3,64.5,61.9,59.6,57.3,55.1,52.9,50.5,48.1,45.7,43.3,41,38.8,36.6,37.3,32.6,30.8,29.2,27.6,26.2,24.9,23.6,22.5,21.4,20.4,19.4,18.5,17.6,16.8,16,15.3,14.6,13.9,13.3,12.7,12.1,11.6,11.1,10.7,10.3,..
Niger,NER,GDP per capita growth (annual %),NY.GDP.PCAP.KD.ZG,-3.11509572447844,-0.817728941415822,-6.67109077586078,-19.2433493449205,4.56326937920227,3.20101161942344,-2.8945708827687,3.68166854460942,-2.07152216557793,-4.30134942960251,-3.47795488612833,-1.13103705292642,-2.79968693637561,-1.36907813994121,-0.878404477406505,-3.19125592898469,-1.78818258744471,6.31303577624729,-3.59420117545913,-4.57504226731116,3.56959177749576,1.27795509678579,-1.40492633289823,-3.18333778722413,3.50589535528762,2.12703436992842,-0.585038841788489,3.81608288917157,-1.75785643451498,4.60766589552573,-1.38136228282855,6.45537638540985,1.43045373805732,2.77949866185601,0.604320140159473,1.92620628769158,1.33285572403285,3.57478885227313,2.43270218960372,0.189464640804786,-1.86257596023195,8.3198637261773,-1.62761880925538,4.92199441423647
Niger,NER,General government final consumption expenditure (% of GDP),NE.CON.GOVT.ZS,10.9340562156935,11.3122173600732,11.2356279641363,10.2114328542879,10.8312734846963,11.298149279754,11.2203848162935,15.5035328681413,15.7054509364627,20.9351175719525,19.6414901515299,19.8632710853858,21.4622374054694,19.5687339535826,19.2600871741953,19.8117339016036,20.5425262176753,19.9443416650796,21.9766667712373,20.7120131887789,19.1489721277572,18.6446643237149,18.4368006692338,19.4702232094906,17.7795695976877,16.9059240314788,17.2125938565558,17.1426851321001,18.3468416636805,15.4806842903938,16.3864510922319,15.1011981520766,15.2962875130716,17.9391046614083,16.4975609653854,15.2699976502753,15.4619253267481,15.1748924943314,15.6551048903491,15.7621549642209,17.3385320753636,..,13.4392076221623,11.7989701029599
Niger,NER,"Unemployment, total (% of total labor force) (national estimate)",SL.UEM.TOTL.NE.ZS,..,..,..,..,..,..,..,..,..,..,..,..,..,..,..,..,..,..,..,..,1.47,..,..,..,3.1,..,..,..,..,..,0.316,2.177,..,0.524,..,..,7.769,..,0.531,..,..,0.403,..,..
Niger,NER,"Inflation, consumer prices (annual %)",FP.CPI.TOTL.ZG,..,..,..,..,..,..,..,..,..,..,..,..,..,..,..,..,..,..,..,..,..,..,..,..,..,..,..,..,..,..,2.94238514013314,0.455089820359304,2.29723114955315,-0.930287259984459,-0.576090369833122,1.65388922387806,2.79637318871282,2.9676036600445,-2.48979265070854,2.89819376026277,3.83786802840501,4.22621791916397,3.70097316425831,9.07151997725012
Niger,NER,"Mortality rate, infant (per 1,000 live births)",SP.DYN.IMRT.IN,140.1,140.7,142.2,144.2,146.1,147.7,148.5,148.7,148.1,146.6,144.6,141.7,138,133.4,128.4,123.5,119.1,115,111.3,107.7,103.6,99,94.1,89.3,84.8,80.7,77.2,74.5,72.3,70.9,69.9,69.4,69.2,69.1,69.3,69.3,69.4,69.4,69.5,69.4,69,68.3,67.4,..
Nigeria,NGA,GDP per capita growth (annual %),NY.GDP.PCAP.KD.ZG,-15.7585051262645,-9.55081765331822,-13.204804462126,-3.61771426892366,2.95446539768378,-2.62075281914916,0.48653711282725,4.50152275031108,-0.787791828905881,8.79614634151105,-2.25751903462219,1.92006635002693,-4.59723301462512,-4.37439193637934,-2.67294759162876,1.50723164585267,0.292131866739112,-0.0648532095971035,-2.03256096941411,2.24461411109782,3.07926731844437,12.21038628322,4.42833467516168,6.26527336879519,3.53183710668013,3.1709281033699,3.67720698171627,3.83258898509777,5.06718321393261,5.02853779310237,2.39734841623149,1.37822146587277,3.81449207685272,3.53757268118497,0.0819795778254502,-4.01892534268519,-1.61585537268624,-0.406836852099204,-0.0100047593981571,-3.86420100251684,1.49716084785834,1.11326739395624,0.724295703712912,1.29437207004486
Nigeria,NGA,General government final consumption expenditure (% of GDP),NE.CON.GOVT.ZS,..,..,..,..,..,..,..,..,..,..,..,..,..,..,..,..,..,..,..,..,..,..,..,..,..,..,..,..,..,..,..,..,..,..,..,..,..,..,..,..,..,..,..,..
Nigeria,NGA,"Unemployment, total (% of total labor force) (national estimate)",SL.UEM.TOTL.NE.ZS,..,..,..,..,..,3.94,..,..,..,..,..,..,..,..,..,..,..,..,..,..,..,..,..,..,..,..,..,..,..,..,3.77,..,3.711,4.562,4.311,7.06,8.389,..,10.695,..,..,3.827,3.074,3.454
Nigeria,NGA,"Inflation, consumer prices (annual %)",FP.CPI.TOTL.ZG,..,..,..,..,..,..,..,..,..,..,..,..,..,..,..,..,..,..,..,..,..,..,..,..,..,8.22522152017049,5.38800796858628,11.5810751748252,12.5378277304689,13.7400521363694,10.8261371880017,12.2242413020584,8.49551838265672,8.04741087967908,9.00943498007703,15.6968126387972,16.5022662139641,12.0951065173432,11.3964223378115,13.2460234276598,16.9528457221608,18.8471877843274,24.6595502031139,33.2420966545405
Nigeria,NGA,"Mortality rate, infant (per 1,000 live births)",SP.DYN.IMRT.IN,104.8,103.6,103.1,103,103.3,103.8,104.4,104.8,105.3,105.5,105.7,105.8,105.9,105.8,105.4,104.7,103.4,101.6,99.5,97.1,94.6,91.9,89.1,86.4,83.7,81.2,79,77.1,75.4,74,73,72,71.4,70.8,70.2,69.5,68.6,67.4,66.1,64.7,63.2,61.6,60.1,..
North Macedonia,MKD,GDP per capita growth (annual %),NY.GDP.PCAP.KD.ZG,..,..,..,..,..,..,..,..,..,..,-5.81959155370519,-5.4862400516152,-6.28574163754088,-1.05867357276367,-1.40506990392927,0.480270787981112,2.23672096612285,2.83010081232176,3.84147389382692,4.07405080631071,-3.47368322147879,2.23345659919198,2.09282245300516,5.01357406752894,5.29102012277241,5.71920223477417,7.08313931163076,6.08402471253315,0.287981674208055,4.02171749784563,2.81001401364465,-0.0653472343038857,3.30559670350297,3.90792755780767,4.13429050530651,3.1782257470099,1.48936718625188,3.40375411089484,4.61869501137757,-3.65436823824773,5.59213007924724,3.06193588427661,2.29011028129807,4.79952970049786
North Macedonia,MKD,General government final consumption expenditure (% of GDP),NE.CON.GOVT.ZS,..,..,..,..,..,..,..,..,..,18.1253759398496,20.5907024793388,18.5561583104949,20.0407452637668,18.1006493506494,17.6607163887814,17.2339474010334,18.7567399048364,19.2618814270878,19.5631507366487,16.9308977421716,23.8322774403411,20.7524914823595,18.0793021057411,17.4050700533502,16.1849523581037,16.5105722135945,16.803123717782,18.5832389308009,19.0756882172195,18.2905857817131,18.1203224569461,18.6480481162538,17.504796858282,17.1123379786252,16.9763522579676,15.4300221084575,14.920741749797,14.2837255892918,13.9974562678743,16.7387341620846,15.8306657801479,15.0221055675641,14.9243672391341,16.7861903984066
North Macedonia,MKD,"Unemployment, total (% of total labor force) (national estimate)",SL.UEM.TOTL.NE.ZS,..,22,20.9,21.1,21.6,21.7,21.5,21.4,22.6,23.6,24.5,26.3,27.7,30,35.6,38.8,36,34.5,32.4,32.2,30.52,31.94,36.69,37.161,37.32,36.392,35.231,33.93,32.351,33.135,31.502,31.096,29.017,28.215,26.395,24.312,22.857,21.208,17.414,16.575,15.801,14.476,13.174,12.265
North Macedonia,MKD,"Inflation, consumer prices (annual %)",FP.CPI.TOTL.ZG,..,..,..,..,..,..,..,..,..,..,..,..,..,..,..,..,..,..,..,..,..,..,0.85556212272423,-0.448650206552038,0.525515950714282,3.21362929606346,2.25175798305457,8.33189666968095,-0.739633963061152,1.50997522027621,3.9047542206973,3.31605566687647,2.78500056726118,-0.281705032928494,-0.299920475631552,-0.23929078768441,1.35161889677442,1.45831298507117,0.766439573459716,1.20007348888486,3.23074912132919,14.2047173195833,9.36187249769015,3.48974086026954
North Macedonia,MKD,"Mortality rate, infant (per 1,000 live births)",SP.DYN.IMRT.IN,52.9,50.5,47.8,46.1,45.4,44.6,42.5,39.4,36.2,33.3,31.2,29.7,28.1,25.5,21.9,18.9,17.2,16.3,15.4,14.2,13.2,12.7,12.7,12.6,12.2,11.5,10.9,10.3,9.7,9.2,8.9,9,9.4,9.8,9.9,9.5,8.5,7.2,6.1,5.2,4.4,3.6,2.8,..
Northern Mariana Islands,MNP,GDP per capita growth (annual %),NY.GDP.PCAP.KD.ZG,..,..,..,..,..,..,..,..,..,..,..,..,..,..,..,..,..,..,..,..,..,..,2.42454664863909,-0.829932545374945,-10.4852551650988,-4.30544836131968,-3.92765941553607,-8.28281999633768,-14.854218227401,3.70912591649699,-6.54977616215164,1.51906574643922,3.60738653208077,5.33556203023453,4.71604040189382,31.097890849885,25.1775968489283,-18.0505598698509,-9.70326849241671,-28.1627780007682,6.19656514048702,18.9235637680801,..,..
Northern Mariana Islands,MNP,General government final consumption expenditure (% of GDP),NE.CON.GOVT.ZS,..,..,..,..,..,..,..,..,..,..,..,..,..,..,..,..,..,..,..,..,..,..,..,..,..,..,..,..,..,..,..,..,..,..,..,..,..,..,..,..,..,..,..,..
Northern Mariana Islands,MNP,"Unemployment, total (% of total labor force) (national estimate)",SL.UEM.TOTL.NE.ZS,..,..,..,11.75,..,..,..,..,..,..,..,..,..,..,..,..,..,..,..,3.83,..,..,4.57,..,8.22,..,..,..,..,11.17,..,..,..,..,..,..,..,..,..,..,..,..,..,..
Northern Mariana Islands,MNP,"Inflation, consumer prices (annual %)",FP.CPI.TOTL.ZG,..,..,..,..,..,..,..,..,..,..,..,..,..,..,..,..,..,..,..,..,..,..,..,..,..,..,..,..,..,..,..,..,..,..,..,..,..,..,..,..,..,..,..,..
Northern Mariana Islands,MNP,"Mortality rate, infant (per 1,000 live births)",SP.DYN.IMRT.IN,..,..,..,..,..,..,..,..,..,..,..,..,..,..,..,..,..,..,..,..,..,..,..,..,..,..,..,..,..,..,..,..,..,..,..,..,..,..,..,..,..,..,..,..
Norway,NOR,GDP per capita growth (annual %),NY.GDP.PCAP.KD.ZG,1.24936544644714,-0.132144883355153,3.62936318622451,5.75352056246923,5.23777543812425,3.6716668600906,1.27841397675084,-0.790296442452416,0.622018560403802,1.58209283817365,2.5944060142092,2.97836952395049,2.23483627884877,4.45880136804293,3.61634550965195,4.49689278199928,4.71527738632528,2.05920289540578,1.37548680034543,2.65053093720739,1.55192755877651,0.832308736735257,0.354567435549953,3.40174616090181,1.98813847350503,1.63957006794733,1.85464333724661,-0.762647949902117,-3.16925631537788,-0.460631240331892,-0.197405946610559,1.37764088326504,-0.197883206152966,0.903762655946366,0.848799114123295,0.277407788765373,1.63950712591077,0.165560788690883,0.44339856309783,-1.85769609648001,3.35449506555356,2.32282354360895,-1.06042752022127,1.13523699356158
Norway,NOR,General government final consumption expenditure (% of GDP),NE.CON.GOVT.ZS,18.5870092298083,18.9983305509182,18.954002717627,18.1858926011775,17.8959178665794,19.0195424737761,19.9775073479147,19.931364104541,20.0207158541197,20.2841593308627,21.0059145385255,21.9519784329714,21.9735539238322,21.625046531482,20.9626242552988,20.365004475325,19.9780083060262,21.3569331166649,21.0120627290335,18.8635586549089,20.0319395828706,21.6263198105035,21.9413888965855,20.7439309264519,19.3734517687955,18.5676383035241,18.6493453448771,18.400463744239,21.4990129982555,21.2265832895452,20.790418547942,20.6096915874254,20.9790524328269,21.7227596135843,23.0978508285298,24.2188229593057,23.8057622649674,23.112939424551,24.1035080681146,26.1340574738378,22.4493406578412,18.0964798823633,22.0477897050686,..
Norway,NOR,"Unemployment, total (% of total labor force) (national estimate)",SL.UEM.TOTL.NE.ZS,2.03,1.7,2.04,2.9,2.32,1.79,2.03,3.02,4.83,5.229,5.467,5.915,5.944,5.415,6.307,5.036,4.687,3.737,3.247,3.458,3.738,4.022,4.221,4.256,4.381,3.397,2.493,2.521,3.1,3.527,3.196,3.129,3.425,3.486,4.296,4.68,4.164,3.801,3.684,4.424,4.359,3.231,3.574,3.982
Norway,NOR,"Inflation, consumer prices (annual %)",FP.CPI.TOTL.ZG,13.6429608127722,11.3409961685824,8.46524432209222,6.21827411167513,5.71485463958578,7.17649274816357,8.71704745166956,6.67636598771416,4.5461433550538,4.1310334831135,3.43819599109134,2.32808504911858,2.28826933193056,1.37567498071479,2.46036778693724,1.26253249164501,2.5669233590026,2.25241329996422,2.36596736596734,3.08550609131276,3.00419703998237,1.28672528415183,2.48782553461784,0.454498502220837,1.53213367609255,2.32934980757543,0.712589073634204,3.75393081761005,2.19738586853574,2.41890639481001,1.28495158809154,0.696864111498301,2.12048620353118,2.0417028670721,2.17113665389527,3.55,1.87510059552554,2.76483134528787,2.16773003305404,1.28658490707998,3.48388055266683,5.76412317852275,5.51784987104656,3.14530134431072
Norway,NOR,"Mortality rate, infant (per 1,000 live births)",SP.DYN.IMRT.IN,8,8,8.1,8.2,8.3,8.3,8.2,7.9,7.5,7,6.4,5.9,5.4,4.9,4.6,4.4,4.2,4.1,4,3.9,3.8,3.7,3.6,3.4,3.3,3.2,3,2.9,2.8,2.7,2.6,2.4,2.4,2.3,2.2,2.1,2.1,2,2,1.9,1.9,1.9,1.9,..
Oman,OMN,GDP per capita growth (annual %),NY.GDP.PCAP.KD.ZG,10.8398149499368,5.5447279819485,10.3684268453251,10.5139014934965,7.31855927801392,-4.3441309699285,-9.07462092943251,0.122614608803232,5.91242628879651,-5.09719826830693,1.05996361946717,3.5607492636871,1.66643798436652,0.874063800580799,3.08090662761251,1.30704570533138,4.39784180446976,-1.496337274152,-1.05667687405796,4.83264880749192,3.34135289623774,-1.92709599366199,-3.29759460918538,0.252575657950231,0.482138133458704,2.38091766222423,2.71865852745317,6.61241844727729,3.68717578981379,-0.232906393185388,-7.78414520830087,-5.57202783891576,-2.64416002304453,-2.97274165335905,0.438450329868957,0.118553614303224,-2.93490377016138,-0.0452382355009746,-0.985733221362153,-1.91104857604375,3.08530454964595,2.73958764672784,-5.20647318480752,-2.79729820520193
Oman,OMN,General government final consumption expenditure (% of GDP),NE.CON.GOVT.ZS,24.5961741875255,26.1056133170226,26.5630178679155,26.5187567691752,27.1448892370986,33.2058428993158,30.4221825405268,29.6480074430144,27.0729298479298,23.754347571222,23.5509653520163,24.2977116033446,24.7733752467286,25.6839872746554,24.6046450076093,21.9859215973457,20.7488142093047,23.1090938563787,21.1019878367145,18.8262373229892,20.2855436221173,20.6557894618151,19.4582601655082,19.5643208665927,18.1989979783774,16.2829620489766,16.3901677301241,12.3562308354353,16.8890493900695,16.374549819928,15.8182818865822,17.1446678984906,18.8971209124244,21.6155857564501,24.6382701731082,26.1249004742618,24.5282958178672,21.5586630286494,23.1085016273177,26.0658781931806,22.1420061949011,17.6517102920565,19.0557237903671,..
Oman,OMN,"Unemployment, total (% of total labor force) (national estimate)",SL.UEM.TOTL.NE.ZS,..,..,..,..,..,..,..,..,..,..,..,..,..,..,..,..,..,..,..,..,..,..,..,..,..,..,..,4.142,..,..,..,..,..,..,..,3.266,..,1.8,..,2.94,1.9,3.3,..,..
Oman,OMN,"Inflation, consumer prices (annual %)",FP.CPI.TOTL.ZG,..,..,..,..,..,..,..,..,..,..,..,..,..,..,..,..,..,..,..,..,..,-0.279578822571373,0.231328682267142,0.624969062631361,1.90983553531865,3.54498591605034,5.8304841809271,12.3754091529912,3.46881023754894,3.25657959078626,4.04218867116391,2.94773495257211,1.05354820265931,1.01401483924157,0.0652901330286023,1.10920805807031,1.58909413567799,0.889312370970333,0.490815362820714,-0.406402919465837,1.68221185876079,2.50614250614251,0.950782997762896,0.593589236248421
Oman,OMN,"Mortality rate, infant (per 1,000 live births)",SP.DYN.IMRT.IN,78,70.8,63.9,57.6,51.8,46.6,42.1,38.1,34.5,31.3,28.4,25.8,23.4,21.3,19.5,17.9,16.6,15.4,14.3,13.3,12.5,11.8,11.2,10.8,10.4,10.1,9.9,9.8,9.6,9.5,9.4,9.3,9.2,9.1,9.1,9,8.9,8.8,8.7,8.6,8.6,8.5,8.4,..
Pakistan,PAK,GDP per capita growth (annual %),NY.GDP.PCAP.KD.ZG,3.50462183380769,2.60648813605926,3.14476107183957,1.82241302270991,4.23568398580987,1.99470584181627,2.88408948028645,4.06760070882835,1.58506250480809,1.02421181151411,1.64455814439934,4.66648101392903,-1.02474092628785,0.779593544127223,1.97228554754696,1.83880828653224,-1.80254112696187,-0.242732275330027,0.876623662652293,1.35619796881565,0.793239199866164,0.110981031379026,2.94922564327645,5.20245589475688,4.7286345998931,3.55533116774782,1.72148373910261,-0.577212099008804,0.87615081009595,-0.97547471765489,0.408754534144464,1.08227196914481,2.68232501000951,2.56600413102157,2.76648640710329,5.19506859858923,2.96623678403046,4.44201942237108,0.778096107046181,-3.03889328268374,4.52304565172781,2.96250287218002,-1.57609898748677,1.68805746216091
Pakistan,PAK,General government final consumption expenditure (% of GDP),NE.CON.GOVT.ZS,10.1640569957871,10.3412214376278,11.4180802278896,12.0868885808071,12.09894166559,12.7614997706654,13.5344702600445,15.5101726560545,16.7849092881409,15.1367556017165,14.2636684303351,12.8420774567953,13.0199928594269,12.0210006121682,11.7435241130122,12.645100187579,11.8935705131795,11.2641056207369,10.360099905424,9.91602763312804,8.65570044572585,9.62857319076679,9.7312174079688,9.68678523398956,9.16095768433827,11.5685911639419,10.4024928686559,10.58209529436,11.5288210157283,10.9187548907423,10.2265876335199,10.0992931187051,10.2598043429667,10.0273769947252,9.78896217933175,10.6089550735839,10.7537396161104,10.9936267499563,10.7497525397816,11.7888005549132,10.9295676776143,10.4918852190112,10.3075643795423,8.49890570638331
Pakistan,PAK,"Unemployment, total (% of total labor force) (national estimate)",SL.UEM.TOTL.NE.ZS,3.82,3.82,4.3,4.16,3.97,3.97,3.05,2.16,2.03,1.97,5.85,5.18,4.28,4.26,5.03,4.79,5.81,5.7,5.35,7.16,6.88,7.83,7.49,7.4,7.05,0.582,0.398,0.423,0.535,0.653,0.796,3.667,2.954,1.827,3.566,2.285,..,4.083,4.83,6.74,6.338,..,..,..
Pakistan,PAK,"Inflation, consumer prices (annual %)",FP.CPI.TOTL.ZG,..,..,..,..,..,..,..,..,..,..,..,..,..,..,..,..,..,..,..,..,..,..,..,..,..,..,..,..,..,12.9388705634889,11.9160927116277,9.68235186055679,7.69215611899569,7.18938402847027,2.52932817254228,3.7651191635658,4.08537368032612,5.07805725868913,10.5783618004555,9.73999313898157,9.49621056124947,19.8738599646655,30.7681280657005,12.6325318530452
Pakistan,PAK,"Mortality rate, infant (per 1,000 live births)",SP.DYN.IMRT.IN,126.2,125.2,124.1,122.7,121.2,119.6,118,116.3,114.5,112.7,110.8,108.7,106.5,104.2,101.7,99.1,96.4,93.9,91.4,89.1,87,85,83.4,81.8,80.4,79,77.7,76.3,74.8,73.2,71.6,69.8,67.9,66,64.1,62.2,60.3,58.5,56.8,55.1,53.4,51.8,50.1,..
Palau,PLW,GDP per capita growth (annual %),NY.GDP.PCAP.KD.ZG,-1.42647615148176,-2.66584218961408,-0.513231054870857,2.02546994545185,2.73280858886777,2.91036087038046,3.15624086946016,3.19746550606426,3.3200157833195,3.2668322006397,2.52009908422622,-8.5952979245322,-14.3516567863507,4.75349452330327,8.15893044538339,7.52966723750701,-0.264852834914691,-0.290664340906091,-7.28690312682086,-4.01065598578731,5.54285583305867,4.20307107289848,-3.99122908850977,3.09471601252538,3.41918332076987,1.02832621148966,3.28809085473193,-4.03728431100981,-5.7734934742118,0.790317696963982,6.96735717565575,3.03738754121761,-2.39339134979973,4.37374823545169,7.86508962806529,-0.591032718120488,-3.34148598963222,0.098768864064553,0.290092619003033,-5.96773409413829,-13.750264193529,-1.18506618068376,2.06093591710619,..
Palau,PLW,General government final consumption expenditure (% of GDP),NE.CON.GOVT.ZS,..,..,..,..,..,..,..,..,..,..,..,..,..,..,..,..,..,..,..,..,..,..,..,..,47.6419587915942,49.4330588079184,47.6538996812402,47.5836778641459,50.5491636754071,48.2866682644761,44.6038922151172,40.2231806839375,38.7253451031016,36.0754493505212,31.3680490401141,30.4724904340422,31.6743347338936,32.7756412055882,33.7772077621749,40.6324471757298,41.9730149660937,36.3419148788827,..,..
Palau,PLW,"Unemployment, total (% of total labor force) (national estimate)",SL.UEM.TOTL.NE.ZS,..,..,..,..,..,..,..,..,..,7.76,..,..,..,..,7.03,..,..,..,..,3.3,..,..,..,..,4.18,..,..,..,..,..,..,..,..,1.357,..,..,..,..,..,0.765,..,..,..,..
Palau,PLW,"Inflation, consumer prices (annual %)",FP.CPI.TOTL.ZG,..,..,..,..,..,..,..,..,..,..,..,..,..,..,..,..,..,..,..,..,..,-1.30123617436563,0.922874093605835,4.96407576747216,3.9514623522091,4.42981143370254,3.2387503582688,11.9655746807329,1.43813538308952,1.44219017355169,4.67469879518073,3.61418047882138,3.35481004221284,4.19174548581257,0.949040643697096,-1.04230533415081,1.41798819666923,2.10970464135021,0.267379679144385,0.218181818181818,2.61248185776488,12.3526638378124,12.8199748216534,2.23172772921704
Palau,PLW,"Mortality rate, infant (per 1,000 live births)",SP.DYN.IMRT.IN,37.4,36,34.7,33.8,32.9,32.1,31.4,30.9,30.4,29.8,29.3,28.7,28.1,27.3,26.5,25.7,24.8,24,23.1,22.3,21.5,20.8,20.1,19.3,18.6,18,17.5,17.1,16.8,16.6,16.6,16.8,17.1,17.6,18.2,18.8,19.4,19.8,19.9,19.9,19.7,19.5,19.1,..
Panama,PAN,GDP per capita growth (annual %),NY.GDP.PCAP.KD.ZG,6.65242605625258,2.89203635965703,-6.71122579830379,0.337222278199917,2.55183283711209,1.24877510996606,-3.96932706404588,-15.2529185907751,-0.591338056469212,5.82029659362679,7.12083868969916,5.95973635976399,3.2877127893675,0.752456347526049,-0.302769545385999,-7.65193433978143,5.56495539962489,6.24441508584796,3.14763386036323,2.18230222607616,-0.995989281913566,0.549728201098816,3.10474245435412,6.13442184467048,6.25411779537141,7.83919999384199,11.0968501218357,8.20927227088663,-0.205009313798783,4.19797204867427,9.94036229041117,7.70986507627907,4.48786634938627,2.83087707850027,3.46107387568399,2.77979910410548,3.94788150696994,2.19399065056804,1.47570135325034,-18.9421660019842,15.0695424701587,9.37602551245362,6.00257751263449,1.56739257570904
Panama,PAN,General government final consumption expenditure (% of GDP),NE.CON.GOVT.ZS,16.246677906025,18.2511674343088,17.7962295846795,18.8685971156488,18.6620348359251,19.58121602907,21.0115982105918,19.9495207633741,18.4191342836623,17.2773189542315,16.7412978870904,15.1664931951316,14.445855544997,14.1205977416737,14.4078905567172,13.4819402565477,12.5655422549908,12.7820729138702,13.189418876293,13.4823415741466,14.4271469700213,15.4025279553087,14.5095878576738,14.1081232058106,14.0068910516684,13.3659545776179,12.2391882230579,11.7831272164485,11.64074669566,12.2425045051837,11.4328553569336,10.422554085899,10.2656853838677,9.61762053224194,9.86027277124678,10.5122480443876,10.9010526117332,10.9797047709774,11.1248445506332,14.7376302528259,13.7437086117035,12.7928789799022,12.1878162458929,..
Panama,PAN,"Unemployment, total (% of total labor force) (national estimate)",SL.UEM.TOTL.NE.ZS,..,8.41,9.71,10.08,12.34,10.53,11.84,16.33,16.31,11.6,16.12,14.67,13.26,14,14.01,14.32,13.37,14.02,11.75,13.53,14.71,14.11,13.62,12.44,10.33,9.11,6.78,4.868,6.56,5.832,3.922,3.714,3.732,4.444,4.402,4.843,5.461,5.313,6.409,18.548,10.293,8.281,6.678,8.607
Panama,PAN,"Inflation, consumer prices (annual %)",FP.CPI.TOTL.ZG,..,..,..,..,..,..,..,..,..,..,..,..,..,..,..,..,..,..,..,..,..,..,..,0.474723078204338,2.85588324760959,2.45789346442096,4.16863300298886,8.75868317728785,2.40905304082199,3.49128872618804,5.87580243678765,5.69819959165996,4.02715991571061,2.62652699929146,0.137492058461539,0.739734025300032,0.875585918759832,0.761578359399968,-0.355083821021219,-1.55027540803762,1.63070337301895,2.85965128834714,1.48641355277038,0.693225551004513
Panama,PAN,"Mortality rate, infant (per 1,000 live births)",SP.DYN.IMRT.IN,32.6,31.5,30.4,29.3,28.2,27.2,26.3,25.4,24.6,23.9,23.4,22.9,22.6,22.3,22,21.8,21.5,21.2,20.8,20.3,19.7,19,18.4,17.8,17.2,16.6,16.1,15.6,15.1,14.7,14.3,14.1,13.9,13.7,13.6,13.5,13.4,13.1,12.7,12.2,11.6,11.1,10.6,..
Papua New Guinea,PNG,GDP per capita growth (annual %),NY.GDP.PCAP.KD.ZG,-2.31820083070411,-1.7151750267211,1.07604591742873,-2.44891128414551,1.79584797172045,2.45897445696457,0.57082204788108,0.709678426334619,-3.60611931007763,-5.51131375084334,6.13244781862461,9.89093849851174,13.9847111131626,2.17433937373166,-6.7281630247188,3.9492432113811,-7.26669749488677,-7.09404356703858,-1.62782619823496,-5.80069881814661,-3.45795715085934,-3.45493602471663,-1.1723144679098,-0.591008801262731,2.96266985795965,2.1010623787835,4.47661413613285,-3.34540325323914,3.57848686707685,6.85231014831385,-1.79758471709076,1.78156409666185,1.05749757557005,10.6031750853758,3.8989789371627,2.91791021651957,1.08692627161339,-2.56991254975047,2.14824964998061,-5.20688760573694,-2.47024589818922,3.73630441950243,1.94776007385025,2.25586461814189
Papua New Guinea,PNG,General government final consumption expenditure (% of GDP),NE.CON.GOVT.ZS,27.0283131096836,26.7608106563,23.2952252042007,23.2506420521148,23.4808744077854,22.9794425222563,22.4118005259363,20.9110122709063,24.4574252224448,24.8325824068656,23.6493232749057,23.7864077669903,24.6409566271496,18.6075674014068,17.0807222302936,19.907825216713,19.271252613142,18.0598633963812,16.9493577399696,16.568093017523,16.2369554553062,15.3372836858136,15.2559776201607,15.3143173701776,..,..,..,..,..,..,..,..,..,..,..,..,..,..,..,..,..,..,..,..
Papua New Guinea,PNG,"Unemployment, total (% of total labor force) (national estimate)",SL.UEM.TOTL.NE.ZS,..,..,..,..,..,..,..,..,..,7.7,..,..,..,..,..,..,..,..,..,2.92,..,..,..,..,..,..,..,..,..,2.002,2.62,..,..,..,..,..,..,..,..,..,..,2.689,..,..
Papua New Guinea,PNG,"Inflation, consumer prices (annual %)",FP.CPI.TOTL.ZG,..,..,..,..,..,..,..,..,..,..,..,..,..,..,..,..,..,..,..,..,..,..,..,..,..,..,..,..,..,..,4.44083401028974,4.53720508166969,4.96031746031746,5.22211720226843,5.99595778127105,6.67372881355932,5.42204568023833,4.37448921453165,3.92867290939596,4.87167398565552,4.48359014042398,5.25323922215241,2.29869991296791,0.602403921107926
Papua New Guinea,PNG,"Mortality rate, infant (per 1,000 live births)",SP.DYN.IMRT.IN,77.1,75.3,73.8,72.3,70.9,69.7,68.5,67.3,66.2,65.1,64.1,63,62,61.1,60.2,59.3,58.4,57.6,56.8,56,55.2,54.3,53.4,52.4,51.4,50.4,49.3,48.2,47.1,45.9,44.8,43.7,42.6,41.5,40.4,39.3,38.2,37.1,36.1,35.1,34.1,33,32,..
Paraguay,PRY,GDP per capita growth (annual %),NY.GDP.PCAP.KD.ZG,6.23490597447503,-4.10505117418042,-5.72741738592531,-0.0413519355069241,1.6132735278771,2.03507060867297,4.58743050308126,2.98628798534499,4.01513761678669,1.33827485725477,0.781250906471186,-0.91522118243283,2.31226251074852,2.75714792528987,4.29466444194986,-0.760754495670795,1.91891657612904,-2.08878505050501,-3.39883387970877,-4.18580870385856,-2.49369285917085,-1.42073243570553,3.04557479031354,2.86510353489651,1.01015474976116,3.72097911920059,4.39311756937708,5.46828018339494,-1.27522707842539,9.80314731436218,2.91154988835602,-2.09516519055065,6.74651223749345,3.78558217228387,1.46452366992229,2.76597250767641,3.32962942297075,1.77964425718002,-1.74219112718859,-2.15166731600608,2.76491347457801,-0.954302474185837,3.71542341764028,2.97101932232329
Paraguay,PRY,General government final consumption expenditure (% of GDP),NE.CON.GOVT.ZS,6.86126072226322,7.09215239335721,7.23911794081834,6.67718749188918,6.67831302162834,6.8355514993471,7.33900022268439,6.27917168818831,6.47518847330066,6.16494703610531,6.63962399123003,8.03321117542784,8.67001484717436,8.88325722853195,8.87135694769523,9.62621865463877,10.1839567905594,10.2908406937636,9.89065247505807,10.4050719792481,9.48114361115282,8.39686429853125,7.93637429708313,7.58724400427132,8.11892416861415,8.30448470445992,7.67142378869969,7.4300674515924,9.13708153040746,9.06137526683434,10.0606239849881,11.7254484481079,11.2997503996766,11.5488457611573,11.8031750486187,11.3629906714553,11.1076787786728,11.5202342968007,11.9462687058924,12.6444728382528,12.013631687471,11.8591269614557,12.1267410499962,12.6163213925712
Paraguay,PRY,"Unemployment, total (% of total labor force) (national estimate)",SL.UEM.TOTL.NE.ZS,..,5.61,8.25,7.33,5.13,6.1,5.51,4.72,5.62,5.8,5.1,4.98,5.06,4.41,3.4,8.15,5.36,4.417,5.343,7.61,6.206,9.393,6.814,6.513,4.825,5.277,4.713,4.415,5.46,4.569,4.67,4.085,4.385,5.034,4.556,5.255,6.138,6.217,6.595,7.548,7.311,6.755,5.794,5.686
Paraguay,PRY,"Inflation, consumer prices (annual %)",FP.CPI.TOTL.ZG,..,..,..,..,..,..,..,..,..,..,..,..,..,..,..,..,..,..,..,..,..,..,..,..,..,9.5893494112923,8.13047417698577,10.1547846489023,2.59194673430567,4.65116279069767,8.25396825396826,3.67591897974496,2.68385738718587,5.02882767456759,3.12900274473927,4.08682280577241,3.60247741348943,3.97561015740694,2.75709727562778,1.76751592356698,4.78798310123602,9.76556667164403,4.63202285403355,3.83540271728534
Paraguay,PRY,"Mortality rate, infant (per 1,000 live births)",SP.DYN.IMRT.IN,51.2,49.7,48,46.4,44.8,43.3,41.9,40.4,39,37.7,36.4,35.2,34.1,33,32.1,31.3,30.6,29.9,29.3,28.7,28.1,27.6,27,26.4,25.8,25.2,24.6,23.9,23.3,22.7,22,21.4,20.8,20.2,19.5,18.9,18.3,17.7,17.2,16.7,16.2,15.6,15.1,..
Peru,PER,GDP per capita growth (annual %),NY.GDP.PCAP.KD.ZG,2.9554295804304,-2.67086855777242,-12.6086341769567,1.07540329810783,-0.398366079209637,6.87530907055556,7.24613524288358,-11.4730434692984,-14.2581583515555,-7.0636979506673,0.0869996669868414,-2.54546849500791,3.14244822528774,10.1088493477559,5.34941937026248,0.883745825089093,4.52636436123332,-2.18705299448793,-0.243054508218478,1.10433498225969,-0.748837166204879,4.20293608263907,3.06117676528694,3.93432882456604,5.34332345958555,6.68113849738523,7.73406209571857,8.4109066563893,0.473893281807491,7.6277436246787,5.53595626254707,5.25513020005759,4.90271487934022,1.36938882425959,2.09361990664132,2.57623039728159,1.01943141648242,2.1018453903506,0.502286291227506,-11.989123385761,12.2777396432111,1.82762015025182,-1.49255980889144,2.18017278753871
Peru,PER,General government final consumption expenditure (% of GDP),NE.CON.GOVT.ZS,13.1256120391474,13.8129329400685,13.4517636112299,11.7997926413524,11.7228852406873,12.4309304720086,12.2047640228817,8.5077600860946,8.58435859444137,7.27374848190843,7.61217251643866,7.85955799014648,7.98563822184906,8.79700544740766,9.87834994969359,10.3594236243234,10.2385332945999,10.9812652995953,11.5489906334077,11.4506268550924,11.7171706103755,11.165025870435,11.518716629881,11.2562792024042,11.444512241325,10.9166950883829,10.455030294689,10.3708617908307,11.466355995307,10.5258359246036,10.3623514688753,10.8712123448481,11.5009309068431,12.4020903759554,12.9655733799238,13.1636888035228,13.2122751962604,13.0774424949562,13.2443725852511,15.8181030380089,13.7498135562536,13.3949556323686,13.5642010031547,13.4117973155072
Peru,PER,"Unemployment, total (% of total labor force) (national estimate)",SL.UEM.TOTL.NE.ZS,6.77,6.98,9.2,10.5,11.79,5.32,3.63,..,7.92,8.6,5.8,9.4,9.87,..,..,7.07,4.828,4.971,4.367,4.069,4.848,4.84,4.151,4.707,4.866,4.172,4.078,4.025,3.964,3.595,3.477,3.238,3.575,3.208,3.272,3.741,3.691,3.492,3.379,7.179,5.097,4.291,4.899,5.199
Peru,PER,"Inflation, consumer prices (annual %)",FP.CPI.TOTL.ZG,..,..,..,..,..,..,..,..,..,..,..,..,..,..,..,..,..,..,..,..,..,..,..,..,..,..,..,..,..,..,3.36931095333853,3.61121294940168,2.76789666081998,3.41194579807468,3.39809194746301,3.55717663556283,2.99490045809443,1.50915423024742,2.25212191358024,2.00241205759293,4.27166381536798,8.33370630096233,6.45561348369583,2.00770739412715
Peru,PER,"Mortality rate, infant (per 1,000 live births)",SP.DYN.IMRT.IN,87.1,85,82.4,79.3,75.8,72.2,68.7,65.4,62.4,59.7,57,54.1,51.1,47.9,44.6,41.3,38.1,35.1,32.4,29.9,27.7,25.8,24.1,22.7,21.4,20.3,19.3,18.3,17.5,16.8,16.2,15.7,15.3,15,14.7,14.5,14.4,14.3,14.2,14.1,14,13.8,13.5,..
Philippines,PHL,GDP per capita growth (annual %),NY.GDP.PCAP.KD.ZG,0.76284099342007,0.867465796757003,-1.02930125522077,-9.68938719558849,-9.36657778201814,0.89378143868592,1.6478210267821,3.87219308289008,3.53872016674441,0.476020888521106,-2.7987132409376,-1.93397839592187,-0.245903974024316,2.12244103611494,2.3606395486743,3.44957899709138,2.74055980419841,-2.98474954559696,0.738331283023413,1.9282797124846,0.800810377832349,1.63440956717702,3.02447664962099,4.51829535753411,3.00922096669444,3.55972238279863,4.68750495300476,2.51657128580275,-0.362955289837316,5.15869430276467,1.83760514144211,4.8407653397621,4.76266633818079,4.61514068278228,4.7872505574235,5.7212148588973,5.56223020665776,5.03429067114457,4.83577546655691,-10.5488615065624,4.76163916254069,6.76595410569132,4.66769736279124,4.82301240715314
Philippines,PHL,General government final consumption expenditure (% of GDP),NE.CON.GOVT.ZS,8.2923603294311,8.60031771478435,7.77808685571038,6.75011049130643,7.40089681834642,7.73933550940254,8.11068894280394,8.72097458635883,9.12893530981555,9.61421726859019,9.53484403825041,9.24895154768848,9.62673761442032,10.3019249066416,10.8885513638183,11.4087896833398,12.6125628381218,12.871447826447,11.8415085310492,11.0626851162564,10.7417462290286,10.2700352921327,9.9312133049276,9.14092435931005,8.86518555137411,9.0668958337076,9.2315823420547,8.81443285008608,9.82659857784527,9.72039517748043,9.71363218007827,10.7921471088194,10.816955018461,10.5611726821726,10.9116416620787,11.2579676044704,11.3233663056554,12.0427836518839,12.4677544303537,15.2614545873485,15.5791947083897,15.0436742203408,14.2212747884667,14.5085522019948
Philippines,PHL,"Unemployment, total (% of total labor force) (national estimate)",SL.UEM.TOTL.NE.ZS,5.36,5.5,4.89,7.03,6.07,6.43,9.1,8.34,8.42,8.13,10.598,9.866,9.289,9.483,9.526,8.564,8.777,10.254,9.809,11.189,3.698,..,3.527,3.554,3.795,4.052,3.434,3.72,3.858,3.605,3.592,3.504,3.497,3.6,3.068,2.695,2.552,2.338,2.237,2.522,3.398,2.598,2.409,..
Philippines,PHL,"Inflation, consumer prices (annual %)",FP.CPI.TOTL.ZG,..,..,..,..,..,..,..,..,..,..,..,..,..,..,..,..,..,..,..,..,..,..,..,..,..,..,..,..,..,..,4.71841704718414,3.02696391124798,2.58268766141799,3.59782343864207,0.674192536845415,1.25369880080983,2.85318772590943,5.3093466162771,2.39206534422405,2.39316239316239,3.92718022100329,5.82115811213955,5.97802515541414,3.21260487006343
Philippines,PHL,"Mortality rate, infant (per 1,000 live births)",SP.DYN.IMRT.IN,51.5,51,50.3,49.4,48.4,46.9,45.1,43,40.8,38.6,36.5,34.8,33.2,31.9,30.8,29.8,29,28.3,27.7,27.3,26.8,26.4,25.9,25.5,25,24.5,24.1,23.8,23.4,23.1,22.8,22.6,22.4,22.3,22.2,22.3,22.4,22.6,22.7,22.8,22.7,22.4,22.1,..
Poland,POL,GDP per capita growth (annual %),NY.GDP.PCAP.KD.ZG,..,..,..,..,..,..,..,..,..,..,-7.34479099617246,2.2010658533475,3.47468275954095,5.07085552254539,7.78327567268047,6.01319811600105,6.28931151450062,4.58421234371184,4.70787806733438,5.75502267661936,1.26167597595419,1.94840486282048,3.59326547651193,5.15230495657681,3.30621477152089,6.26942932351373,6.81843988104569,4.36953645222033,2.54561682473884,3.46400853867873,5.19888222323388,1.51202436704637,0.745031977271424,3.99831832124629,4.50138467634895,3.07547528252388,5.13933542172569,6.24607110540019,4.60600727341085,-0.861202002378917,8.47171799983406,5.7122759744731,0.616853101336787,3.29686599516224
Poland,POL,General government final consumption expenditure (% of GDP),NE.CON.GOVT.ZS,..,..,..,..,..,..,..,..,..,..,..,..,..,..,18.8197389579682,18.4388608015352,18.0280314834487,17.641042982652,17.8063298597319,17.9874386199245,18.5515181999351,18.563380627424,18.8451542998185,18.2343847850137,18.2841316711182,18.4712705252125,18.1666848826749,18.6262756515519,18.7077470624667,19.1492387195228,18.0778612921893,18.0086571547278,18.3308014321931,18.2380268801328,17.9050312672003,17.8215503011855,17.5668407420539,17.4696531502565,17.8183081676231,18.8371621590167,18.523151073936,18.1191286260219,18.9482308008084,20.7735729461212
Poland,POL,"Unemployment, total (% of total labor force) (national estimate)",SL.UEM.TOTL.NE.ZS,..,..,..,..,..,..,..,..,..,..,..,13.645,14.011,14.438,13.339,12.343,10.964,9.935,12.29,14.928,18.435,20.211,19.899,18.822,17.592,13.794,9.551,7.069,8.131,9.578,9.576,10.031,10.293,8.971,7.475,6.141,4.867,3.835,3.267,3.155,3.268,2.811,2.743,2.807
Poland,POL,"Inflation, consumer prices (annual %)",FP.CPI.TOTL.ZG,..,..,..,..,..,..,..,..,..,567.878800666191,76.7694992087347,46.0985621037431,36.9641666120718,32.9912766093522,27.951388563304,19.7949669196707,14.9131586149599,11.5978554257235,7.15407291179862,9.90017538843064,5.40833545566148,1.90528215048056,0.682701375787675,3.38264681884692,2.18379872390258,1.28469394366408,2.45874312385402,4.16497193524764,3.79539242483405,2.58069370250543,4.23940149625938,3.56037151702789,0.991982606332409,0.0538213132399892,-0.874125874125848,-0.664767331433944,2.07593553673849,1.81295156542687,2.22747880938301,3.37446972618589,5.05502704719269,14.4294507575758,11.5289127961105,3.78426007512869
Poland,POL,"Mortality rate, infant (per 1,000 live births)",SP.DYN.IMRT.IN,20.5,19.9,19.2,18.5,17.8,17.2,16.6,16.1,15.6,15.2,14.8,14.4,13.9,13.3,12.5,11.5,10.4,9.5,8.7,8.1,7.6,7.3,7,6.7,6.5,6.3,6,5.7,5.4,5.1,4.9,4.7,4.5,4.3,4.2,4.1,4,3.9,3.8,3.8,3.8,3.7,3.7,..
Portugal,PRT,GDP per capita growth (annual %),NY.GDP.PCAP.KD.ZG,0.740801365102755,1.51289402336816,-0.635202523701139,-2.25657792582531,2.52660567119567,4.04627808111189,6.41006270883734,7.60090335917019,6.59607080175286,4.17732882710808,4.60903396080172,1.16810311323219,-2.1630207151955,0.693517743644605,3.92237328334085,3.11580520745456,3.93579784138029,4.27961124100251,3.3205095911768,3.08905311144625,1.22726325212219,0.220543237086758,-1.30174193419333,1.54561994095567,0.595038068545065,1.44193755602673,2.3055518329586,0.174699973611126,-3.21438880847825,1.69092746716328,-1.56885654347818,-3.66111450124147,-0.439198382867829,1.28604643991268,2.01139553958589,2.3264306259853,3.56700174549727,3.11123559095969,2.7213025475328,-8.301071215984,4.89913206040184,6.24247071394031,1.21779531908459,0.752522027529096
Portugal,PRT,General government final consumption expenditure (% of GDP),NE.CON.GOVT.ZS,13.0945997483555,12.9870817791489,13.1698571498896,13.0749427030642,13.5047996971239,13.3633895048266,13.1943536653606,13.7007374140347,14.4134534971192,15.193988661691,16.8698359548663,16.8983427615539,17.4846493096818,17.5418972078462,17.4618341842831,17.6785052834986,17.5986270430767,17.8329520142725,18.0287125008795,18.8660006278889,19.2496713441573,19.5520943488025,20.1063960286184,20.4236198546812,20.9851476263691,20.320763680752,19.6068703956792,19.7690520506211,21.3058745458386,20.5645795720703,19.6805549082876,18.3090369425429,18.8278452071391,18.3843383966832,17.8825695753332,17.5981688967244,17.2232442375481,16.992571222013,16.9881438936785,18.9224290644649,18.6558096632307,17.4472260866997,16.842900557802,..
Portugal,PRT,"Unemployment, total (% of total labor force) (national estimate)",SL.UEM.TOTL.NE.ZS,..,..,7.3,..,8.18,8.698,7.377,6.008,5.13,4.645,3.919,3.985,5.301,6.709,7.064,7.298,6.571,4.64,4.579,3.806,3.829,4.497,6.132,6.319,7.582,7.649,7.965,7.553,9.432,10.771,12.715,15.509,16.237,13.88,12.405,11.058,8.878,6.966,6.422,6.85,6.712,6.138,6.498,6.427
Portugal,PRT,"Inflation, consumer prices (annual %)",FP.CPI.TOTL.ZG,19.0404107466915,21.6792837277095,24.0027623802917,28.3846388897103,19.4614100078695,12.3313334897219,9.63483186245753,10.1016321152266,12.6863036456149,13.6305705693074,11.8494841773675,9.55926033177509,6.78377994665407,5.42044019241625,4.22281614099486,3.06897732509789,2.33686298314116,2.57275225909129,2.34009490312169,2.85303039287157,4.36990330551794,3.60034658290913,3.21899090682895,2.36536204097302,2.27716394887834,3.1076654587105,2.45396528138742,2.5885065765796,-0.835530021504154,1.40257289895369,3.65301100430728,2.77333854051582,0.2744166666667,-0.278153367467495,0.487938623904796,0.607397074641636,1.36861411643479,0.99371568346828,0.338178410046057,-0.0124383299575331,1.26565719069041,7.83269124233322,4.3112819189868,2.41613187791876
Portugal,PRT,"Mortality rate, infant (per 1,000 live births)",SP.DYN.IMRT.IN,21.2,19.9,18.7,17.5,16.5,15.5,14.5,13.5,12.5,11.5,10.6,9.7,8.8,8.1,7.5,7,6.6,6.3,5.9,5.5,5.1,4.7,4.3,3.9,3.7,3.4,3.3,3.2,3.1,3,3,3,2.9,2.9,2.9,2.9,2.9,2.9,2.8,2.7,2.7,2.6,2.6,..
Puerto Rico (US),PRI,GDP per capita growth (annual %),NY.GDP.PCAP.KD.ZG,0.00774661662312326,-2.60494858367237,-3.33547311687184,4.88174991649599,2.09577634523414,3.97505652604852,4.77653392446396,4.91151314846476,3.38995121221262,-3.7017081142227,1.58322781466529,3.89131652355152,3.76693631202613,3.22267934513472,3.58766383111009,1.17230270783932,3.90993879974577,4.92588689891826,4.86331730461553,2.98675150054237,6.08604917663311,0.78642430938811,-0.00918394623066376,8.72642633155034,-1.84546035319809,-0.991030023306365,-0.582297403436883,-1.26658342180474,-1.41621092108605,0.0130918561743698,0.477827773852212,0.915046581773325,0.506273089098627,0.0887811529566989,0.346031006728381,0.289081770174349,-0.903680354883278,-0.869549149955759,1.30600530158883,-3.56474634356229,0.966080975048015,4.31830960037016,1.01081913958818,3.24272132859885
Puerto Rico (US),PRI,General government final consumption expenditure (% of GDP),NE.CON.GOVT.ZS,15.6997185958623,14.4331372806337,14.8565111190859,15.0689363656289,15.1075449007354,14.6987864221034,14.3096171615513,13.9404528193195,14.1272388960698,14.4788646186131,14.373263370051,13.8756579112647,13.7786067102362,13.4978961029341,13.9422558471479,14.3212029509382,14.3458659080505,13.1251109336173,12.9753980740305,11.7166760126933,11.1576224851319,11.6667211180688,11.6715160489339,11.3304082764648,11.9948786504011,11.8355361638693,11.7425389245552,11.2325700854235,11.5180068391959,11.0202853591079,10.4697777915073,10.6282885409118,10.3361639824305,10.769206741516,8.80314968246828,8.24609173953173,8.75581608043638,7.97618021733769,7.97249786923171,7.47884484669483,7.35286103286208,8.04005843098915,8.4152903907075,8.20913609580305
Puerto Rico (US),PRI,"Unemployment, total (% of total labor force) (national estimate)",SL.UEM.TOTL.NE.ZS,17.83,19.91,22.24,20,20.67,19.53,17.01,15.01,14.6,14.52,16.18,16.93,16.91,14.6,13.93,13.64,13.8,13.46,11.81,10.08,11.4,11.94,11.78,10.31,11.35,11.01,10.93,11.48,15,16.1,15.7,14.5,14.3,13.9,12,11.8,10.8,9.2,8.3,15.34,7.9,6,..,..
Puerto Rico (US),PRI,"Inflation, consumer prices (annual %)",FP.CPI.TOTL.ZG,..,..,..,..,..,..,..,..,..,..,..,..,..,..,..,..,..,..,..,..,..,..,..,..,..,..,..,..,..,..,..,..,..,..,..,..,..,..,..,..,..,..,..,..
Puerto Rico (US),PRI,"Mortality rate, infant (per 1,000 live births)",SP.DYN.IMRT.IN,..,..,..,..,..,..,..,..,..,..,..,..,..,..,..,..,..,..,..,..,..,..,..,..,..,..,..,..,..,..,..,..,..,..,..,..,..,..,..,..,..,..,..,..
Qatar,QAT,GDP per capita growth (annual %),NY.GDP.PCAP.KD.ZG,-5.16230488057936,-12.2503213996382,-7.23609776475168,-0.808335022578873,-6.95130510970698,0.795921093693323,-3.62991473556784,2.23261937378803,2.63310693322214,0.00102715390097785,-4.83556929422517,7.82129196669182,-4.35699356954633,-1.60968553843938,-0.560501390372877,1.47482709329236,24.9388543086998,5.46365137697904,-1.15743551900648,2.58659735173823,-1.14955560400423,2.16668917936438,-0.942747091301968,14.8021552361276,0.710908911730286,7.05038196586418,-5.0301345727959,-0.340739470062928,-0.705591683176323,19.0058466072559,12.8218939441647,-1.20907761380548,-5.12874719234584,-6.18524228050885,-3.86137428276561,-2.4510094889969,-4.15600320402655,-0.134704952518092,-1.52203684233693,-8.92450817587073,13.3615381417796,-1.79097889792256,1.23672426450278,-4.48803422130085
Qatar,QAT,General government final consumption expenditure (% of GDP),NE.CON.GOVT.ZS,..,..,..,..,..,..,..,..,..,..,..,..,..,34.4596342596689,31.8547040288259,33.0118872213697,29.7539152058694,31.5804966514079,25.6544966859524,19.6686569934721,18.6262531328321,16.7172691674706,15.4057177544564,13.0670406537849,14.2956734180183,14.7176809815397,12.4038435027158,10.1758174187229,15.6331990583899,13.9838998600075,11.0390996673795,12.2483738969089,14.5557407427733,15.4671530356713,20.227279470292,19.543730900119,17.611430038472,16.2809888444084,18.4635893006111,21.9553521383513,16.6489447943261,12.8767382072055,..,..
Qatar,QAT,"Unemployment, total (% of total labor force) (national estimate)",SL.UEM.TOTL.NE.ZS,..,..,..,..,..,..,..,..,..,..,..,..,..,..,..,..,..,..,..,..,..,..,..,1.48,..,0.87,0.52,0.31,0.31,0.45,0.56,0.48,0.28,0.2,0.17,0.15,0.14,0.11,0.1,0.14,0.14,0.13,..,..
Qatar,QAT,"Inflation, consumer prices (annual %)",FP.CPI.TOTL.ZG,..,..,..,..,..,..,..,..,..,..,..,..,..,..,..,..,..,..,..,..,..,..,..,..,..,..,..,..,..,..,1.13836623529203,2.31534853431664,3.22197756829285,3.3497208565953,1.81407723937758,2.67659170098194,0.394878914082963,0.255815382724384,-0.66664112486111,-2.54031503004764,2.30446565742007,4.99527553740757,3.02764899198904,1.26734310292379
Qatar,QAT,"Mortality rate, infant (per 1,000 live births)",SP.DYN.IMRT.IN,28.6,27.3,26,24.8,23.6,22.3,21.1,19.8,18.6,17.4,16.3,15.2,14.3,13.5,12.8,12.2,11.7,11.2,10.8,10.4,10,9.6,9.3,9,8.7,8.4,8.1,7.9,7.7,7.5,7.3,7.1,6.9,6.7,6.4,6.2,5.9,5.6,5.4,5.2,5.1,5,4.9,..
Romania,ROU,GDP per capita growth (annual %),NY.GDP.PCAP.KD.ZG,..,..,..,..,..,..,..,..,..,..,-12.1584413412518,-7.93923952826758,1.66711860968309,4.08314789943742,6.44865941446349,4.20752254376104,-4.5747304296564,-1.82682397441751,-0.220150554902901,2.59392818072139,6.69672259923098,7.65586943426131,3.08196384315724,11.0591132161949,5.3165061122384,8.67067585292331,8.82964823723904,11.1442089014979,-4.72628859385392,-3.33335291355054,5.01083371448033,2.35828066727251,0.651822267051088,4.50672544401942,3.64306941096366,3.45169541464914,8.82266657090874,6.74621833375173,4.47219165400254,-3.14239791281243,6.33606362005621,4.36677630016675,2.34529368789489,0.761555154364842
Romania,ROU,General government final consumption expenditure (% of GDP),NE.CON.GOVT.ZS,..,..,..,..,..,..,..,..,..,13.3232311458212,15.1504151731022,14.2821601539176,12.3439044111041,13.7660430465801,12.2487057525031,11.6731209989726,12.6917149344512,11.8926601761255,16.7184869681314,16.8590050338122,15.7967278693328,14.8243105242938,16.0448025610991,14.7275942495003,16.2399747055988,15.9232658405555,15.3905496262431,15.8802915132391,16.1008182783231,15.0223287183306,13.5263054824729,13.7701345444659,14.2828758426557,14.1783362360873,13.9413929099012,15.3089409783507,15.6975535819589,16.7812193543903,17.5618884357099,18.9067914550591,17.8253216010134,16.7357875418331,17.1387500825775,18.3160973716314
Romania,ROU,"Unemployment, total (% of total labor force) (national estimate)",SL.UEM.TOTL.NE.ZS,..,..,..,..,..,..,..,..,..,..,..,8.26,..,8.17,8.01,6.74,5.515,5.63,6.239,6.969,6.561,8.112,6.95,7.719,7.174,7.27,6.413,5.787,6.859,6.959,7.177,6.794,7.096,6.802,6.812,5.901,4.927,4.187,3.912,5.035,5.59,5.614,5.589,5.43
Romania,ROU,"Inflation, consumer prices (annual %)",FP.CPI.TOTL.ZG,..,..,..,..,..,..,..,..,..,..,..,..,..,..,..,..,..,..,..,..,34.4770123493528,22.5398862605386,15.2734889936255,11.8743635936399,9.01491283343835,6.55851412276983,4.83732928313988,7.85080255714483,5.58742004264392,6.09141668601892,5.78925328815879,3.33492267693444,3.98471235548128,1.06830987684295,-0.594156437495146,-1.54479666813903,1.33902121104398,4.62548443137774,3.82785432599435,2.63107311184746,5.05232876096582,13.7954887432521,10.3971874764996,5.72140574354435
Romania,ROU,"Mortality rate, infant (per 1,000 live births)",SP.DYN.IMRT.IN,27.3,25.9,24.6,24.1,24.6,25.9,26.8,26.7,25.9,24.6,23.4,22.6,22.3,22.3,22.2,21.9,21.3,20.2,19.1,18.1,17.4,17,16.9,16.5,15.5,14.2,12.9,11.9,11.1,10.5,10,9.5,8.9,8.3,7.7,7.1,6.5,6,5.6,5.4,5.3,5.4,5.4,..
Russian Federation,RUS,GDP per capita growth (annual %),NY.GDP.PCAP.KD.ZG,..,..,..,..,..,..,..,..,..,-3.16283597296696,-5.31876190965632,-14.6139171358036,-8.6196861844154,-12.5397898608654,-4.12277236522603,-3.61497549497646,1.56770414975504,-5.14311536211871,6.72950292335021,10.4637091559227,5.54671833932643,5.18275023824988,7.78796752390349,7.63249118230908,6.80660765259209,8.55494147469737,8.68576548155966,5.24621001829865,-7.8277499767233,4.45309639834757,4.17697624368184,3.76271915500016,1.45314767875932,-1.12194041744186,-2.2762114110788,-0.0904862004782103,1.61387325924203,2.71659271660542,2.14202624717367,-2.52680431743222,6.21857740869952,-1.09717176252111,4.37751097028844,4.55626099351906
Russian Federation,RUS,General government final consumption expenditure (% of GDP),NE.CON.GOVT.ZS,..,..,..,..,..,..,..,17.162642710088,20.1221640488656,20.7854703508227,16.5105470146586,13.8574434508154,20.0391817969798,19.0994678673762,19.0756586824943,19.4937298074419,21.0671099511038,18.732723283908,14.579430997898,15.0910673022865,16.4352485867408,17.9345367249896,17.9160971829737,16.9716779694334,16.8715389431499,17.3881375511313,17.2975342859138,17.830576085536,20.7865966596139,18.7250554156357,17.6255115280966,17.9672380527257,18.675302148229,18.0273313931418,17.7653892166562,18.4659193773134,18.2168086477823,17.7103783204011,18.1013664111203,19.9710007886076,17.2518644108863,17.0922277314908,17.9582539621367,18.5533740164837
Russian Federation,RUS,"Unemployment, total (% of total labor force) (national estimate)",SL.UEM.TOTL.NE.ZS,..,..,..,..,..,..,..,..,..,..,..,5.181,5.883,8.131,9.449,9.665,11.813,12.068,12.381,10.719,9.052,7.958,8.302,8.103,7.166,7.162,6.101,6.325,8.458,7.407,6.571,5.484,5.513,5.212,5.615,5.591,5.238,4.871,4.513,5.62,4.749,3.867,3.076,2.43
Russian Federation,RUS,"Inflation, consumer prices (annual %)",FP.CPI.TOTL.ZG,..,..,..,..,..,..,..,..,..,..,..,..,874.245720380188,307.722635553193,197.414268084251,47.7520122009939,14.7613292688059,27.6856798076743,85.7464940960635,20.7987606558704,21.4770072117158,15.7887307914463,13.6632930228666,10.8886157326216,12.6853039507349,9.66865454789263,9.0072986886108,14.1107677840442,11.6473295764118,6.84939230255025,8.44046485932569,5.07474300799148,6.75371026220948,7.82341183865507,15.5344050528404,7.04244762954794,3.68332944412233,2.87829723647885,4.47036660760176,3.38165937237896,6.69445891957613,..,..,..
Russian Federation,RUS,"Mortality rate, infant (per 1,000 live births)",SP.DYN.IMRT.IN,21.4,21.2,20.9,20.5,20,19.4,18.8,18.2,17.7,17.5,17.4,17.5,17.7,17.8,17.7,17.5,17.2,16.8,16.2,15.6,14.8,13.8,12.9,11.9,11,10.2,9.5,9,8.6,8.3,8.1,7.9,7.6,7.2,6.6,6.1,5.6,5.1,4.7,4.4,4.1,3.9,3.7,..
Rwanda,RWA,GDP per capita growth (annual %),NY.GDP.PCAP.KD.ZG,2.11756771213352,-1.47471993877728,2.50297769042768,-7.41281107784167,0.938741579531822,2.00607453765271,-3.24738480397652,1.22085262911764,-3.05065696627076,-4.92159867307232,-4.47859361408995,3.71896576533675,-11.5381924060062,-41.5406116027371,61.8735350146221,-4.64228854077255,-1.51287157331262,4.46154584531892,3.50365506460074,7.49987106581409,7.52679928708999,11.6682445124781,-0.0196868446927851,4.64511890543764,6.50669742325816,6.3526672914531,4.80790992688792,8.27757420238298,3.54291916809377,4.65979796365141,5.34277697300234,6.07172678530065,2.23301483103715,3.63164570583949,6.28259221925458,3.48878829333981,1.50906456900377,6.03177996523696,6.97929630145144,-5.51636902603423,8.45600930488553,5.81773274151854,5.8960009035884,6.58326731079626
Rwanda,RWA,General government final consumption expenditure (% of GDP),NE.CON.GOVT.ZS,20.0261737608136,12.9094827250649,11.7533699308003,10.2104814696406,11.2701342921557,11.9467650061316,13.508641562097,13.4904165151757,12.6872724864062,10.1409627104141,12.0653332569942,14.4720627985246,14.2861165475865,11.2400476667064,10.3133799762933,11.4903992458218,9.58266125351297,10.0434568903709,16.3235564644668,16.0647185202337,16.3369036268068,17.1316749782856,17.0162928992052,16.5492639094328,16.4061377334558,16.084956920138,14.1635864690929,12.2842606930329,12.7548643089095,13.0834898136764,12.0235602281128,12.9526437680734,12.8653723978061,14.2814464949749,13.8497879923213,15.0678995077858,15.0074832365581,14.7476601788797,15.8165587890012,16.383453875618,16.9437619532634,17.0328176794153,16.2989613675996,17.079487182635
Rwanda,RWA,"Unemployment, total (% of total labor force) (national estimate)",SL.UEM.TOTL.NE.ZS,..,..,..,..,..,..,..,..,0.8,..,0.3,..,..,..,..,0.56,..,..,..,..,..,0.89,..,..,..,..,..,..,..,..,..,..,..,1.169,..,..,11.875,10.759,11.236,11.829,15.775,15.084,12.352,11.331
Rwanda,RWA,"Inflation, consumer prices (annual %)",FP.CPI.TOTL.ZG,..,..,..,..,..,..,..,..,..,..,..,..,..,..,..,..,..,..,..,..,..,..,..,..,9.01408918092339,8.88282654777923,9.08072205873159,15.4382138709255,12.9443978401711,-0.246128693436924,3.08017069240263,10.2710182318876,5.92426867984847,2.35449052820362,2.52850284192419,7.17434301982013,8.27953672260832,-0.311210160390699,3.34787655037643,9.85039902274208,-0.391346748300811,17.6892095588153,19.789546746467,1.77029240198634
Rwanda,RWA,"Mortality rate, infant (per 1,000 live births)",SP.DYN.IMRT.IN,107.9,100.7,95.1,91.6,89.6,87.8,85.8,84.3,84.2,86.4,91.6,100.4,110.7,212.2,125.7,128,128,124.3,117.2,107.9,98,88.3,79.5,71.1,63.9,57.9,53,48.8,45.4,42.2,39,37.2,35.7,34.6,33.7,33.1,32.6,32.2,31.8,31.5,31.1,30.8,30.5,..
Samoa,WSM,GDP per capita growth (annual %),NY.GDP.PCAP.KD.ZG,-9.77367810236522,-1.43999457151654,0.292480477532635,1.23776330511436,3.88648611605976,5.37069321134753,0.123502242137306,-1.84333104077683,3.44799618775281,-4.57637405384999,-2.48806559580488,-0.764226258204729,3.22549145241983,-3.32161058915646,5.81082409795567,6.2658800455369,-0.193253144597321,1.41916707044376,1.40887608750961,4.27745070826087,6.52181954391313,4.90454737398483,4.66849415235475,2.633950603366,6.22343288364944,1.73439136988327,-0.0698092296218391,2.81854653180625,-1.27185467227797,5.29451664588825,2.94772599922624,-4.60663349940492,-0.786395614806608,-0.23024857506843,2.95226941311462,7.07276114056432,0.460419453590006,-1.6472076564482,3.35744960284687,-4.09773045959912,-7.87643194778342,-5.95822542049191,8.50197331328206,8.74178265988536
Samoa,WSM,General government final consumption expenditure (% of GDP),NE.CON.GOVT.ZS,..,..,..,..,..,..,..,..,..,..,..,..,..,..,..,..,..,..,..,..,..,..,..,..,..,..,..,..,11.2578953049084,13.7157428353031,13.3438736770929,14.3427620576163,14.5706479214532,15.8878182440943,15.1943620487722,12.5741297099179,12.1192930081473,13.4088662792374,13.7720322357897,14.6431224712105,16.9329103819423,21.7652871062325,18.1532993947358,18.1707584634022
Samoa,WSM,"Unemployment, total (% of total labor force) (national estimate)",SL.UEM.TOTL.NE.ZS,..,..,..,..,..,..,..,..,..,..,2.1,..,..,..,..,..,..,..,..,..,4.96,..,..,..,..,1.29,..,..,..,..,5.68,8.752,..,8.72,..,..,9.4,..,..,..,..,5.048,..,..
Samoa,WSM,"Inflation, consumer prices (annual %)",FP.CPI.TOTL.ZG,..,..,..,..,..,..,..,..,..,..,..,..,..,..,..,..,..,..,..,..,..,..,..,..,..,3.70008680555553,5.5770639321963,11.5659068384539,6.32495336235228,0.777007268777691,5.23541591478431,2.04901883521159,0.610085720905058,-0.406816088424915,0.724470134874755,1.30471869303183,1.74989677484703,4.19745888663753,0.982326569888101,-1.56891247740897,3.13320473174495,10.9618822286844,7.92164684826778,2.17245530514378
Samoa,WSM,"Mortality rate, infant (per 1,000 live births)",SP.DYN.IMRT.IN,31.8,30.5,29.3,28.1,27.1,26.1,25.2,24.3,23.5,22.8,22.1,21.4,20.7,20,19.4,18.7,18.1,17.5,16.9,16.4,15.9,15.5,15.3,15.1,15,15.1,15.1,15.2,17.4,15.3,15.2,15.1,15,14.9,14.8,14.7,14.5,14.3,14.9,13.8,13.4,13.1,12.8,..
San Marino,SMR,GDP per capita growth (annual %),NY.GDP.PCAP.KD.ZG,..,..,..,..,..,..,..,..,..,..,..,..,..,..,..,..,..,6.12872599430349,7.67279692432976,0.883025780040143,4.24028336900209,-0.959002843255874,2.55977184007274,-1.17956792743588,1.12402388406122,2.63299672869908,3.5848833240598,-1.91822422078984,-14.1287766020679,-6.05328650752219,-6.48781473647414,-9.40251314800584,0.501232920728725,0.471381910733299,1.53901918424208,1.71366181065986,-1.88769119879009,-0.555259040981838,1.6505086881123,-6.93518932061001,15.6202890686694,9.48711055571971,..,..
San Marino,SMR,General government final consumption expenditure (% of GDP),NE.CON.GOVT.ZS,..,..,..,..,..,..,..,..,..,..,..,..,..,..,..,..,..,..,..,..,..,..,..,..,..,..,..,..,..,..,..,..,..,..,19.9905353841669,19.696629853926,19.867108852768,19.4112752308576,19.5202935432042,21.6198092800334,18.4723388977779,17.09852890289,..,..
San Marino,SMR,"Unemployment, total (% of total labor force) (national estimate)",SL.UEM.TOTL.NE.ZS,..,..,..,7.2,6.9,6.9,6.2,6,5.3,5.5,4.3,4.2,5.1,3.9,3.9,5.1,4.4,4.1,3,2.8,..,..,..,..,2.11,1.63,..,..,4.02,4.37,5.06,5.19,6.08,6.61,7.38,6.45,7.89,7.83,7.54,7.23,6.34,4.91,..,..
San Marino,SMR,"Inflation, consumer prices (annual %)",FP.CPI.TOTL.ZG,..,..,..,..,..,..,..,..,..,..,..,..,..,..,..,..,..,..,..,..,..,..,..,..,..,..,..,..,..,..,2.89979584300121,2.82733224222588,1.60439298078072,1.11296303373857,0.145686073241017,0.644075340346542,1.01413313194516,1.16333522293151,0.472651967352905,-0.133368898372899,1.61551411551418,5.32545321311364,5.93190858629402,1.24216507945573
San Marino,SMR,"Mortality rate, infant (per 1,000 live births)",SP.DYN.IMRT.IN,..,..,..,..,16.8,15.4,14.1,13,12,11.1,10.2,9.4,8.7,8,7.4,6.8,6.3,5.8,5.4,5,4.6,4.3,4,3.7,3.5,3.2,3,2.8,2.7,2.5,2.4,2.3,2.1,2,1.9,1.8,1.7,1.7,1.6,1.5,1.5,1.4,1.4,..
Sao Tome and Principe,STP,GDP per capita growth (annual %),NY.GDP.PCAP.KD.ZG,-12.1599481202361,1.18898448962564,-5.59794090999824,-7.80926946001769,7.02251169759136,-7.94337715992744,-5.28956639669342,-0.63543114584715,0.522097002820658,-4.54035035808427,-0.986502855129885,-1.19672530387369,-0.726460943635203,0.456013669997787,0.364462927056991,-0.0318143345786694,-0.428599449412303,1.16804370483166,1.2831775781198,-0.65084592250922,1.4048895414449,0.9147926463327,5.55138791437551,0.983351604603726,4.01981821374629,6.23775372046612,1.16067244882319,3.72699030635786,0.944228915067228,-0.755150615358019,-0.114189921572034,0.883420959148197,3.10107564312558,2.97674276212585,-0.246825905363622,3.42223386315462,2.46252459071385,2.78057714923384,0.482132360625684,0.716646434339125,-0.17852659147141,-1.75407310474412,-1.6128371937285,-1.0984136680168
Sao Tome and Principe,STP,General government final consumption expenditure (% of GDP),NE.CON.GOVT.ZS,..,..,..,..,..,..,..,..,..,..,..,..,..,..,..,..,..,..,..,..,..,..,..,..,..,..,..,..,..,..,..,..,..,..,..,..,..,..,..,..,..,..,..,..
Sao Tome and Principe,STP,"Unemployment, total (% of total labor force) (national estimate)",SL.UEM.TOTL.NE.ZS,0.7,0.56,0.48,0.34,..,..,..,..,..,..,..,..,..,..,..,..,..,..,..,14.4,15.73,17.63,16.36,16.12,16.47,16.65,..,..,..,..,..,13.59,..,..,..,..,8.808,..,..,..,..,..,..,..
Sao Tome and Principe,STP,"Inflation, consumer prices (annual %)",FP.CPI.TOTL.ZG,..,..,..,..,..,..,..,..,..,..,..,..,..,..,..,..,..,..,..,..,..,..,..,..,..,..,..,..,..,..,14.3271667616801,10.6379353431628,8.10583270875473,6.9984994396642,5.24587835022454,5.43051966119157,5.69029619929019,7.86859628873909,7.72024525213249,9.81932791540148,8.13777038378729,18.0056351122841,21.2589138473,14.3519273571008
Sao Tome and Principe,STP,"Mortality rate, infant (per 1,000 live births)",SP.DYN.IMRT.IN,54.4,55.4,56.6,58,59.5,64.5,62.1,63.2,64.2,65,65.6,65.8,65.6,64.9,63.6,61.8,59.5,56.9,54,50.7,47.5,44.2,41,37.8,34.9,32.2,29.6,27.3,25.2,23.2,21.4,19.7,18,16.5,15.1,13.9,12.9,12,11.3,10.7,10.2,9.8,9.4,..
Saudi Arabia,SAU,GDP per capita growth (annual %),NY.GDP.PCAP.KD.ZG,-2.99285354299133,-21.07451587204,-16.2513499762503,-9.5491570395713,-12.3848638519131,-4.57404251506607,-8.45429065456064,1.07644808188448,-4.53427601402096,4.15776944456925,3.17804810163011,-0.125826730999037,-3.96857631363621,-3.27657789168325,-3.75839336006798,-0.741787099435172,-1.2367563168653,-0.966317239561079,-4.16496281769805,0.150492543589365,-4.74097088807815,-5.50962678622284,3.69783168216851,3.75594009248144,1.35662290420511,-1.01590810452811,-1.94086075361376,2.04298819113291,-4.86501611210622,6.08720360847519,6.79987643160875,1.40883378518255,-2.47714591214456,1.50656609785891,-0.634810334471936,-2.03436894248409,1.10644166684173,5.89707730206987,2.09951105043169,-8.34344976348105,9.17745692710805,7.15912905732745,-4.01429387790023,-2.79946430651094
Saudi Arabia,SAU,General government final consumption expenditure (% of GDP),NE.CON.GOVT.ZS,19.5493184592704,26.1842941823678,29.7641881475639,30.1377271929367,31.9014769423732,34.6664803428358,35.2225244678763,30.9331687437031,33.5955638329156,29.0162873843709,34.1551286815193,29.7416798793909,26.3022501581436,24.2087588645477,23.4572109831973,24.3664074346464,26.0315606225886,28.1958111073967,25.4098103848862,25.8630806226704,27.3266658556789,25.9509551040615,24.4845102863166,22.859103993371,21.3402818233449,22.0392478591787,20.6620747523619,17.7042516101164,22.1870131258324,20.2028697814697,19.8722966466312,20.1587045453336,22.3610329718449,25.5951913122192,28.9147345848793,24.8383819547988,23.3805006784788,23.1693987098668,22.6767882524964,27.3711142062152,21.6735834858218,19.1390912620423,20.9337084424946,21.3616285516719
Saudi Arabia,SAU,"Unemployment, total (% of total labor force) (national estimate)",SL.UEM.TOTL.NE.ZS,..,..,..,..,..,..,..,..,..,..,..,7.2,..,..,..,..,..,..,4.346,4.57,4.618,5.265,5.563,5.822,6.051,6.254,5.734,5.085,5.377,5.55,..,5.622,5.6,5.877,5.6,5.6,5.89,6.029,5.636,7.66,6.621,5.589,4.008,3.518
Saudi Arabia,SAU,"Inflation, consumer prices (annual %)",FP.CPI.TOTL.ZG,..,..,..,..,..,..,..,..,..,..,..,..,..,..,..,1.2220676203731,0.0571499790291141,-0.371270350126534,-1.33375175319074,-1.12500055218228,-1.12094700105411,0.247189309008564,0.612194122665989,0.515509265673334,0.479229463955303,2.20902350206394,4.16782716547868,9.87024418404628,5.05722336873032,5.33941623014107,5.82621886161563,2.86626976609009,3.52995515752938,2.23916590559671,1.20469388504568,2.06740778344411,-0.836410331520586,2.45719835917882,-2.0933490096655,3.4454670643357,3.06328988941548,2.47407371925371,2.32708518362698,1.68792112375813
Saudi Arabia,SAU,"Mortality rate, infant (per 1,000 live births)",SP.DYN.IMRT.IN,79.6,74.2,69.2,64.3,59.8,55.5,51.3,47.4,43.8,40.5,37.5,34.7,32.2,29.9,27.8,25.9,24.2,22.6,21.2,19.9,18.7,17.6,16.5,15.5,14.6,13.7,12.8,12,11.2,10.4,9.7,9.1,8.5,7.9,7.4,6.9,6.5,6.1,5.8,5.5,5.3,5.1,4.9,..
Senegal,SEN,GDP per capita growth (annual %),NY.GDP.PCAP.KD.ZG,2.52278535303547,5.2070261183153,-8.14696183290356,1.13953477209834,0.6157967631448,0.204711044505984,3.20484833596085,-3.64784599374907,1.02749262715633,-3.55291522695565,-0.216527599094078,-1.47449734866765,-1.39091737666223,-2.68759159773336,2.79825042307988,-0.443182026754187,0.642689765162558,3.45290634461773,3.79374220499105,1.41335705319622,1.81176865944212,-2.35286664944574,3.08280432027999,2.21660237161285,1.8985497213755,-0.0239030984175912,0.466183194352098,1.30518111750766,0.349911484355829,0.952269607225944,-1.19544188286081,1.2557464643975,-0.578035528287558,2.91207940579723,3.15103873013858,3.23503572393487,4.3502357301897,3.27615846996514,1.80892290260792,-1.29147593329481,3.8734325976821,1.31913435017567,1.79788238969797,4.44004637247095
Senegal,SEN,General government final consumption expenditure (% of GDP),NE.CON.GOVT.ZS,21.4846405439363,18.4660353328923,17.5981370101796,16.742382529003,16.1863210699508,16.3500620758628,16.3066990891119,16.8529521875874,16.4198335764995,17.0879039399212,16.0953898921598,16.0408336336672,14.9213280338116,13.3450872023032,12.3144923137639,12.8031331514298,12.4296583607673,11.8321263753652,12.4661115181788,12.0861305779367,11.403967254473,12.1765581492826,12.0382995461628,12.6790636644135,12.4486735029545,12.869881187405,13.5873050542098,12.788197053837,13.5676551477361,14.1628239594365,14.8307179076936,14.5744556263971,14.5997172827542,14.7346215191571,14.2992772620651,14.0312810079519,13.6339715657972,13.7846307930863,14.0076479696607,14.2802395565824,15.1624726863083,15.1460090617937,15.8069141188045,16.3520949703395
Senegal,SEN,"Unemployment, total (% of total labor force) (national estimate)",SL.UEM.TOTL.NE.ZS,..,..,..,..,..,..,..,..,..,..,..,..,..,..,..,..,..,..,..,..,..,5.65,..,..,..,10.03,..,..,..,..,2.853,..,..,..,6.757,4.455,4.078,..,2.863,..,..,5.062,4.686,5.775
Senegal,SEN,"Inflation, consumer prices (annual %)",FP.CPI.TOTL.ZG,..,..,..,..,..,..,..,..,..,..,..,..,..,..,..,..,..,..,..,..,2.97450083919567,2.33730187454299,-0.0519970242714473,0.514781781023022,1.71133325855502,2.11228583877117,5.85330428467681,7.3472023657841,-2.24802147855343,1.22868119673345,3.40322829786969,1.41822871177852,0.710245486695197,-1.09025507446892,0.13521193363519,0.837284942557429,1.31815314847783,0.460985642464248,1.7601115119294,2.5431468568166,2.18032278088143,9.69681899081074,5.93947798773216,0.804503298792415
Senegal,SEN,"Mortality rate, infant (per 1,000 live births)",SP.DYN.IMRT.IN,94.7,93,91.2,88.9,86.1,82.8,79.4,76.4,74.2,72.9,72.5,72.8,73.6,74.6,75.6,76.6,77.1,77,75.9,73.8,70.4,66.2,61.8,57.5,53.5,50.1,47.2,44.9,43,41.5,40.3,39.3,38.5,37.9,37.3,36.9,36.4,35.7,34.9,33.9,32.7,31.4,30.2,..
Serbia,SRB,GDP per capita growth (annual %),NY.GDP.PCAP.KD.ZG,..,..,..,..,..,..,..,..,..,..,..,..,..,..,..,6.24963275339432,9.27221778936207,5.77127921638065,-10.0003177033222,6.39450654843546,6.96227911197663,6.58937501636542,4.83141140740781,6.93608916907462,6.22214347727881,4.3100102949839,8.27017356937334,5.60952277548294,-2.75343750726206,2.02027692991339,0.813571318496642,0.0402004968377128,0.941379085120815,-1.32558619041696,1.81545253787564,3.51588774723535,2.90961508704559,5.22266888313776,5.31381889246718,-0.288042264925664,8.97258082321535,5.24705329134949,4.49449684698806,4.44542135250498
Serbia,SRB,General government final consumption expenditure (% of GDP),NE.CON.GOVT.ZS,..,..,..,..,..,..,..,..,..,..,..,..,..,..,22.7102855296445,23.032516852027,25.6355616793666,25.0016018970258,23.357739481651,23.4730982741147,26.4868005400533,27.7466484558618,27.8510120859119,24.6944271037774,21.1937569867077,21.1748219795586,22.492822032131,21.998459040303,21.4167329696,21.2839315255668,20.9398727490957,21.4856358559922,20.1032369350754,19.8535654361421,18.2577533473438,17.4876963346774,17.5131315634351,17.9956413715916,18.3652144119898,19.3837021106122,18.7648402743056,18.3561376319038,17.1270596804627,17.7665202396127
Serbia,SRB,"Unemployment, total (% of total labor force) (national estimate)",SL.UEM.TOTL.NE.ZS,..,..,..,..,..,..,..,..,..,..,..,..,..,..,13.4,13.2,13.8,13.7,13.7,12.6,12.8,13.8,15.2,18.5,20.85,20.85,18.06,13.67,16.116,19.204,22.959,24,22.154,19.223,17.66,15.257,13.477,12.733,10.395,9.011,9.843,8.439,8.268,7.24
Serbia,SRB,"Inflation, consumer prices (annual %)",FP.CPI.TOTL.ZG,..,..,..,..,..,..,..,..,..,..,..,..,..,..,..,..,..,..,..,..,..,..,..,..,..,..,..,12.410986775178,8.11695092238082,6.14255360247247,11.1373976342129,7.3303858959664,7.69426362896662,2.08244793880153,1.39235822000189,1.12231397417765,3.13106248590118,1.95984076293799,1.84922984511088,1.57553290083412,4.08510285335106,11.9815117344702,12.3719043552519,4.67052974889971
Serbia,SRB,"Mortality rate, infant (per 1,000 live births)",SP.DYN.IMRT.IN,..,..,..,34.7,33.6,32.4,30.9,28.9,26.8,24.6,22.6,21.1,19.9,18.6,16.9,15.1,13.5,12.3,11.5,10.9,10.4,9.9,9.1,8.4,7.8,7.4,7.1,6.9,6.7,6.6,6.4,6.1,5.9,5.7,5.4,5.2,5.1,5,4.8,4.7,4.6,4.5,4.5,..
Seychelles,SYC,GDP per capita growth (annual %),NY.GDP.PCAP.KD.ZG,-5.03863787229284,-2.64575863549878,-0.495741990512201,3.68994619621557,9.40285816904985,0.135752841851968,0.515688006513273,4.93424165919527,9.62872731876227,6.92914127454476,1.40077156197196,6.68233459671488,5.09056268455059,-5.00302413951677,-0.981459839210345,8.3958454530317,10.8847957386616,0.482967628956303,-0.109437696562779,3.32671456371403,-2.35661333545873,-1.83480695440478,-4.81617833042706,-2.49000825290008,8.5018972132326,7.15334515370103,8.32165420663699,-4.87712623002744,-2.86142425794473,1.62737013590673,12.4265876590009,2.10412826503328,-0.599133304568028,2.45761243916046,6.51232550996488,10.6277900412689,5.65298679577909,3.94280692985572,4.58155113586345,-12.4901374474458,-0.254097866449726,-6.67665692527599,2.34889965056195,2.11772970143255
Seychelles,SYC,General government final consumption expenditure (% of GDP),NE.CON.GOVT.ZS,31.1332073726627,34.4631794578401,32.6511332075942,30.3523173706892,34.2442859676607,38.2600513142878,33.7813312124172,31.5035658084125,32.537472545087,26.9685223235512,27.7837397763486,29.6330907452517,28.8047908980775,28.7602847323953,27.1976448791528,29.0768116137616,29.16379585034,30.6876366687689,26.565004392701,41.3843672873388,40.9682850891292,46.2621917098316,43.5615561330541,38.3064656022623,34.0095353926169,38.6985304016463,35.240612036579,28.1173390653355,29.5981381123108,27.8102511990236,28.3756262839702,27.4115967343312,26.4810210783101,21.9007338679485,22.2902862090887,22.3644110312255,21.5958431981451,22.8895408301537,22.1841344223733,26.3767644643015,25.8451233580434,19.9748789957858,24.3504350833088,26.2797474020204
Seychelles,SYC,"Unemployment, total (% of total labor force) (national estimate)",SL.UEM.TOTL.NE.ZS,..,..,..,..,..,..,..,..,..,..,..,..,..,10.35,..,..,..,..,..,..,..,9.81,..,..,5.5,..,..,..,..,..,4.11,..,..,3.841,4.151,3.965,3.715,3.528,2.966,4.311,..,..,2.934,2.593
Seychelles,SYC,"Inflation, consumer prices (annual %)",FP.CPI.TOTL.ZG,..,..,..,..,..,..,..,..,..,..,..,..,..,..,..,..,..,..,..,..,..,..,..,..,..,..,..,36.9647582875289,31.7544407744178,-2.40463875108223,2.55926772230949,7.11037062326405,4.33893848329103,1.3858345458126,4.0419441072562,-1.01548191697632,2.85679575568443,3.70291839111562,1.80709400809983,1.20266463987124,9.76909936973547,2.62603632851287,-1.03530088431951,0.311726050919631
Seychelles,SYC,"Mortality rate, infant (per 1,000 live births)",SP.DYN.IMRT.IN,20.3,18.8,17.5,16.5,15.7,15,14.4,14,13.5,13.1,12.8,12.5,12.3,12.1,12,11.9,11.8,11.8,11.8,11.8,11.8,11.9,12,12,12.1,12.2,12.3,12.4,12.5,12.6,12.7,12.8,12.9,13.1,13.2,13.3,13.4,13.5,13.6,13.6,13.5,13.3,13.1,..
Sierra Leone,SLE,GDP per capita growth (annual %),NY.GDP.PCAP.KD.ZG,0.821575318184344,2.65293700129511,-4.1684400763676,1.83752207389294,-7.38497548183301,-1.20613242645724,4.39382684987255,-9.55499835432438,-1.75501678146151,-0.65885095706804,1.16028441725039,-17.4597697946434,1.59977632594122,-2.32273898202513,-8.13346516107323,1.26843593951848,-7.08314712256507,0.788223068294243,-2.48454913378559,4.1074980358211,-11.7160994204156,19.4306740063878,5.1223755363837,2.93937047923292,1.5843456348592,2.00713106542607,1.49613150255581,1.12905319443597,-1.1672975048301,3.5002192188053,5.31595837430623,7.81299564274897,11.8800866018127,-9.99126868436694,-6.55487587621558,3.96056326178993,0.774679247758442,0.50674429876733,3.08171137743476,-3.50677788869559,3.51527957069044,2.99519003006155,3.41471641633679,1.8156686267918
Sierra Leone,SLE,General government final consumption expenditure (% of GDP),NE.CON.GOVT.ZS,6.9726048599288,8.57588033655344,8.88012366078567,6.93167246748489,7.91294387170676,6.30831643002028,9.37166251334995,6.70456221263846,7.28263219988947,7.79989022828451,9.74331815439111,8.50022527098775,10.0999080909739,10.6999518336753,8.8000705599326,10.8706182487527,9.00694916290089,8.9311888689247,11.465143776952,14.3331038132408,13.2095631744286,14.1167592594901,11.9658197536982,10.4961751766877,10.0285683387313,6.47920642074742,5.80543802169287,6.37441247870261,7.00742000695832,6.73531368697131,6.5154356343344,6.68298180881628,6.02254540329628,5.09056223969131,6.75860278543363,7.83245707032084,7.11636200315235,6.51314216721509,7.02650364204283,7.75024160553093,8.06446285016589,6.68070019349035,5.50386023112512,5.50386023757076
Sierra Leone,SLE,"Unemployment, total (% of total labor force) (national estimate)",SL.UEM.TOTL.NE.ZS,..,..,..,..,..,..,..,..,..,..,..,..,..,..,..,..,..,..,..,..,..,..,3.879,3.42,..,..,..,..,..,..,..,..,..,4.678,..,..,..,3.192,..,..,..,..,..,..
Sierra Leone,SLE,"Inflation, consumer prices (annual %)",FP.CPI.TOTL.ZG,..,..,..,..,..,..,..,..,..,..,..,..,..,..,..,..,..,..,..,..,..,..,..,..,..,..,..,8.21112432289608,7.46901898540983,7.18566275668162,6.79138291952617,6.58776239392586,5.52412877994273,4.63931171409662,6.68943562498678,10.8860609413904,18.2215094003386,16.0295447693698,14.8049990906021,13.4468711101052,11.8739588840234,27.2082883814653,47.6428733253179,28.6337500014115
Sierra Leone,SLE,"Mortality rate, infant (per 1,000 live births)",SP.DYN.IMRT.IN,140.2,139.4,138.8,138.1,137.5,137,136.5,136.1,135.7,135.5,135.2,134.8,134.4,133.7,132.7,131.4,129.7,127.8,125.7,123.4,120.8,118.2,115.4,112.4,109.3,106,102.4,98.5,94.7,90.8,87,83.4,80,77.7,76.9,71.3,68.8,66.3,64.1,61.9,60,58,56.2,..
Singapore,SGP,GDP per capita growth (annual %),NY.GDP.PCAP.KD.ZG,5.61427963812113,2.50351262717827,7.15375220538392,6.75518405595601,-0.758403193169272,1.43861505659832,9.14418251985718,8.47550112413526,6.97185727511311,5.63184802412309,3.69538228225123,3.48371824424044,8.67530488824424,7.66515847504049,3.9685677515225,3.1909851392228,4.73992674717256,-5.45798667446206,4.87689184197752,7.16598820156491,-3.70366595204537,2.97922962062731,6.10127554555405,8.5722052915981,4.87209326850753,5.64834329383781,4.57298627096552,-3.41549269446281,-2.84677194924208,12.5085215498552,4.02338164865897,1.90446223662212,3.13397914899265,2.59472315486744,1.76232468638902,2.41021443466256,4.38437834929044,2.96719699276471,0.15539750940367,-3.51423380533573,14.4308159309526,0.719821622511958,-3.00715571486563,2.32663656705263
Singapore,SGP,General government final consumption expenditure (% of GDP),NE.CON.GOVT.ZS,9.38850817079599,10.7209280425647,10.7123338062957,10.6114487280256,13.394089489707,12.6719438921861,11.513188948287,9.8565848746919,9.73307127070471,9.51493992960933,9.24858803098438,8.82616856766706,9.01248020130082,8.17055423373734,8.25118729778176,8.95385970545865,8.75986450017623,9.49364662390425,9.3867797131673,10.5041646441155,11.6099265565097,11.8403288872956,11.4140839970397,10.318670184588,9.89714323321879,9.90693550272105,9.13612734398836,10.1132139112862,9.92997384864082,9.691568385966,9.23684263701949,8.85786688468844,9.74421772737465,9.6310320219758,10.1909083158792,10.2365840342405,10.1720211105612,9.96197415154469,10.2740281293141,12.2619659464446,10.6408439406424,9.24182573082399,9.9992117137858,10.5941995479851
Singapore,SGP,"Unemployment, total (% of total labor force) (national estimate)",SL.UEM.TOTL.NE.ZS,1.65,1.5,1.69,2.69,4.27,6.84,5,3.55,2.35,..,2.18,3.09,3.07,3.03,3.3,3.57,2.5,3.41,4.85,3.7,3.76,5.65,5.93,5.84,5.59,4.48,3.9,3.96,5.86,4.12,3.89,3.72,3.86,3.74,3.79,4.08,4.2,..,3.1,4.1,4.64,3.591,3.444,2.737
Singapore,SGP,"Inflation, consumer prices (annual %)",FP.CPI.TOTL.ZG,..,..,..,..,..,..,..,..,..,..,..,..,..,..,..,..,..,..,..,..,..,..,..,..,..,0.96565751901852,2.10980166714573,6.63544058395309,0.589142019610521,2.82884527612958,5.2511562463937,4.58084479423094,2.36439793742725,1.03316955857629,-0.521975611895757,-0.529809760375466,0.576763191180009,0.438784215129628,0.567829988405464,-0.172111865925357,2.31610315765142,6.13095418919736,4.83372362825795,2.38951123595021
Singapore,SGP,"Mortality rate, infant (per 1,000 live births)",SP.DYN.IMRT.IN,11.4,10.7,10,9.4,8.8,8.3,7.8,7.3,6.7,6.1,5.5,5,4.6,4.2,4,3.8,3.6,3.4,3.2,3,2.8,2.7,2.5,2.4,2.3,2.3,2.3,2.3,2.2,2.2,2.2,2.2,2.2,2.2,2.2,2.2,2.1,2.1,2,1.9,1.9,1.8,1.7,..
Sint Maarten (Dutch part),SXM,GDP per capita growth (annual %),NY.GDP.PCAP.KD.ZG,..,..,..,..,..,..,..,..,..,..,..,..,..,..,..,..,..,..,..,..,..,..,..,..,..,..,..,..,..,2.2746924085417,3.15617110858607,-0.798052973690176,-1.04128853057725,-0.685454189827837,-2.02875877780978,-1.0859663357852,-9.30645194996998,-8.53633432632274,9.11581322620327,-14.6336937315718,3.16129245692684,8.31998495940604,2.31884254602448,2.06508650519031
Sint Maarten (Dutch part),SXM,General government final consumption expenditure (% of GDP),NE.CON.GOVT.ZS,..,..,..,..,..,..,..,..,..,..,..,..,..,..,..,..,..,..,..,..,..,..,..,..,..,..,..,..,..,..,..,..,..,..,..,..,..,..,..,..,..,..,..,..
Sint Maarten (Dutch part),SXM,"Unemployment, total (% of total labor force) (national estimate)",SL.UEM.TOTL.NE.ZS,..,..,..,..,..,..,..,..,..,..,..,..,..,..,..,..,..,..,..,..,..,..,..,..,..,..,..,..,..,..,..,..,..,..,..,..,..,..,..,..,..,..,..,..
Sint Maarten (Dutch part),SXM,"Inflation, consumer prices (annual %)",FP.CPI.TOTL.ZG,..,..,..,..,..,..,..,..,..,..,..,..,..,..,..,..,..,..,..,..,..,..,..,..,..,..,..,..,..,..,4.58475435650402,4.01518421081601,2.52864788538366,1.88675466275219,0.330027165141348,0.111682655737263,2.19201010963042,..,..,..,..,..,..,..
Sint Maarten (Dutch part),SXM,"Mortality rate, infant (per 1,000 live births)",SP.DYN.IMRT.IN,..,..,..,..,..,..,..,..,..,..,..,..,..,..,..,..,..,..,..,..,..,..,..,..,..,..,..,..,..,..,..,..,..,..,..,..,..,..,..,..,..,..,..,..
Slovak Republic,SVK,GDP per capita growth (annual %),NY.GDP.PCAP.KD.ZG,..,..,..,..,..,..,..,..,..,..,-14.6399588000325,-6.7517666501482,1.51309257483364,5.78784641289319,5.53421489297541,5.89518837997754,5.29126136870515,3.68694784286308,-0.574779582477817,0.925761788954276,3.1136989179886,4.45521871825531,4.92573949451423,5.41095986972041,6.47448748514556,8.92067971952331,10.78629912015,5.27306126349816,-5.6311751026805,6.69110844613654,2.43026958601608,1.39646371759601,0.595167879643,2.608326498525,5.07697290945579,1.81646959957402,2.71521709643727,3.91808506492153,2.13758470717096,-2.66902849173539,5.92429352911894,0.723874225291368,2.26250903774246,2.14960173652258
Slovak Republic,SVK,General government final consumption expenditure (% of GDP),NE.CON.GOVT.ZS,..,..,..,..,..,..,..,..,..,25.9180225191167,24.3554705016392,29.9302044418951,27.7486512029139,23.7147145293256,23.4776534939055,25.0558284707739,22.8759668936053,23.0929537584568,21.0532828948601,20.7617345907303,20.9303072591013,20.4103009831873,20.8461836926193,18.9037166727334,18.5595916579985,18.7732945323312,17.1378008512126,17.5418458706665,20.0059445657921,19.2064841969329,18.3560850522368,17.8032795774858,18.0395982882231,18.3081999887673,18.4916159434894,18.7978158666459,18.8324415253841,18.5660492970595,19.5594607255757,20.7560453692276,20.7880143872167,20.5009679185647,19.9503737201158,..
Slovak Republic,SVK,"Unemployment, total (% of total labor force) (national estimate)",SL.UEM.TOTL.NE.ZS,..,..,..,..,..,..,..,..,..,..,..,..,12.2,13.645,13.103,11.328,11.882,12.421,16.099,18.546,19.148,18.541,17.549,18.206,16.276,13.395,11.16,9.514,12.023,14.387,13.634,13.966,14.226,11.536,11.492,9.679,8.142,6.544,5.761,6.719,6.894,6.143,5.843,5.335
Slovak Republic,SVK,"Inflation, consumer prices (annual %)",FP.CPI.TOTL.ZG,..,..,..,..,..,..,..,..,..,..,..,9.89350519771166,23.287027664545,13.4155203422246,9.84109579837749,5.77582786155949,6.14198999595652,6.66565123195825,10.5704416075225,12.0357805974299,7.3296201911553,3.12714222984609,8.55414305406644,7.54850088183424,2.70908494588384,4.48333120449611,2.75672371638139,4.59817976325028,1.61510464058237,0.957018132975151,3.9192859914629,3.60610263522889,1.40047368963027,-0.0761653295419925,-0.325219777427695,-0.520010196278297,1.31194588223234,2.5140371288381,2.66456133425436,1.93694126694221,3.14960629921267,12.774146363761,10.5319476645211,2.75760909424273
Slovak Republic,SVK,"Mortality rate, infant (per 1,000 live births)",SP.DYN.IMRT.IN,18.9,18.1,17.3,16.5,15.7,15,14.3,13.7,13.1,12.6,12.2,11.7,11.2,10.6,10.1,9.7,9.2,8.8,8.4,8.1,7.8,7.5,7.3,7.1,6.9,6.6,6.4,6.1,5.9,5.7,5.5,5.4,5.3,5.2,5.1,5.1,5,5,4.9,4.9,5,5,5.1,..
Slovenia,SVN,GDP per capita growth (annual %),NY.GDP.PCAP.KD.ZG,..,..,..,..,..,..,..,..,..,..,-8.95788175613163,-5.3249118126253,3.08878791417652,5.44941394044245,4.08471371052772,2.97799607802567,5.31284081186544,3.28887170317242,5.19284002726599,3.1919411832727,2.66685838002488,3.15467990613811,3.13282664775699,4.47906492828298,3.6743988121375,5.57134966652504,6.54177241190229,3.20889412209657,-8.42208868943828,0.672167911403392,0.446560894988352,-3.11922481726151,-0.958293257973466,2.66181374029557,2.31634491842804,2.95902414777296,5.10589384792048,4.00130649890984,2.78704541391961,-4.72524968037921,8.09863524522004,2.50488548462423,1.70880422530915,1.31089374533522
Slovenia,SVN,General government final consumption expenditure (% of GDP),NE.CON.GOVT.ZS,..,..,..,..,..,..,..,..,..,15.0021615931305,16.3918318286677,17.5382162578652,18.1859620289561,17.4208981695947,17.8103024253508,17.7498140253232,17.6801599607077,17.7086511936463,17.8793597502985,18.5801348713853,19.0166487371692,18.8764656164774,18.9488478344695,18.967640025862,19.0441682578157,18.7581500100337,17.522268498338,18.2486517559431,20.3966028910296,20.5968980752648,20.7174320914296,20.5364965325746,19.8659414498386,19.0721509937972,18.9985678506753,19.2401548940592,18.6197208157994,18.4130304503047,18.4696011878283,20.7447344651164,20.8504561648018,19.5210913889019,19.2268565742722,..
Slovenia,SVN,"Unemployment, total (% of total labor force) (national estimate)",SL.UEM.TOTL.NE.ZS,..,..,..,..,..,..,..,..,..,..,7.08,..,8.51,8.24,7.15,6.879,6.648,7.39,7.324,6.918,5.682,5.922,6.479,6.012,6.506,5.95,4.818,4.371,5.858,7.236,8.166,8.841,10.103,9.668,8.962,8,6.564,5.108,4.446,4.971,4.744,4.011,3.652,3.697
Slovenia,SVN,"Inflation, consumer prices (annual %)",FP.CPI.TOTL.ZG,42.6229527318244,30.1125435950715,40.2134918436935,53.6719669102484,79.4063811481874,95.8865052101644,132.072721014831,198.753712862023,1281.44349404876,552.083528914325,114.832935589747,209.933731186822,31.7621306305932,20.9918180471498,13.4637296178669,9.86445061546851,8.35967990704299,7.89116682856684,6.15558754451559,8.91174418658768,8.37966587492204,7.48077770703754,5.54416421752901,3.59297594249509,2.45150132316474,2.45792444195865,3.657495632841,5.64742380573935,0.839262246793891,1.80117022137135,1.80285171941904,2.59741386039011,1.76920085881899,0.199343826570771,-0.525552285820832,-0.0549995416704661,1.42910743319303,1.73860861988179,1.63052260754342,-0.0548568157606016,1.91706506089263,8.83369886749455,7.44687717385836,1.96562656432507
Slovenia,SVN,"Mortality rate, infant (per 1,000 live births)",SP.DYN.IMRT.IN,15.3,14.5,13.8,13,12.3,11.6,10.8,10.1,9.4,8.8,8.2,7.6,7.1,6.6,6.2,5.8,5.4,5.1,4.8,4.5,4.3,4.1,3.9,3.7,3.5,3.3,3.1,2.9,2.8,2.6,2.5,2.4,2.3,2.2,2.1,2.1,2,2,2,1.9,1.9,1.9,1.8,..
Solomon Islands,SLB,GDP per capita growth (annual %),NY.GDP.PCAP.KD.ZG,-5.15070962845016,-5.00054754398003,0.401710872955306,-3.16498042106424,-6.31900558571861,-3.41141767939421,4.97817622405734,-1.95419762504415,1.01348306368342,-0.930739361805806,2.80422579820132,9.35072472383136,0.951992030002003,4.96526753173467,6.92444722853133,-1.28334307048843,-3.70203446896076,-1.51153942338942,-3.12765542837079,-16.2171420100004,-9.7305612743276,-4.61497956625696,4.58496890932763,5.76451243724274,5.47572393377686,2.33469174998488,1.86550022052812,4.42334956097758,1.00785474550923,6.65633575453435,3.54868094900007,-1.22477251471739,1.463159102823,-2.41329503225988,-1.90278931036538,1.89525734300349,-0.42623009897433,-0.648776163179804,-0.912850986990961,-5.50313424418144,0.130939472508416,-0.0197029176376589,0.226116009626637,0.136946416286449
Solomon Islands,SLB,General government final consumption expenditure (% of GDP),NE.CON.GOVT.ZS,..,..,..,..,..,..,..,..,..,..,..,..,..,..,..,..,..,..,..,..,..,..,16.7336523125997,20.8113277570013,35.1165025222196,33.3872684692357,31.3077964062852,30.4256026600166,30.58654913081,31.544939942013,24.5587059474752,25.4855176369372,30.5594308778581,30.5188674456616,29.5651921906547,29.083214767794,25.979918570147,26.832514730951,27.6258123016473,25.1216612506935,26.5787278585565,29.1886179498219,..,..
Solomon Islands,SLB,"Unemployment, total (% of total labor force) (national estimate)",SL.UEM.TOTL.NE.ZS,..,..,..,..,..,..,..,..,..,..,..,..,..,..,..,..,..,..,..,..,..,..,..,..,..,..,..,..,2.02,..,..,..,0.694,..,..,..,..,..,..,..,..,..,..,..
Solomon Islands,SLB,"Inflation, consumer prices (annual %)",FP.CPI.TOTL.ZG,..,..,..,..,..,..,..,..,..,..,..,..,..,..,..,..,..,..,..,..,..,..,..,..,..,..,..,..,..,..,..,..,..,..,-0.574469286359497,0.512485626268804,0.488686760261009,3.46147484973737,1.63485544012245,2.96354992076063,-0.115437894412806,5.51812928576935,5.88585897042163,4.32183948388033
Solomon Islands,SLB,"Mortality rate, infant (per 1,000 live births)",SP.DYN.IMRT.IN,37.7,36.2,34.9,33.7,32.7,31.7,30.8,30,29.2,28.5,27.8,27.1,26.4,25.7,25.1,24.6,24.2,23.8,23.5,23.2,23,22.8,22.6,22.5,22.3,22.2,21.9,21.7,21.4,21.1,20.8,20.5,20.2,19.9,19.6,19.4,19.1,18.7,18.3,17.9,17.5,17,16.5,..
"Somalia, Fed. Rep.",SOM,GDP per capita growth (annual %),NY.GDP.PCAP.KD.ZG,5.43483261391107,2.40770932669039,-14.35240063635,-0.42839591489458,5.19505399139939,-6.09526499097399,6.22667723467707,3.31436748541702,5.56642913642315,2.7893282169902,7.0157204881139,-3.99871765073583,1.09111141760243,-21.8851715399196,0.30475069472466,4.19202924804181,-2.31159144346371,2.26192984665758,3.06398619749571,2.90945170871555,2.92091623467765,3.66803447106938,3.72989683772704,3.23637071326559,3.45521790901826,3.27228849954994,3.42376614699856,3.57942621484857,4.03513734398845,4.0791048970797,5.94202931696843,5.73256533811495,7.43785495856861,5.13914593415731,6.72219258601299,2.99347020739941,10.3677043802939,-1.48470237917053,-0.886143106142129,-6.37473582032575,-0.257094286291903,-0.333977531192659,1.05606220762289,0.414153603318908
"Somalia, Fed. Rep.",SOM,General government final consumption expenditure (% of GDP),NE.CON.GOVT.ZS,22.0529561117156,13.2802064374292,19.7899229923994,16.9951644804266,..,..,..,..,..,..,..,..,..,..,..,..,..,..,..,..,..,..,..,..,..,..,..,..,..,..,..,3.99050131201431,5.36060649728664,5.57031501984449,5.32198902658072,5.90765767381111,6.37481874945745,6.28431445262075,6.1082539163766,6.89625600443056,7.13276292879149,7.43654863355439,7.31209956112592,7.61385604777446
"Somalia, Fed. Rep.",SOM,"Unemployment, total (% of total labor force) (national estimate)",SL.UEM.TOTL.NE.ZS,..,..,..,..,..,..,..,..,..,..,..,..,..,..,..,..,..,..,..,..,..,..,..,..,..,..,..,..,..,..,..,..,..,..,..,..,..,..,18.828,..,..,..,..,..
"Somalia, Fed. Rep.",SOM,"Inflation, consumer prices (annual %)",FP.CPI.TOTL.ZG,..,..,..,..,..,..,..,..,..,..,..,..,..,..,..,..,..,..,..,..,..,..,..,..,..,..,..,..,..,..,..,..,..,..,..,..,..,..,..,..,..,..,..,..
"Somalia, Fed. Rep.",SOM,"Mortality rate, infant (per 1,000 live births)",SP.DYN.IMRT.IN,..,..,105.8,105.8,106.2,106.6,107.3,107.7,107.5,106.8,264.9,274,104.3,104.3,104.3,104.3,104.3,104.3,104.3,104.3,104.3,104.3,104.3,104.3,104.2,103.8,102.8,101,98.9,112.9,215.7,112.4,89,86.3,84.1,82,96.7,85.8,75.7,73.7,71.8,89.9,67.8,..
South Africa,ZAF,GDP per capita growth (annual %),NY.GDP.PCAP.KD.ZG,1.8344403909835,-3.76840874169766,-5.21623945094572,1.52227888001273,-4.45158907262324,-3.129218179071,-1.03310951804978,1.07399931732792,-0.571288009674646,-3.05210020449451,-3.25400629067984,-3.87926236884013,-0.76236352634794,1.54195948087219,1.85604954250009,2.95596987945947,1.37819585551415,-0.711121199354281,1.29020714023875,3.25127058182207,1.82108406092082,2.72292924025332,1.92822490144245,3.50654128784933,4.21638584977106,4.53031944639788,4.25469604690063,2.00798658438173,-2.70664075062311,1.82804672464107,1.90092049729387,0.897179683754416,0.805658809846705,-0.257188966137676,-0.694265293924985,-0.277781475736276,0.49869596172698,-0.1374850396532,-1.3803610544763,-7.67873309598839,3.35053090110557,0.480619707090057,-0.630050659169925,-0.669086828300507
South Africa,ZAF,General government final consumption expenditure (% of GDP),NE.CON.GOVT.ZS,13.272733945852,14.7680003430679,14.4055382950336,15.9487888057377,16.3261612568652,16.7804173776086,17.4057491732384,16.846878860179,16.8213976957956,17.5888534221331,17.66995232228,17.9005585499176,18.1205609764085,18.1888688750082,16.5269303515062,17.4247248982139,17.4918768157123,17.1000261817972,16.8105311881129,16.5672154108403,16.6218512164789,16.7803880295906,16.8663209712168,17.0044389815087,16.1488985315911,15.8607403931821,15.8864978575358,17.0724538163321,17.7936331368919,17.996063602882,18.1951431854763,18.8205452606488,19.0813745546722,19.3140625940978,18.9850713286308,19.3075616545523,19.2360771279531,19.352226142463,19.5800800398681,20.6203398698938,19.1782663776178,18.9892702779701,19.3495643944684,19.2310040997797
South Africa,ZAF,"Unemployment, total (% of total labor force) (national estimate)",SL.UEM.TOTL.NE.ZS,..,..,..,..,..,..,..,..,..,..,..,..,..,..,..,..,..,25,25.37,29.88,30.688,33.291,32.31,29.453,29.122,28.342,26.54,22.407,23.523,24.683,24.639,24.727,24.561,24.89,25.149,26.536,27.035,26.906,28.468,29.217,34.007,33.268,32.098,32.279
South Africa,ZAF,"Inflation, consumer prices (annual %)",FP.CPI.TOTL.ZG,15.2542337674194,14.6390405853128,12.3032053006006,11.5264814344961,16.294225242642,18.6549230388755,16.1605948546791,12.779553083028,14.7308753982382,14.3209918914915,15.3347785733672,13.874703748615,9.71742729803026,8.938563723594,8.68042421392633,7.35411972085331,8.59777611252273,6.88054521037351,5.18148905111698,5.33895913599827,5.70189483049609,9.494713780996,5.679424140688,-0.692039437857689,2.06285308223427,3.24390765419229,6.17781214809388,9.90998456005467,7.23809523809527,4.06749555950264,5.00085338795019,5.73797139141737,5.78016910069177,6.13282953059149,4.5186909489251,6.60290842394869,5.18618655524146,4.50987264867393,4.1028507546115,3.23238831615119,4.61874544887136,7.03987272546481,6.07524384579656,4.36115246518963
South Africa,ZAF,"Mortality rate, infant (per 1,000 live births)",SP.DYN.IMRT.IN,82.9,78.6,74.6,70.9,67.4,64,60.8,57.8,55.2,52.8,50.9,49.4,48.2,47.5,46.7,46.1,45.8,45.9,46.4,46.9,47.6,48,48.6,49,47.9,46,43.8,40.6,37.7,35.4,33.9,33,32,30.9,29.7,28.4,27.3,26.3,25.6,25,24.7,24.5,24.4,..
South Sudan,SSD,GDP per capita growth (annual %),NY.GDP.PCAP.KD.ZG,..,..,..,..,..,..,..,..,..,..,..,..,..,..,..,..,..,..,..,..,..,..,..,..,..,..,..,..,0.201710077462366,0.0553052206663267,-9.66551859182802,-48.4287258315307,8.97551236063792,2.7406396602203,-9.76929494253935,..,..,..,..,..,..,..,..,..
South Sudan,SSD,General government final consumption expenditure (% of GDP),NE.CON.GOVT.ZS,..,..,..,..,..,..,..,..,..,..,..,..,..,..,..,..,..,..,..,..,..,..,..,..,..,..,..,..,..,..,..,..,..,..,..,..,..,..,..,..,..,..,..,..
South Sudan,SSD,"Unemployment, total (% of total labor force) (national estimate)",SL.UEM.TOTL.NE.ZS,..,..,..,..,..,..,..,..,..,..,..,..,..,..,..,..,..,..,..,..,..,..,..,..,..,..,..,12.298,..,..,..,..,..,..,..,..,..,..,..,..,..,..,..,..
South Sudan,SSD,"Inflation, consumer prices (annual %)",FP.CPI.TOTL.ZG,..,..,..,..,..,..,..,..,..,..,..,..,..,..,..,..,..,..,..,..,..,..,..,..,..,..,..,..,5.00627361534046,1.16962180301109,46.8521757193597,45.5258978371706,-0.0580909784225861,1.67429906295521,52.7663304192143,379.999585624026,187.851630279442,83.5015294922,87.2413641500032,29.6758435538571,10.5167158294359,-6.68732094212666,2.38280434813755,91.4408220769045
South Sudan,SSD,"Mortality rate, infant (per 1,000 live births)",SP.DYN.IMRT.IN,155.6,154.5,153.1,152,150.9,149.8,171.2,472.5,158.6,157.4,156,165.3,163.3,138.9,147.1,144,140.5,234.6,122.9,118.5,114,109.6,105.1,100.8,96.6,92.6,89,85.5,82.1,79,76.1,74,72.9,117.7,148.5,164.1,172.9,91.8,72.6,72.6,72.6,72.6,72.6,..
Spain,ESP,GDP per capita growth (annual %),NY.GDP.PCAP.KD.ZG,-0.839887495760976,0.640409181894213,1.27551467801025,1.36289715502605,1.95132909180683,2.94527939063278,5.2737629750186,4.87169199713344,4.66281523950552,3.67576794722082,2.28532468887114,0.436115155748553,-1.54335835145426,1.89690694701672,2.30495702556625,2.18092390343854,3.15405367665298,3.87121830463626,3.98652877279852,4.73130032942612,3.20031684797794,1.31414120540325,1.0944115829832,1.35058688382759,1.81657732789419,2.29951501349761,1.63463980710374,-0.827648476802253,-4.61672962915983,-0.365660089983677,-0.992358604711711,-2.92815897770406,-1.07017018206768,1.83396646193863,4.14701193619516,2.83577124069477,2.64617061107108,1.93406292039191,1.23303741249605,-11.3931290455953,6.49336738803039,5.41877389170267,1.48256102810085,2.17965408491752
Spain,ESP,General government final consumption expenditure (% of GDP),NE.CON.GOVT.ZS,14.551506258637,14.726289386147,15.1657588946148,14.9280169581631,15.1968080535645,15.0014802078968,15.4982145235336,15.3460781090367,15.8464693418135,16.2604876033915,16.9330359384278,17.8184496597917,18.3582972876489,17.7745679967686,17.6263799295614,17.4964106465745,17.0163650762759,16.8709354002005,16.8040897651711,16.7050924303047,16.5454991597214,16.6200729849122,16.7678896899523,17.1564974030851,17.3173354365051,17.3404140994412,17.6727382067132,18.774181253326,20.5691572148855,20.5479299444365,20.5764066286762,19.8836059940307,19.8099355336898,19.5517778062253,19.3555953756375,18.9554100877408,18.5432948383965,18.5844642639135,18.7386237646665,21.8157054375876,21.0051364901244,19.9641242285945,19.4635472701498,..
Spain,ESP,"Unemployment, total (% of total labor force) (national estimate)",SL.UEM.TOTL.NE.ZS,14.17,16,17.49,20.25,21.64,21.259,20.607,19.854,17.331,16.273,15.929,17.697,22.156,24.209,22.675,22.142,20.698,18.673,15.475,13.785,10.348,11.146,11.283,11.09,9.146,8.452,8.232,11.254,17.857,19.86,21.39,24.789,26.094,24.441,22.057,19.635,17.224,15.255,14.104,15.532,14.914,13.033,12.179,11.344
Spain,ESP,"Inflation, consumer prices (annual %)",FP.CPI.TOTL.ZG,14.5493457170322,14.4150020548327,12.1740727351699,11.2802765604037,8.81445506678386,8.79493932290323,5.24801863489592,4.83727066490363,6.79143584025099,6.72181952228657,5.93421344335924,5.9245312622849,4.56907173681812,4.7184137396733,4.67380337624704,3.55884559338557,1.97107395582927,1.8343299990841,2.31034813987067,3.43351563418767,3.58983413338112,3.06565685902219,3.03888839396655,3.03924881090924,3.36881409750383,3.51557576832128,2.78679745804946,4.07534335957339,-0.287813083535244,1.79986457728772,3.19610188833784,2.44612782366812,1.40858109183014,-0.151114837527205,-0.50036570990325,-0.20259800042646,1.95607633363965,1.67498136863794,0.699518994458692,-0.322753017299685,3.09313511976412,8.39057634118634,3.53236133492429,2.77417826534775
Spain,ESP,"Mortality rate, infant (per 1,000 live births)",SP.DYN.IMRT.IN,11.5,10.7,10.1,9.6,9.2,8.8,8.4,8.1,7.8,7.4,7.1,6.7,6.3,5.9,5.5,5.2,4.9,4.7,4.5,4.4,4.2,4.1,4.1,3.9,3.8,3.7,3.6,3.4,3.3,3.2,3,2.9,2.9,2.8,2.7,2.7,2.7,2.7,2.6,2.6,2.6,2.6,2.6,..
Sri Lanka,LKA,GDP per capita growth (annual %),NY.GDP.PCAP.KD.ZG,3.93938437260206,2.86649436646923,4.1177167940284,4.73797301331066,4.30841930856924,3.11437891706746,0.541198280744652,1.43993563419296,1.22940123040433,5.72394612528907,3.81973572214518,2.75390592994462,5.10038391966494,4.07265463723363,3.76841651865469,1.8233928834009,4.40430271746983,2.74023742948491,2.38061253046646,4.0862744786218,-3.08904716018746,2.8865391549469,5.16625254648899,4.7307209819853,5.56425373682754,6.94942271248222,6.06651827130165,5.24732975759279,2.90511614609032,7.38142864786508,7.99726895684675,7.80902907208001,7.00602738616061,5.38986887622596,3.25185230789037,3.86979649875681,5.24982935111058,1.28556702964238,-0.829146715022418,-5.12926234602416,3.09278196860629,-7.45361888091261,-1.69162602435424,5.58848090094126
Sri Lanka,LKA,General government final consumption expenditure (% of GDP),NE.CON.GOVT.ZS,7.42309275924946,8.30528628146476,8.13233443803916,7.76280358513392,10.2226327944573,10.296756076089,9.93173141930532,9.84268994783361,10.4846937762762,9.75965243766004,9.83845627039439,9.63405544073006,9.16617457187753,9.67079042073343,11.4715801201608,10.5478513997667,10.3559245264369,9.79826834553717,9.0284132199721,10.5109109472057,10.2629817578254,12.7188443787001,12.1605427365529,12.6297982486473,13.088688680853,15.3619312072087,15.2722170806731,16.1831662314354,17.6111147762917,..,..,..,..,..,8.91065634760838,8.17028444044681,7.85322795456497,8.60915689754483,8.97254856440914,10.3979083372906,9.45146674010959,7.23003958939168,6.77749233444335,6.95947245211508
Sri Lanka,LKA,"Unemployment, total (% of total labor force) (national estimate)",SL.UEM.TOTL.NE.ZS,..,..,..,..,..,..,..,..,..,14.06,14.661,14.22,13.82,13.03,12.27,11.35,10.6,9.17,8.88,7.74,7.9,8.76,8.22,8.38,7.67,6.5,5.97,5.22,5.85,4.784,4.118,3.88,4.186,4.157,4.519,4.242,4.046,4.318,4.67,5.364,4.981,4.528,..,..
Sri Lanka,LKA,"Inflation, consumer prices (annual %)",FP.CPI.TOTL.ZG,..,..,..,..,..,..,..,..,..,..,..,..,..,..,..,..,..,..,..,..,..,..,..,..,..,..,..,..,..,..,6.71676843588542,7.54291373239432,6.90845034828451,3.1790022823606,3.76836783062097,3.95888846593072,7.70413767850602,2.13503773713198,3.52839358231813,6.15394508391736,7.01478071238194,49.7211021114328,16.5411742279832,-0.42936004906972
Sri Lanka,LKA,"Mortality rate, infant (per 1,000 live births)",SP.DYN.IMRT.IN,30.8,28.7,26.6,24.3,22.1,20.2,18.9,18.1,19.3,17.9,18,17.9,17.5,16.9,16.3,15.6,14.8,14.1,13.5,13,12.7,12.4,12.1,16.7,11.2,10.7,10.2,9.7,13,9.1,8.9,8.5,8.1,7.7,7.4,7,6.7,6.5,6.2,6,5.8,5.5,5.3,..
St. Kitts and Nevis,KNA,GDP per capita growth (annual %),NY.GDP.PCAP.KD.ZG,1.90839875422859,0.940170202068046,1.65998003994439,9.43711188705959,9.16962852707064,11.5388956805806,7.24611269504145,9.98613814459146,6.26653183126851,5.7228684529764,-1.68474926558146,3.35471559982065,5.43720892471435,3.95570416288516,4.01375437413185,4.48268214386603,5.46861986409,-1.77595335466278,1.82436633230189,8.46930909930006,4.07351451919244,0.797218805613539,-4.25794420201746,3.68423412350383,9.44452895015881,2.85800106872907,0.305516416409375,11.0104297068936,-3.5715108939693,0.0951505914335229,1.52991480984264,-1.04787778946711,5.64641698929439,7.53127511202617,0.69841246781877,3.95919692482656,0.274193507101955,2.09466207201663,3.06102179372833,-15.1537081395497,0.597261391032816,10.4699702585236,4.21922670640038,0.982866431079771
St. Kitts and Nevis,KNA,General government final consumption expenditure (% of GDP),NE.CON.GOVT.ZS,..,..,..,..,..,..,..,..,..,..,..,..,..,..,..,..,..,..,..,..,..,..,..,..,..,..,..,..,..,..,..,..,..,..,..,..,..,..,..,..,..,..,..,..
St. Kitts and Nevis,KNA,"Unemployment, total (% of total labor force) (national estimate)",SL.UEM.TOTL.NE.ZS,..,..,..,..,..,..,..,..,..,..,5.14,..,..,..,..,..,..,..,..,..,5.12,..,..,..,..,..,..,..,..,..,..,..,..,..,..,..,..,..,..,..,..,..,..,..
St. Kitts and Nevis,KNA,"Inflation, consumer prices (annual %)",FP.CPI.TOTL.ZG,..,..,..,..,..,..,..,..,..,..,..,..,..,..,..,..,..,..,..,..,..,..,..,..,..,8.48748575845878,4.48088608614726,5.30029675072585,2.05793709041836,0.850878649795842,5.83516519570859,0.816089281562427,1.10698554000138,0.247865392364864,-2.30187563045608,-0.687037123294052,0.694916711613536,-1.03712214131572,-0.329562063663953,-1.16724501769354,1.19568887038398,2.66817533111249,3.55711230848244,1.09538753034508
St. Kitts and Nevis,KNA,"Mortality rate, infant (per 1,000 live births)",SP.DYN.IMRT.IN,39.6,37.4,35.2,33.1,31.2,29.5,28.1,27,26,25.3,24.7,24.2,23.8,23.5,23.1,22.7,22.2,21.6,20.9,20.2,19.4,18.6,17.9,17.3,16.8,16.4,16.2,16.1,16.1,16.1,16.3,16.5,16.7,16.9,16.9,16.7,16.5,16.2,15.9,15.5,15.1,14.7,14.3,..
St. Lucia,LCA,GDP per capita growth (annual %),NY.GDP.PCAP.KD.ZG,4.66426306858048,0.493096165460145,3.32262418483423,5.55782690783433,6.533818365779,12.5888676984323,2.37299183093911,12.4037815792638,7.77393613027191,8.81855434176092,-0.820743643335049,6.35455541558694,-0.892733394374474,0.0915392271761561,0.156865158765669,1.39827512027458,-2.08248177579216,4.83795668922615,1.34383057850798,-1.15852753925388,-4.38521361096242,-0.455758268918373,3.41053937654591,6.44252113072108,-1.13924471405971,5.43753454391749,1.01330265983917,4.29652830468692,-3.43582922693658,-0.278750187807233,3.78344996295867,-0.563683330885993,-2.26163327907432,0.880621538906311,-0.337052867572226,2.9915396739198,2.97179882236796,2.49445186760282,-1.06027192026241,-24.6114092144696,11.4287492509851,20.2140364685689,1.9225537588581,3.62644896169468
St. Lucia,LCA,General government final consumption expenditure (% of GDP),NE.CON.GOVT.ZS,..,..,..,..,..,..,..,..,..,..,..,..,..,..,..,..,..,..,..,..,..,..,..,..,..,..,..,..,..,..,..,..,..,..,..,..,..,..,..,..,..,..,..,..
St. Lucia,LCA,"Unemployment, total (% of total labor force) (national estimate)",SL.UEM.TOTL.NE.ZS,..,..,..,..,..,..,..,..,..,..,..,..,16.8,17,15.83,16.33,20.47,21.6,18.09,16.49,..,20.39,22.18,20.97,18.7,16,14,12.72,15.37,..,18.86,19.06,22.21,..,..,..,18.894,19.116,15.344,20.405,19.58,15.766,12.021,10.074
St. Lucia,LCA,"Inflation, consumer prices (annual %)",FP.CPI.TOTL.ZG,..,..,..,..,..,..,..,..,..,..,..,..,..,..,..,..,..,..,..,..,..,-0.255536626916512,1.03425372426222,1.46036814425245,3.89827370759476,2.39562082529168,2.8231037373693,5.54954769383937,-0.156936087168666,3.25034409180129,2.76940794144094,4.17763587102518,1.46856511035425,3.51695551369242,-0.983600952697011,-3.0782176567693,0.104262078958442,1.93561893150608,0.539087559191736,-1.75580833517593,2.41070312174389,6.37814695133356,4.070608219262,-0.110283575834663
St. Lucia,LCA,"Mortality rate, infant (per 1,000 live births)",SP.DYN.IMRT.IN,23.8,22.5,21.5,20.6,19.8,19.1,18.5,18.1,17.6,17.3,17,16.8,16.6,16.4,16.3,16.2,16.1,16,16,15.9,15.9,15.9,15.9,16,16,16,16.1,16.1,16.1,16,16,15.9,15.9,15.8,15.6,15.5,15.4,15.2,15,14.8,14.6,14.4,14.3,..
St. Martin (French part),MAF,GDP per capita growth (annual %),NY.GDP.PCAP.KD.ZG,..,..,..,..,..,..,..,..,..,..,..,..,..,..,..,..,..,..,..,..,..,..,..,..,..,..,..,..,..,..,..,..,..,..,1.21892477722176,5.54794889038332,-7.15585200915483,-5.8923641662807,11.9233703264347,-5.67034471115365,11.2897229582813,..,..,..
St. Martin (French part),MAF,General government final consumption expenditure (% of GDP),NE.CON.GOVT.ZS,..,..,..,..,..,..,..,..,..,..,..,..,..,..,..,..,..,..,..,..,..,..,..,..,..,..,..,..,..,..,..,..,..,..,..,..,..,..,..,..,..,..,..,..
St. Martin (French part),MAF,"Unemployment, total (% of total labor force) (national estimate)",SL.UEM.TOTL.NE.ZS,..,..,..,..,..,..,..,..,..,..,..,..,..,..,..,..,..,..,..,..,..,..,..,..,..,..,..,..,..,..,..,..,..,..,..,..,..,..,..,..,..,..,..,..
St. Martin (French part),MAF,"Inflation, consumer prices (annual %)",FP.CPI.TOTL.ZG,..,..,..,..,..,..,..,..,..,..,..,..,..,..,..,..,..,..,..,..,..,..,..,..,..,..,..,..,..,..,..,..,..,..,..,..,..,..,..,..,..,..,..,..
St. Martin (French part),MAF,"Mortality rate, infant (per 1,000 live births)",SP.DYN.IMRT.IN,..,..,..,..,..,..,..,..,..,..,..,..,..,..,..,..,..,..,..,..,..,..,..,..,..,..,..,..,..,..,..,..,..,..,..,..,..,..,..,..,..,..,..,..
St. Vincent and the Grenadines,VCT,GDP per capita growth (annual %),NY.GDP.PCAP.KD.ZG,3.75766171325887,3.59346572905743,1.33757614779626,5.74601657425153,5.37790770774799,4.85084730919915,-0.219401447443673,13.3974088997102,0.846053659284522,3.64619461199149,0.766079149440529,6.10658038959106,4.04173919943855,-1.40766591680416,7.64367574826734,1.22344246518328,3.48502454079123,4.05432713327265,2.54179354025959,1.47880127546429,1.78767492091447,5.48525117619123,6.88559351311582,4.39705000606179,2.83945191097459,7.41339795731157,3.77042261406409,0.859512861875416,-0.914124585036191,-3.99351095016873,-0.0518118530617357,1.73945379802912,3.0319570809024,1.81518813615298,3.3357071712289,4.74427453656862,2.10747081817043,3.90031671690731,1.40193657114291,-3.67618803165428,2.77342166309265,3.91412869594379,6.07793111453327,4.79304780177681
St. Vincent and the Grenadines,VCT,General government final consumption expenditure (% of GDP),NE.CON.GOVT.ZS,..,..,..,..,..,..,..,..,..,..,..,..,..,..,..,..,..,..,..,..,..,..,..,..,..,..,..,..,..,..,..,..,..,..,..,..,..,..,..,..,..,..,..,..
St. Vincent and the Grenadines,VCT,"Unemployment, total (% of total labor force) (national estimate)",SL.UEM.TOTL.NE.ZS,..,..,..,..,..,..,..,..,..,..,19.77,..,..,..,..,..,..,..,..,..,21.1,..,..,..,..,..,..,18.79,..,..,..,..,..,..,..,..,..,..,..,..,..,..,..,..
St. Vincent and the Grenadines,VCT,"Inflation, consumer prices (annual %)",FP.CPI.TOTL.ZG,..,..,..,..,..,..,..,..,..,..,..,..,..,..,..,..,..,..,..,..,..,1.85550399046654,0.205981708824252,2.96003946719287,3.73342916467021,2.74067516070672,7.23614701584807,10.0662418245849,0.421539125687218,0.747109026311472,3.18603111552463,2.59844414147094,0.805127804267927,0.193858560794014,-1.73361194953954,-0.149641647633268,2.15333648840511,2.32414485367922,0.91306972532454,-0.62813130935467,1.57272932500558,5.66009779226555,4.56457719814893,3.62770736940929
St. Vincent and the Grenadines,VCT,"Mortality rate, infant (per 1,000 live births)",SP.DYN.IMRT.IN,38,34.4,31.2,28.4,26,24,22.4,21.2,20.3,19.7,19.2,18.9,18.8,18.8,18.9,19.1,19.2,19.4,19.5,19.5,19.6,19.7,19.8,19.9,20,20.1,20.1,20,19.7,19.3,18.6,17.9,17.1,16.3,15.4,14.5,13.6,12.8,12,11.4,10.8,10.3,9.9,..
Sudan,SDN,GDP per capita growth (annual %),NY.GDP.PCAP.KD.ZG,3.4262257716873,2.20442598047367,-1.05893172428505,-7.06459754963682,-7.95923243778884,3.45138115933945,12.1835557689147,-1.55520909491457,7.668564257363,-7.12283677545001,5.35245970415686,4.54963665240291,2.49041697350873,-1.46917150041169,3.22166623716427,3.52820988912499,15.5899602143833,1.8044093130267,0.524555771446217,3.37132975440942,3.51515858633522,3.04640852451755,3.47662601258492,2.38501078452138,2.75337218040758,3.55587752590014,2.69329211251048,0.693530743818769,-5.81042185394722,0.758886048751407,5.87200118550977,-7.20056369222739,-0.372546263586997,1.86452924090501,-1.14810293147822,0.369473161527822,-2.71987452387332,-6.01716755998106,-5.00795943799888,-6.18595807947966,-4.47700779563793,-3.59800846557803,-30.363173571103,-14.1897699037201
Sudan,SDN,General government final consumption expenditure (% of GDP),NE.CON.GOVT.ZS,12.9785853341986,9.86050986050986,9.43995812771048,9.64518955374432,12.3618695446532,13.7928301064188,12.7618522601985,6.95770488508191,6.95478868341698,5.77994589970638,8.69030298887836,7.26866170509959,5.59062555990186,4.83509910036929,5.49435585013468,5.55850157123857,5.41655564855455,6.22491811726109,6.47876807200553,9.07785958454353,8.69899050527075,8.49138092505062,10.1490042377169,12.3312236794995,10.4082810989569,10.9249591798273,11.1473982745024,10.1354224794023,11.3756260969615,9.45186901010427,6.25205207638722,6.45206378391761,6.39875149443446,6.08247265963609,6.17444136369761,5.58845645649478,6.42960097705768,6.71404330537475,6.17093549809089,14.44544106941,10.9562837482065,17.8526819914311,17.4245401216912,16.5126203426588
Sudan,SDN,"Unemployment, total (% of total labor force) (national estimate)",SL.UEM.TOTL.NE.ZS,..,..,13.2,..,12.1,13.11,..,..,..,..,..,..,..,..,..,..,..,..,..,..,..,..,..,..,..,..,..,15.566,13,..,17.44,..,..,..,..,..,..,..,..,..,..,7.53,..,..
Sudan,SDN,"Inflation, consumer prices (annual %)",FP.CPI.TOTL.ZG,..,..,..,..,..,..,..,..,..,..,..,..,..,..,..,..,47.1685369647198,24.6218785461584,17.1664454201761,7.12125897172302,1.93529572095322,22.2247241495905,6.48943208673347,9.65754628605947,8.50585075933106,7.1991299011471,14.7542770780085,14.2971224481435,11.2567587063008,12.9776663898014,18.0966171221351,35.5590574147027,36.5223449139153,36.9066427863594,16.9095706050979,17.7502538311959,32.3516260968437,63.2925073455883,50.9940515002971,163.257782355457,359.093040779,138.808460241759,..,..
Sudan,SDN,"Mortality rate, infant (per 1,000 live births)",SP.DYN.IMRT.IN,89,88.8,110.2,109.5,108.8,87.5,86.9,86.1,85.3,84.4,83.4,82.4,81.3,80.2,78.9,77.6,76.1,74.4,72.7,70.8,68.9,66.9,65,68.2,66.8,59.9,58.4,57,55.7,54.5,53.4,52.3,51.3,50.1,49,47.8,46.5,45.3,44,42.8,41.6,40.3,39.2,..
Suriname,SUR,GDP per capita growth (annual %),NY.GDP.PCAP.KD.ZG,7.07660943058386,-4.47883522993371,-4.45592693253033,-2.78476423596697,0.740327469136076,-0.576612551612655,-7.2826049098625,6.37527017499558,2.62274680251504,-5.44552392165917,2.07639457886468,-0.2193419760994,-7.09224118960068,2.65994989666993,-1.68317016056574,-1.12297125235634,3.52096892509446,0.211310826230431,-3.40825462183219,0.016412852428175,2.07621012945627,0.731583130433549,4.22968365512362,6.9146916825718,3.41538457225288,4.64814560762545,3.92006219934488,2.93593297564139,1.81540250702821,3.95347703289852,4.64182224452708,1.52880858968571,1.77805890287095,-0.851471419293389,-4.45160318607753,-5.90338246401519,0.547149370341614,3.93294702617604,0.12296002295291,-16.8738740468232,-3.31629942420831,1.54051769500568,1.6065973435272,1.94075620373914
Suriname,SUR,General government final consumption expenditure (% of GDP),NE.CON.GOVT.ZS,..,..,..,..,..,..,..,..,..,..,..,..,..,..,..,..,..,..,..,..,..,..,..,..,..,12.6699972245351,10.1228135467064,10.8991544648381,13.1791690167325,13.3244392562328,..,..,..,..,..,..,..,..,..,..,..,..,..,..
Suriname,SUR,"Unemployment, total (% of total labor force) (national estimate)",SL.UEM.TOTL.NE.ZS,..,..,..,..,..,16.37,19.53,..,15.51,15.65,..,17.28,15.64,12.7,8.39,10.88,10.56,10.63,13.6,..,..,..,..,9.49,..,..,..,..,8.72,7.15,7.54,8.1,6.6,6.94,7.22,7.917,..,..,..,..,..,..,..,..
Suriname,SUR,"Inflation, consumer prices (annual %)",FP.CPI.TOTL.ZG,..,..,..,..,..,..,..,..,..,..,..,..,..,..,..,..,..,..,..,..,..,..,..,..,..,11.2813043273975,6.42627934470524,14.6671427437912,-0.133636646714876,6.94108221639996,17.7117796414558,5.00686319367274,1.92343604108309,3.38341272749477,6.89390359168241,55.4123879763195,21.9969430173304,..,..,34.889784309078,59.1196626251977,52.446027276241,51.5873159600861,16.2296159130279
Suriname,SUR,"Mortality rate, infant (per 1,000 live births)",SP.DYN.IMRT.IN,..,..,43.9,43,42,41.1,40.2,39.2,38.3,37.4,36.4,35.3,34.2,33.2,32.1,31.1,30.1,29.2,28.2,27.3,26.5,25.7,25,24.3,23.7,23.1,22.6,22.1,21.6,21.1,20.7,20.3,19.8,19.4,19,18.6,18.1,17.6,17.1,16.6,16.2,15.7,15.2,..
Sweden,SWE,GDP per capita growth (annual %),NY.GDP.PCAP.KD.ZG,0.334436842395618,1.19077538642517,1.85451502742625,4.13486529323355,1.99177409284246,2.452772635781,3.00954774564343,2.08876055210727,1.97219126019039,-0.0207591832209459,-1.81751518194891,-1.73663035089852,-2.63280844912161,3.27903071787799,3.54949666989081,1.5430897640959,3.00587080729244,4.18787241037298,4.1199043356406,4.46323890305599,1.08900809844307,1.94536167803103,1.50255672801656,3.77059805586535,2.38288400388018,4.08886586834878,2.46227556573524,-1.69196627962823,-5.0677602986202,4.853016846231,2.38780216832662,-1.14844474316958,0.284348039029453,1.28578393801952,3.31186786503675,1.07180853741224,0.462320334605963,0.726062663192167,1.51533066980507,-2.71099580072043,5.30316369991182,0.771118404155686,-0.585225855943577,0.657843244084106
Sweden,SWE,General government final consumption expenditure (% of GDP),NE.CON.GOVT.ZS,27.5571299389569,27.4018070494756,26.7823587827003,25.8774243094748,25.5694197843292,25.2670075438236,24.5350719292163,23.8822187234852,24.1514217636633,25.198425174319,26.024053775481,27.0912387730492,27.4159470297266,26.4289138656581,25.5057827743038,25.8173194547237,25.3017342609677,25.3660360011052,25.3725383788983,24.5253841140158,24.7266147902486,25.4016895331986,25.7329562974773,25.0584660504126,24.9301963929992,24.662086521504,24.2058106650331,24.7854514107036,26.1321161403318,25.1877852115046,25.0924805018307,25.8785848991761,26.3182806595753,26.2754867127366,25.8927700038637,26.4390383062153,26.2619555666305,26.255213056628,25.8359933747139,26.5311658405992,25.7524415924533,25.3239653270786,26.0248999419363,..
Sweden,SWE,"Unemployment, total (% of total labor force) (national estimate)",SL.UEM.TOTL.NE.ZS,..,3.14,3.48,3.07,2.83,2.23,2.15,..,1.46,1.742,3.127,5.591,9.187,9.491,8.897,9.547,10.359,8.941,7.607,5.466,4.73,4.965,5.555,6.693,7.81,7.066,6.161,6.235,8.351,8.61,7.804,7.976,8.052,7.954,7.432,6.99,6.718,6.365,6.833,8.291,8.803,7.417,7.611,8.306
Sweden,SWE,"Inflation, consumer prices (annual %)",FP.CPI.TOTL.ZG,12.1039385302598,8.58918509047123,8.87302152363215,8.0442423899442,7.37257458126247,4.23591011089792,4.18857151771368,5.82489868439438,6.4432758742661,10.3665533879493,9.4446273294419,2.37436725111879,4.72817304626054,2.15813800724631,2.45514857818395,0.533131978766298,0.658410256243517,-0.267132668355005,0.462175756339179,0.899143734041626,2.40595834145438,2.15848213589264,1.92565534892391,0.373659828721814,0.453170852576178,1.3602146862768,2.21216883436734,3.43704910602875,-0.494460544377998,1.15798802715628,2.96115073822142,0.888377506923639,-0.0442929701485751,-0.179638494114693,-0.046784744983309,0.984269244578052,1.79449904665588,1.95353530127028,1.78415097403837,0.497367318853587,2.16319736447151,8.36929098869185,8.54862489748906,2.8358165822403
Sweden,SWE,"Mortality rate, infant (per 1,000 live births)",SP.DYN.IMRT.IN,6.9,6.8,6.6,6.5,6.4,6.3,6.3,6.2,6.1,5.9,5.6,5.2,4.8,4.4,4,3.8,3.6,3.5,3.4,3.4,3.3,3.3,3.2,3.1,3,2.8,2.7,2.6,2.6,2.5,2.5,2.4,2.4,2.4,2.3,2.3,2.3,2.2,2.2,2.1,2.1,2,2,..
Switzerland,CHE,GDP per capita growth (annual %),NY.GDP.PCAP.KD.ZG,1.04702831152971,-1.8843770974197,0.208475012825431,2.63920461356098,3.21694497988854,1.32994597417265,0.949403324176217,2.52134716847148,3.49064317061195,2.61546610719903,-2.14648986937067,-1.13971907473382,-1.03142243029649,0.465686525977333,-0.188350817628518,0.0285406433398379,2.01528322095787,2.72428479200173,1.17900570197709,3.37615748239699,0.934949672470367,-0.826280599815533,-0.771333118455232,1.99813197598502,2.09358672785885,3.42255062788115,2.99182197798172,1.50995075456851,-3.51055875649962,2.17363798688378,0.687339980952387,0.110596623356798,0.628360626093993,1.10869373261926,0.494129645915152,0.960131696221239,0.421326259922779,2.10552471989985,0.423089633793808,-2.85415823647342,4.75464519304134,2.1924092887961,-0.574124109707469,-0.334913230639557
Switzerland,CHE,General government final consumption expenditure (% of GDP),NE.CON.GOVT.ZS,9.59440121459466,9.83680038251071,10.1165877018089,9.91598891992841,10.0235267386124,10.1637283771999,10.1127512832114,10.3017075138891,10.725963142648,10.8749824420454,11.4594732113828,11.8286569176593,11.8399273282628,11.8569071032063,11.8081944965479,11.8958289485891,11.6300815887786,11.33429094214,11.3520008625821,11.1598909444037,11.1637674855913,11.542897557961,11.7348935607647,11.5149095992384,11.2482518062864,10.7427651651168,10.4244100328755,10.5706989010013,11.3846246387676,11.1836121982143,11.2755715577404,11.3149273831192,11.4125791729509,11.4816364557243,11.5375670168373,11.5149617444437,11.5093914812255,11.2649207517523,11.3549037641088,12.1264545910032,11.9159806875632,11.2347528038153,11.2574218352381,..
Switzerland,CHE,"Unemployment, total (% of total labor force) (national estimate)",SL.UEM.TOTL.NE.ZS,0.2,0.4,0.9,1.1,1,0.8,0.8,0.7,0.6,2.07,1.818,2.344,3.551,3.58,3.094,3.684,4.127,3.568,3.053,2.658,2.49,2.924,4.117,4.316,4.437,3.995,3.641,3.35,4.109,4.808,4.409,4.491,4.747,4.826,4.801,4.918,4.797,4.713,4.394,4.817,5.013,4.122,4.043,4.343
Switzerland,CHE,"Inflation, consumer prices (annual %)",FP.CPI.TOTL.ZG,6.49030964005719,5.65510182392342,2.94979443545724,2.93145669136624,3.43539935298269,0.750309839410788,1.44032188041722,1.87246859731873,3.15526979710909,5.4039590921894,5.85959663468669,4.03703020778739,3.29262180313611,0.852116995120703,1.79982776867144,0.811634064628204,0.520225422736652,0.0179384378439169,0.80644438095945,1.5585291967901,0.989020329832542,0.642711506543279,0.638272930887198,0.802908730955232,1.17195420333702,1.05950928324802,0.73235060312225,2.42604117060157,-0.480481936423277,0.688238707220029,0.231349207650933,-0.692552018105286,-0.217323155115691,-0.0132025387514989,-1.14390867228183,-0.434618664285838,0.533787839825897,0.936335464113563,0.362886179940615,-0.725874933313387,0.581814168489858,2.8350279864446,2.13540088016377,1.06234041976597
Switzerland,CHE,"Mortality rate, infant (per 1,000 live births)",SP.DYN.IMRT.IN,8,7.8,7.6,7.4,7.3,7.2,7.1,7,6.8,6.6,6.4,6.1,5.8,5.5,5.2,5,4.9,4.8,4.7,4.7,4.6,4.5,4.5,4.4,4.3,4.2,4.1,4,4,3.9,3.9,3.8,3.8,3.8,3.7,3.7,3.6,3.6,3.5,3.5,3.5,3.5,3.5,..
Syrian Arab Republic,SYR,GDP per capita growth (annual %),NY.GDP.PCAP.KD.ZG,4.23502768554964,-0.564609484362705,-1.11242129225163,-10.7951298651331,5.57112088824223,-11.108256603454,-1.76469801300779,14.0714371824984,-16.4606695006472,0.439572643041046,4.33538047795443,9.55674328354266,2.99526601339912,4.09745194329328,4.03755108447395,6.89088933598605,2.30284558838696,4.06598851033671,-5.97618190709545,-1.80421522520456,-1.40284325455362,1.47328181768793,4.68174171715712,4.2935988060548,3.52095168365396,0.644012233201963,-0.635804298088587,0.843363715439807,4.27155320051828,2.82697106833621,1.07121071780338,-25.9560309972065,-22.5827773307621,-4.14663574302196,0.00846503865736281,-5.28022453338099,-0.882509407808485,-0.435918888364867,-2.63689452644155,-3.98011071488936,-0.874333294023842,-3.00434829701605,-5.94893071103193,..
Syrian Arab Republic,SYR,General government final consumption expenditure (% of GDP),NE.CON.GOVT.ZS,20.7610562962738,21.9558643949526,22.040905431772,22.6686310424464,23.8810453589667,21.4543744308687,17.9662052117264,13.1843028912049,16.0049212033012,14.3488566232372,15.2719826424105,14.4197185372548,13.5923432949451,13.4398074692601,13.4347388239415,11.7703084719414,11.399883847102,11.1988958104559,10.6040591288891,12.4078207164753,12.4971252802852,12.275717423875,13.4124895383662,15.6216280642928,13.7165286589956,11.2915053486901,12.286981935217,11.2284421133469,11.973436003023,13.3239984096056,12.7846233306279,14.5638350697326,19.114396445054,19.6239364160388,16.7235303672229,16.7288942442319,16.4912083998601,15.9632633383117,15.3699342294974,10.6812655408486,6.83495852711064,2.72332358480479,..,..
Syrian Arab Republic,SYR,"Unemployment, total (% of total labor force) (national estimate)",SL.UEM.TOTL.NE.ZS,..,..,4.24,4.7,..,..,..,..,5.78,..,6.75,..,7.4,7.5,7.2,..,..,..,7.6,..,11.63,11.68,10.28,..,..,8.17,8.42,10.94,8.14,8.61,..,..,..,..,..,..,..,..,..,..,..,..,..,..
Syrian Arab Republic,SYR,"Inflation, consumer prices (annual %)",FP.CPI.TOTL.ZG,..,..,..,..,..,..,..,..,..,..,..,..,..,..,..,..,..,..,..,..,..,..,..,..,..,..,..,..,..,..,4.75316388885629,36.7022953364139,40.0318378290723,10.9271141804297,38.4611429599733,47.7051615298924,18.0752696281771,0.940983843906781,13.4175653228571,..,..,..,..,..
Syrian Arab Republic,SYR,"Mortality rate, infant (per 1,000 live births)",SP.DYN.IMRT.IN,48.4,50.4,41.7,39.9,38.2,36.6,35.2,33.9,32.8,31.6,30.5,29.4,28.2,27,25.8,24.7,23.6,22.5,21.6,20.8,20.1,19.5,18.9,18.5,18.1,17.9,17.7,17.6,17.6,17.6,18.8,23.7,25,24.7,25.6,23.9,24.5,24.5,21.5,20.4,19.7,19.5,19,..
Tajikistan,TJK,GDP per capita growth (annual %),NY.GDP.PCAP.KD.ZG,..,..,..,..,..,0.178726963700981,-4.53903608213079,9.98241159562197,-9.2027986325589,-3.02147591045924,-9.48799907614494,-30.3597640189133,-17.5038570568868,-22.6560518622999,-14.2304868196184,-18.3194300083395,0.466665814442905,4.68935188724895,3.1654997926537,7.00808967496647,7.48337681079825,8.69157571922234,8.88444644359714,8.15635551136702,4.63258511919481,4.98592039180348,5.74856457778455,5.78378645390583,1.79394759926346,4.24657467143167,5.0303552095006,4.96076448659319,4.75131202806213,4.0554323883913,3.34193519398252,4.2256886170877,4.50305161526772,5.04059320866072,4.89098971791482,2.05116680370303,7.01157366120653,5.71622455034235,6.13628181088259,6.34141937002055
Tajikistan,TJK,General government final consumption expenditure (% of GDP),NE.CON.GOVT.ZS,..,..,..,..,..,..,..,..,..,..,..,..,21.9076174582072,17.4123762376238,15.8065902578797,16.8229571984436,16.5058664608259,9.51861894079781,9.92609665427509,8.290675547098,8.65901006318746,8.59882677095369,8.26426891250473,11.784735621747,14.600505092554,11.1042077298826,8.90397051013714,9.33359688258881,12.4623700220569,11.3267036600815,13.6533083259342,12.8418194236667,13.2973252306821,14.0398407791244,11.5589531129237,11.7568255694895,11.3864820445011,11.2210663784563,11.154496661602,11.5680045927562,10.8842527872508,10.1350716735332,10.6621971920935,..
Tajikistan,TJK,"Unemployment, total (% of total labor force) (national estimate)",SL.UEM.TOTL.NE.ZS,..,..,..,..,..,..,..,..,..,..,..,0.4,1.2,1.7,2,2.6,2.7,3.2,3,2.7,2.3,2.5,3.85,2,2,2.2,2.874,..,11.5,..,..,..,..,..,..,0.081,..,..,..,..,..,..,..,..
Tajikistan,TJK,"Inflation, consumer prices (annual %)",FP.CPI.TOTL.ZG,..,..,..,..,..,..,..,..,..,..,..,..,..,..,..,..,..,..,..,..,38.5918894488599,12.2499847845887,16.3034912049488,7.14196508692252,7.09193244083765,10.0108651886462,13.1491247062982,20.4705219109965,6.44823481066691,6.44531440780655,12.4315490430408,5.83116601031449,5.00964645344951,6.10442765129666,5.71455949649708,6.00458082322155,..,..,..,..,..,..,..,..
Tajikistan,TJK,"Mortality rate, infant (per 1,000 live births)",SP.DYN.IMRT.IN,95.2,94.5,93.2,91,88,84.4,80.5,77.4,75.7,76,78.3,81.3,83.4,84.2,83,80.3,76.3,71.8,67,62.2,57.5,53,48.7,44.8,41.4,38.3,35.7,33.4,31.5,29.9,28.4,27.2,26.3,25.4,24.7,24.1,23.7,23.4,23.3,23.2,23.2,23.1,22.9,..
Tanzania,TZA,GDP per capita growth (annual %),NY.GDP.PCAP.KD.ZG,-3.95231796044236,-3.36181308289295,-3.60684190525168,1.31693001082563,-2.00228811171158,2.06538325839534,1.43674931403181,4.05865766192876,1.04190402239107,4.29914682952561,-0.476012505289418,-1.88980012132932,-1.91363289102119,-2.2538960665397,0.368447209863618,2.65168980698766,1.45902793566377,1.02063893946291,2.09994947542917,1.59942658531416,3.25057961835962,4.36368727532306,3.89344253690891,4.63163110389122,4.54018649750061,3.59554927104524,3.83493311688827,2.87353898673082,2.70936589724377,3.67041498018565,4.70485004341454,1.53892032694513,3.62722794168234,3.51147946313948,2.77038211960942,3.30400665890222,3.27074271660344,2.20861006688253,2.71005881950599,-0.998987836780785,1.25401761079502,1.54299792361155,2.08099243052513,2.5538482690819
Tanzania,TZA,General government final consumption expenditure (% of GDP),NE.CON.GOVT.ZS,..,..,..,..,..,..,..,..,..,12.2399825832998,13.0417285032038,13.5232531466186,13.3500539771612,11.7873709834332,7.93471869169154,7.95669897235039,5.70492682006999,8.29495781582235,7.83828482648594,7.85388023825469,8.00643495810235,8.86743703137203,10.3818846779113,11.4798497076785,11.9180432374708,11.8898254475173,13.1092645431442,11.317596218542,12.3330567445648,10.3622039008706,9.69687940199349,10.4270536311811,10.045603308513,9.86779141018669,9.92729404696031,9.06650633826612,8.50343167431648,8.11258642479634,7.78241227923226,7.69958423897104,8.00508198452759,8.30175218114757,8.75962998482192,9.18620433134191
Tanzania,TZA,"Unemployment, total (% of total labor force) (national estimate)",SL.UEM.TOTL.NE.ZS,..,..,..,..,..,..,..,..,..,..,3.6,..,..,..,..,..,..,..,..,..,2.994,3.6,..,..,..,3.299,..,0.343,2.5,1.314,3.47,1.437,2.93,2.125,..,..,..,..,..,1.792,..,..,..,..
Tanzania,TZA,"Inflation, consumer prices (annual %)",FP.CPI.TOTL.ZG,..,..,..,..,..,..,..,..,..,..,..,..,..,..,..,..,..,..,..,..,..,..,..,..,..,..,..,..,..,..,12.6909694699163,16.0010938506338,7.87072364573955,6.13161432988011,5.58816952959303,5.17476629301494,5.31871605228926,3.49445848856184,3.46428057999023,3.29029062798325,3.69091958802198,4.35027204269098,3.7992329138492,3.05694676312369
Tanzania,TZA,"Mortality rate, infant (per 1,000 live births)",SP.DYN.IMRT.IN,104.5,105.6,106.8,107.7,108.2,108.4,108,107.2,106.3,105.4,104.6,103.9,103.1,102.2,101,99.2,96.8,93.8,89.9,85.3,80.4,75.4,70.7,66.4,62.3,59,55.6,53.2,50.5,48.5,46.6,45,43.7,42.3,41.1,39.5,37.7,36,34.7,33.5,32.4,31.2,29.9,..
Thailand,THA,GDP per capita growth (annual %),NY.GDP.PCAP.KD.ZG,3.80165524247921,3.31444196924878,3.55915648301884,3.76302695681466,2.73408972179925,3.66333574867296,7.63396585259409,11.3728951000104,10.35841929704,9.36095058683009,6.80395089988883,6.37902716428354,6.59374093147665,6.41647263711154,6.58833087971311,4.20287810846418,-4.04196098576827,-8.8321682116602,3.26905660525905,3.28023479514871,2.39873161764822,5.13275009732257,6.19493623168337,5.34116205951062,3.29537578511341,4.10011779691514,4.5949892120282,0.947280170156503,-1.42135866699509,6.79479928649167,0.215045559628464,6.58038336266074,2.08615316028128,0.45053655380589,2.65971785318402,2.96944155296718,3.73797800283087,3.90762624173355,1.90583495758329,-6.20637326420599,1.43062175645008,2.56894316437668,2.06455231923211,2.57520762987329
Thailand,THA,General government final consumption expenditure (% of GDP),NE.CON.GOVT.ZS,12.7581025820836,13.0906673998454,12.8749636513441,13.1670830492867,13.5279694129657,12.7549303450319,11.3256811788169,10.0467751984605,9.52066541619023,9.40461513137137,9.22060819677098,9.89796925226476,11.0012606383598,11.0522649217016,11.2506028289929,11.584261126839,12.0838331235099,13.0644916690294,13.5690524039913,13.575965221645,13.4744970113195,13.1723845314163,12.9255475002545,13.1136902414944,13.6536233728387,13.5022624455935,13.9259484673327,14.3419509919152,15.9800519057133,15.8008150334771,16.1417809611223,16.3529827045331,16.3634854486488,16.9163611055347,17.1211512659094,16.8651827576018,16.2984037874409,16.1739664282364,16.1693520358071,17.7948874074302,18.2351747744466,17.7190156034668,16.6164810176384,16.6910222318676
Thailand,THA,"Unemployment, total (% of total labor force) (national estimate)",SL.UEM.TOTL.NE.ZS,1.26,2.66,2.9,2.9,4.93,3.5,5.77,3.04,1.39,2.21,2.63,1.35,1.49,1.347,1.1,1.071,0.873,3.404,2.968,2.389,2.6,..,1.54,1.51,1.35,1.22,1.18,1.18,1.49,0.622,0.66,0.58,0.249,0.576,0.597,0.688,0.83,0.765,0.716,1.099,1.215,0.94,0.733,0.781
Thailand,THA,"Inflation, consumer prices (annual %)",FP.CPI.TOTL.ZG,..,..,..,..,..,..,..,..,..,..,..,..,..,..,..,..,..,..,..,..,..,..,..,..,..,..,..,..,..,..,3.80879058139633,3.01489950334988,2.18488618530681,1.89514181898785,-0.90042496329158,0.188149704448176,0.66563189313511,1.06389754183025,0.706728601314275,-0.845937147357064,1.23039541318384,-1.6106803048669,8.47805174421546,1.3658054079804
Thailand,THA,"Mortality rate, infant (per 1,000 live births)",SP.DYN.IMRT.IN,47.6,45.6,43.6,41.8,40,38.2,36.4,34.6,32.8,31.1,29.4,27.9,26.4,25.1,23.8,22.6,21.5,20.5,19.5,18.5,17.7,16.9,16.1,15.4,14.8,14.2,13.6,13.1,12.6,12.2,11.7,11.3,11,10.6,10.3,10,9.6,9.4,9.1,8.8,8.5,8.3,8,..
Timor-Leste,TLS,GDP per capita growth (annual %),NY.GDP.PCAP.KD.ZG,..,..,..,..,..,..,..,..,..,..,8.16321368133181,7.55195553736829,7.23725954144756,4.19821471942177,3.77468913704429,5.06129450080917,1.1763426433297,-4.63535853017653,-27.1136472308212,77.089568536025,6.73083956665712,-13.8041406508889,-6.20634059530958,-0.91795179907021,0.89548190695325,-6.89325891273231,7.16093774359759,8.42335310945737,7.40540545946205,6.7211928053722,3.52213857090433,2.58043451319878,0.985677294077263,2.42106298884939,0.504814158346647,1.06590239668736,-4.99167838514208,-1.90088894778658,21.0417576770136,29.4633005981264,3.43674675213099,-21.653182615115,-19.0114511254228,-3.33103223154772
Timor-Leste,TLS,General government final consumption expenditure (% of GDP),NE.CON.GOVT.ZS,..,..,..,..,..,..,..,..,..,..,..,..,..,..,..,..,..,..,..,133.321096476848,136.350311607551,147.735003637192,102.263339117946,77.8633851515069,52.6404163818391,82.4160122558245,105.192048421928,111.59741912245,115.923563198942,103.163533937107,89.7061737807071,84.1935108633369,62.3368144811086,65.666182072809,58.9435184593629,55.6080698114424,55.1826878327069,56.6796949423507,47.2218501936927,44.4784584277241,28.1955064065069,33.1099199822801,52.9169648544907,..
Timor-Leste,TLS,"Unemployment, total (% of total labor force) (national estimate)",SL.UEM.TOTL.NE.ZS,..,..,..,..,..,..,..,..,..,..,..,..,..,..,..,..,..,..,..,..,5.235,..,..,..,..,..,5.646,..,..,3.301,..,..,4.05,..,3.678,4.657,..,..,..,..,2.344,1.537,..,..
Timor-Leste,TLS,"Inflation, consumer prices (annual %)",FP.CPI.TOTL.ZG,..,..,..,..,..,..,..,..,..,..,..,..,..,..,..,..,..,..,..,..,..,..,..,..,..,..,..,..,..,..,13.4998402385771,11.8003096701544,11.0849085109955,0.726275016139422,0.552796026277853,-1.33853876185165,0.557215537430361,2.63647201015897,0.958812739703131,0.495499215459576,3.69792094666786,7.00530945399787,8.42035103310375,2.06284153005467
Timor-Leste,TLS,"Mortality rate, infant (per 1,000 live births)",SP.DYN.IMRT.IN,..,..,..,..,200.6,193.9,180.7,177.1,168.6,164.4,160.4,152.4,144.6,138.7,137.9,131.8,125.9,126.2,130.3,83.9,79.9,76,72.2,68.7,65.3,62.2,59.3,56.7,54.3,52.1,50,48.2,46.6,45.1,43.8,42.6,41.6,40.7,39.9,38.9,37.9,36.9,35.9,..
Togo,TGO,GDP per capita growth (annual %),NY.GDP.PCAP.KD.ZG,-6.27213322971586,-6.73950236153938,-8.57940681281325,2.07366660498529,2.23485801628915,-1.47318630066768,-2.50049188427492,3.46737802581953,1.01414304624012,-3.12127104191437,-3.51808811446465,-6.65824410271924,-14.5678518231059,14.5607335600402,3.251830754685,4.86520885642857,10.8148777243175,-5.03100668335236,-0.374384292236613,-3.48137743099034,-1.80051289577126,1.22021333251216,4.05045980094252,-3.48771797818526,-7.08238240739422,-0.185446239510938,-4.01252072247931,1.08766929065045,2.50754246159353,3.01287149732366,3.00979513196017,3.54417190093137,3.14132952674879,2.98962788399851,2.84282083821965,1.62760200832392,1.44120240188781,2.23648969695466,2.39019138896094,-0.438936506619754,3.49988645176158,3.30037029854027,3.95368670822319,2.96609937418211
Togo,TGO,General government final consumption expenditure (% of GDP),NE.CON.GOVT.ZS,15.0000000000677,15.4987022618366,16.2080536912609,15.7425111536233,13.5766423358494,15.378334240604,15.8763985082316,14.4382431448638,14.1334569046123,16.1698848435128,15.9177413016113,14.4302664596539,18.2444153446799,16.5707629560502,13.6787269934798,14.0219657050944,11.4715792176335,13.0557087704579,11.5644617931413,10.2303790188829,11.0097248237398,8.66509558163576,8.89557097163887,9.04078007107608,10.6522007851156,12.2875274526324,11.1520464722169,11.8135462343719,12.3064886805215,13.080619651925,12.0782570157972,11.5955431111225,12.3965196023153,12.0641263503212,13.0134386944817,15.4808063794364,13.9788077327509,13.2025407232865,13.2454663054356,13.225730719568,12.7582397865989,12.9269455766427,12.5811386281887,13.1396424410988
Togo,TGO,"Unemployment, total (% of total labor force) (national estimate)",SL.UEM.TOTL.NE.ZS,..,..,..,..,..,..,..,..,..,..,..,..,..,..,..,..,..,..,..,..,..,..,..,..,..,4.229,..,..,..,10.624,1.982,..,..,..,2.204,..,3.744,..,2.036,..,..,1.965,..,..
Togo,TGO,"Inflation, consumer prices (annual %)",FP.CPI.TOTL.ZG,..,..,..,..,..,..,..,..,..,..,..,..,..,..,..,..,..,0.975338381088677,-0.0532136248823566,1.86260595463068,3.91959133653147,3.05981857535883,-0.930000884072213,0.393078681031663,6.78292893028314,2.22897779414027,0.945673271705219,8.69482814363902,3.71360592035808,1.44594517430866,3.56351472903955,2.57718174055851,1.82539475909158,0.190875076249796,2.58500390801596,1.28544847051411,-0.981889868943067,0.92775542645718,0.674652770077458,1.69928463299407,4.18621506523519,7.96757361617943,5.48928568141135,2.862620740898
Togo,TGO,"Mortality rate, infant (per 1,000 live births)",SP.DYN.IMRT.IN,97.7,95.8,94,92.3,90.7,89.3,88.2,87,86.1,85.2,84.3,83.5,82.5,81.4,80.1,78.5,76.7,74.9,72.8,70.8,68.7,66.7,64.7,62.8,61,59.3,57.7,56.1,54.6,53,51.4,49.8,48.3,46.8,45.4,44,42.7,41.4,40.2,39.1,38,36.9,35.9,..
Tonga,TON,GDP per capita growth (annual %),NY.GDP.PCAP.KD.ZG,..,4.66536595264775,1.96367086898887,1.74669804353218,6.56498859822842,2.09157092326771,2.60248790524267,-2.46977372168573,-0.0484020966826932,-2.33589597538769,6.20722629218118,0.124681393866538,3.65411673840201,4.88651073265973,6.16562631440283,0.0430089681125168,-0.994486483653645,1.57220624694287,1.64280890829436,3.1164781634571,0.8921026437352,3.84009133315611,-0.5132750153019,-2.53428308034319,-1.22171662108754,-2.70155026186355,-2.89657717629593,4.57476736236848,-5.29112664808726,0.639458308941471,6.53506653770044,1.02306619626815,0.752077131516813,2.43921991317512,1.6036112602154,7.17551408749179,3.36688551758677,0.486299220001101,-0.304760032102536,1.74969406316374,0.566202692902621,-1.89321985800569,2.51846513153819,..
Tonga,TON,General government final consumption expenditure (% of GDP),NE.CON.GOVT.ZS,14.0243339549139,16.9022600624254,14.3000932518243,15.8241247899906,15.9643247517384,15.7869458248792,16.6568070166414,16.2905280361478,17.4117383345164,19.1307184212672,20.4338086014981,18.943144030069,17.6746491365368,15.8388126175616,16.3724171705185,17.4216034241977,18.8563832430735,18.2290122715769,18.597290808349,18.1301132623917,19.7238450122023,17.121637357322,17.0822587139881,16.3538064419334,15.932094443677,21.5431502793878,18.6330478086683,19.0908671559944,20.7471600056108,18.7662753402163,18.3709571364235,19.4738425294551,20.0088548595829,20.1340703163475,21.29255365448,20.5881571325119,20.0801070506833,19.1835658368362,21.0683332487217,22.4936141495757,28.5888512751684,29.9579587079587,29.1295690088003,..
Tonga,TON,"Unemployment, total (% of total labor force) (national estimate)",SL.UEM.TOTL.NE.ZS,..,..,..,..,..,..,..,..,..,4.16,..,..,1.3,..,..,..,..,..,..,..,..,..,5.18,..,..,1.09,..,..,..,..,..,..,..,..,..,1.054,..,2.248,..,..,2.111,..,1.652,..
Tonga,TON,"Inflation, consumer prices (annual %)",FP.CPI.TOTL.ZG,..,..,..,..,..,..,..,..,..,..,..,..,..,..,..,..,..,..,..,..,..,..,..,..,..,6.14911606456572,5.8422487490138,10.4469875128223,1.42685972070534,3.53491239189834,6.27075302995686,1.14753853706056,0.77562932236748,2.510876332537,-1.05399831971284,2.57815515245078,7.51706283551121,5.03209691984879,1.17954334821804,-0.349737696727462,5.64051140636744,10.9713652903022,6.35112980255185,3.18364611260053
Tonga,TON,"Mortality rate, infant (per 1,000 live births)",SP.DYN.IMRT.IN,23.2,22.5,21.9,21.4,20.9,20.4,19.9,19.3,18.7,18,17.4,16.8,16.3,15.8,15.4,15.1,14.8,14.5,14.1,13.8,13.4,13.1,12.7,12.4,12,11.7,11.4,11.1,10.8,10.6,10.4,10.2,10,9.8,9.6,9.4,9.2,9,8.9,8.7,8.4,8.2,8,..
Trinidad and Tobago,TTO,GDP per capita growth (annual %),NY.GDP.PCAP.KD.ZG,3.3438016346711,2.64235227595077,-11.2747452258963,-6.75126185963548,-5.28077545303297,-4.54597091541925,-5.67815808738371,-4.91210732813988,-1.75092762977258,0.649239418538244,2.29848572718151,9.27027370604701,-1.35114548259963,2.93412495729879,3.2626377788537,6.66021028344292,7.1187287096166,7.76236764753639,7.65646569196778,6.49101487437005,3.71328614066861,7.41453370120124,13.868403750776,7.41478653453842,10.3839653520046,12.9071459292893,4.33268105297186,2.96516094023625,-4.50258208171535,2.72667409792857,-1.06803812728484,6.13665025183758,2.93116853540916,3.32647333839896,-0.883382741472261,-7.69261763956898,-5.0106870671174,-1.17201593132181,0.118832281215347,-9.08542545253354,-0.972348851724718,1.21196057868664,1.30065492329207,1.58946439316099
Trinidad and Tobago,TTO,General government final consumption expenditure (% of GDP),NE.CON.GOVT.ZS,..,..,..,..,..,..,..,..,..,..,..,..,..,..,..,..,..,..,..,..,..,..,..,..,..,..,..,..,..,..,..,..,..,..,..,..,..,..,..,..,..,..,..,..
Trinidad and Tobago,TTO,"Unemployment, total (% of total labor force) (national estimate)",SL.UEM.TOTL.NE.ZS,6.31,6.22,6.61,8.17,9.31,9.37,22.11,21.88,21.95,19.87,18.52,19.66,19.81,18.44,17.22,16.25,15.01,14.21,13.12,12.1,10.88,10.39,10.48,8.33,7.95,6.27,5.54,4.63,5.28,4.033,3.425,3.718,2.683,2.477,2.428,3.207,..,..,3.523,4.206,4.446,4.383,3.361,..
Trinidad and Tobago,TTO,"Inflation, consumer prices (annual %)",FP.CPI.TOTL.ZG,..,..,..,..,..,..,..,..,..,..,..,..,..,..,..,..,..,..,..,..,5.536653263223,4.15005861664719,3.8111062439687,3.72154938995965,6.87453459583515,8.32960351465347,7.89438834757301,12.0303445477177,6.97808725251547,10.5492003179988,5.10713289264558,9.26028137068291,5.19981740465612,5.68441814595663,4.66121598098264,3.07066742464025,1.88038440183529,1.01856930188824,1.00054293027233,0.598986330824666,2.05922746915457,5.82838638517964,4.62930242419965,0.526884625776817
Trinidad and Tobago,TTO,"Mortality rate, infant (per 1,000 live births)",SP.DYN.IMRT.IN,35.8,34.9,34,33.2,32.5,31.8,31.1,30.6,30,29.6,29.1,28.8,28.4,28.1,27.8,27.4,27.1,26.8,26.5,26.1,25.8,25.4,25,24.7,24.3,23.9,23.5,23,22.6,22.3,21.9,21.5,21.2,20.8,20.4,20.1,19.7,19.3,19,18.6,18.1,17.6,17.2,..
Tunisia,TUN,GDP per capita growth (annual %),NY.GDP.PCAP.KD.ZG,3.13957512777445,-2.65936763686149,2.52770011744421,3.31393972186763,2.94161034300467,-3.91587698845028,4.10319522235456,-2.24256270348137,-0.465310452566683,5.70836371358358,1.73746449049477,5.56226775420092,0.166338940851446,1.34172547583501,0.756163865617296,5.61085297467285,4.02139832385444,3.46159826406904,4.79928371775667,3.54145974209786,2.6947331733366,0.287760873614303,3.66160593216975,5.24794746880204,2.58534081098441,4.31907482857264,5.73567938504127,3.23983058347032,1.99812423215356,1.86835635362381,-3.1268978636142,3.04657312459409,1.2189966874892,1.87486431059185,-0.165531727684183,0.00869012949196701,1.16878373803284,1.62170075881045,0.650532998075121,-9.76402965912095,4.08814174869963,2.07425595327958,-0.625809734119017,0.717656172723125
Tunisia,TUN,General government final consumption expenditure (% of GDP),NE.CON.GOVT.ZS,14.7933685728015,16.5223545083673,16.919249836806,16.8704385253571,17.041163814599,17.7755432657393,16.9477181934713,16.5831466642034,17.2629537325728,16.356777647309,16.571062782655,16.0012549431627,16.2579274364046,16.3287761322389,16.2891894110886,15.55099835836,16.3375959971059,16.4285570436008,16.2747374686763,16.6711966677312,16.5716427689439,17.2267272926215,17.2011579387785,16.9223837171878,16.9193475197631,16.7089924425542,16.6410973738832,16.1325922870397,16.6311616777897,15.153644726139,16.431096340513,16.656985085655,17.302761665394,17.3282152950605,17.9055746963883,18.7192573165881,19.1243144155316,18.388200255785,18.8168916957322,21.635603056348,20.806631363051,20.3379138799882,19.4468213301164,18.5583569456226
Tunisia,TUN,"Unemployment, total (% of total labor force) (national estimate)",SL.UEM.TOTL.NE.ZS,..,..,..,..,..,..,..,..,16.13,..,..,..,..,..,..,..,15.94,..,15.21,14.94,14.4,14.55,14.51,14.23,12.872,12.51,12.365,12.444,13.29,13.049,18.334,17.63,15.934,14.259,15.159,15.557,15.33,15.459,17.153,..,..,15.3,15.106,..
Tunisia,TUN,"Inflation, consumer prices (annual %)",FP.CPI.TOTL.ZG,..,..,..,..,..,..,..,..,..,..,..,..,..,..,..,..,..,..,..,..,..,..,..,..,..,3.22525337438916,2.96694432477349,4.34502807623046,3.66490330642919,3.33897963601068,3.24002842009531,4.6118443220664,5.31623531326692,4.62555099534026,4.437371273215,3.62939937384382,5.30884839565845,7.30759176031653,6.72007532863797,5.63415115897626,5.70635020830701,8.30646124447624,9.32899597507864,7.20661657168791
Tunisia,TUN,"Mortality rate, infant (per 1,000 live births)",SP.DYN.IMRT.IN,57.1,53.9,51,48.3,45.9,43.7,41.7,40,38.6,37.3,36.1,35,33.8,32.5,31.1,29.7,28.2,26.7,25.3,23.9,22.7,21.5,20.5,19.6,18.9,18.2,17.7,17.2,16.9,16.7,16.5,16.3,16.2,16.1,16,15.8,15.5,15.1,14.4,13.5,12.5,11.5,10.6,..
Turkiye,TUR,GDP per capita growth (annual %),NY.GDP.PCAP.KD.ZG,2.79131786896886,1.37276997412444,2.53286113263376,4.28679512122794,1.95228450972107,4.75790899777844,7.27713021223575,0.297547033553286,-1.65638739150337,7.23962032231533,-1.03629423936709,3.26017406696467,5.81013070866135,-6.31116935299954,6.1269795447481,5.77353849273798,6.03410912734152,0.987948284584505,-4.54747298636174,5.57007462431342,-6.91547315892859,5.17180767081263,4.54245413022308,8.57798751503505,7.83376891389118,5.85508876576858,4.87467469551008,-0.452853692268519,-6.12785740051382,6.79208232586733,9.57986395820123,3.46121242479198,7.10131954327058,3.53349204037028,4.6785959933809,1.94225845985372,6.11695888825578,1.62817585290497,-0.612629741080809,0.876219397794188,10.4294060712136,4.49945877235265,4.6848743835486,2.95152365231897
Turkiye,TUR,General government final consumption expenditure (% of GDP),NE.CON.GOVT.ZS,9.84052651563093,9.94357713348964,9.38816896546765,8.33564424401398,7.51549343932983,7.58800531722244,7.82287388302492,7.61264311334151,9.3433642481059,10.9610181850007,12.4192510945191,12.9250170116557,12.8938665968066,11.657367586238,10.7858027048939,11.5707727390228,12.259391798341,10.6132231317288,12.668562154505,11.9286571832367,12.6459211374445,12.8356659945561,12.5904188496292,12.3152005185156,12.1859748260976,12.9075276945864,13.3896904738982,13.59629253992,15.6578594189573,14.8745579054521,13.6003551694441,14.1261228924037,14.0183847134034,14.0199797535656,13.805172456767,14.7332129738232,14.3802554180994,14.508891929547,15.2709486844521,14.9935118819125,12.945413768371,11.65321282642,13.0978551188581,14.74405343167
Turkiye,TUR,"Unemployment, total (% of total labor force) (national estimate)",SL.UEM.TOTL.NE.ZS,..,10.93,12.06,11.92,11.21,..,..,8.04,8.26,8.355,8.113,8.184,8.255,8.149,7.241,6.265,6.452,6.552,7.445,6.488,8.373,10.345,10.546,10.831,10.634,10.233,10.281,10.97,14.024,11.881,9.784,9.21,9.717,9.912,10.302,10.905,10.916,10.958,13.731,13.155,11.979,10.432,9.354,8.711
Turkiye,TUR,"Inflation, consumer prices (annual %)",FP.CPI.TOTL.ZG,37.6147825797716,29.1375145022677,31.3902710198445,48.3923231346863,44.9617301528779,34.6100759738745,38.8558434758408,68.8096433837049,63.2725524930958,60.3038691346446,65.978567991895,70.0761038690373,66.0938429820005,105.214986469202,89.1133172248499,80.4121511388042,85.669361649978,84.6413434846315,64.8674876350757,54.9153705812683,54.4001887619076,44.9641209479849,21.6024384490573,8.59826168115273,8.17916036802001,9.59724212288433,8.75618090972639,10.4441283764885,6.25097663090626,8.56644420552977,6.47187967115095,8.89156996512165,7.49309030547697,8.8545727136432,7.67085364845881,7.77513415328327,11.1443110840765,16.3324638988928,15.1768215720023,12.2789574462574,19.5964926913324,72.3088359891207,53.8594087593315,58.5064507300342
Turkiye,TUR,"Mortality rate, infant (per 1,000 live births)",SP.DYN.IMRT.IN,98,93.4,88.8,84.4,80.1,75.9,71.9,68.1,64.4,60.8,57.3,53.8,50.5,47.3,44.2,41.2,38.4,35.8,33.2,30.8,28.6,26.5,24.6,22.8,21.1,19.5,18.1,16.9,15.7,14.7,13.8,12.9,12.2,11.5,11,10.4,9.9,9.5,9.1,8.7,8.4,8,9.1,..
Turkmenistan,TKM,GDP per capita growth (annual %),NY.GDP.PCAP.KD.ZG,..,..,..,..,..,..,..,7.69755768557008,-6.95047420490647,31.8527372518528,-6.9637748965612,-16.8801033284759,-0.70795577280451,-18.9924697404977,-8.85049827300539,4.88281215588242,-12.8895821438518,5.30847915925526,14.3821501150928,3.38607015598539,2.27429126448536,-1.71993686168285,1.26454237644147,3.00488650007382,10.9273057666726,8.92835366680281,9.00626645930463,12.5329864814578,4.02604918231428,6.98701634742274,12.2971678479084,8.70665885774136,7.77319736128649,7.83190052629024,4.09291832714018,3.79096200658724,4.09374782222559,3.83102484770528,3.98119112698603,3.67579761156229,4.07165530742274,4.17079684424029,4.36243135913014,0.489419163225776
Turkmenistan,TKM,General government final consumption expenditure (% of GDP),NE.CON.GOVT.ZS,..,..,..,..,..,..,20,22.2222222222222,21.4285714285714,23.3333333333333,22.0338983050847,..,10.7784431137725,8.48623853211009,11.9325153374233,7.77677419354839,17.8667866786679,19.0782422293676,15.4574918972825,18.5142638330461,14.6720288448204,12.919982316534,14.0055550879556,13.9189921430507,14.6464363697441,11.708391388377,9.84814814814815,7.03052354962604,7.44128725417021,7.1284298188372,6.63145892096261,5.94104851423896,6.06285750091753,6.58395408081004,9.57948586979944,8.99220336037538,15.1866779165599,11.9695960863196,12.3076777311057,12.174441735313,11.8853198953298,11.4144727279774,12.7079042982832,..
Turkmenistan,TKM,"Unemployment, total (% of total labor force) (national estimate)",SL.UEM.TOTL.NE.ZS,..,..,..,..,..,..,..,..,..,..,..,..,..,..,..,..,..,..,..,..,..,..,..,..,..,..,..,..,4,4,..,..,..,..,..,..,..,..,..,..,..,..,..,..
Turkmenistan,TKM,"Inflation, consumer prices (annual %)",FP.CPI.TOTL.ZG,..,..,..,..,..,..,..,..,..,..,..,..,..,..,..,..,..,..,..,..,..,..,..,..,..,..,..,..,..,..,..,..,..,..,..,..,..,..,..,..,..,..,..,..
Turkmenistan,TKM,"Mortality rate, infant (per 1,000 live births)",SP.DYN.IMRT.IN,102,97.5,93,88.5,84.1,80,76.4,73.2,70.6,68.7,67.8,67.5,67.6,67.8,67.7,67.1,65.9,64,61.3,58.3,55,51.7,48.6,45.7,43,40.7,38.7,37.2,35.9,34.9,34.3,33.9,33.7,33.6,33.8,34,34.2,34.1,33.8,33.2,32.6,32,31.2,..
Turks and Caicos Islands,TCA,GDP per capita growth (annual %),NY.GDP.PCAP.KD.ZG,..,..,..,..,..,..,..,..,..,..,..,..,..,..,..,..,..,..,..,..,..,..,..,..,..,..,..,3.70447487476251,-22.8174275175901,-2.92353368570767,0.865882697036824,-6.54753243910046,-3.51219274120511,4.37835200669825,6.58611583730091,2.46456149346457,-6.39422942594976,83.5667997922546,1.07340727929571,-35.6362101547339,27.1739181653097,12.5841107323701,12.8670493869653,4.87181797375062
Turks and Caicos Islands,TCA,General government final consumption expenditure (% of GDP),NE.CON.GOVT.ZS,..,..,..,..,..,..,..,..,..,..,..,..,..,..,..,..,..,..,..,..,..,..,..,..,..,..,..,..,..,..,..,..,..,..,..,..,..,..,..,..,..,..,..,..
Turks and Caicos Islands,TCA,"Unemployment, total (% of total labor force) (national estimate)",SL.UEM.TOTL.NE.ZS,..,..,..,..,..,..,..,..,..,..,..,..,..,..,..,..,..,..,..,..,9.71,6.18,7.77,9.86,8.04,7.45,5.43,8.3,..,..,..,..,..,..,..,..,..,..,..,..,..,..,..,..
Turks and Caicos Islands,TCA,"Inflation, consumer prices (annual %)",FP.CPI.TOTL.ZG,..,..,..,..,..,..,..,..,..,..,..,..,..,..,..,..,..,..,..,..,..,..,..,..,..,..,..,..,..,..,..,..,..,..,..,..,..,..,..,..,..,..,..,..
Turks and Caicos Islands,TCA,"Mortality rate, infant (per 1,000 live births)",SP.DYN.IMRT.IN,26.4,24.6,23,21.4,20,18.8,17.6,16.4,15.4,14.4,13.5,12.6,11.9,11.2,10.5,9.9,9.3,8.8,8.4,7.9,7.5,7.2,6.9,6.6,6.3,6.1,5.9,5.7,5.6,5.5,5.3,5.2,5.1,5,4.9,4.8,4.7,4.6,4.5,4.3,4.2,4.1,4,..
Tuvalu,TUV,GDP per capita growth (annual %),NY.GDP.PCAP.KD.ZG,0.419055248472205,-17.5214622390396,7.22476189497949,5.92428866109852,-3.59196621923928,20.0344326396496,10.1917270696452,17.248050833529,-3.57785273608859,13.5925110252331,2.10053706362609,1.53776356935819,3.10690611589052,9.31314182840417,-5.75172304445364,-6.58547612978641,9.3245589994677,14.8778924542227,-2.03034363495608,-1.46854206811803,-0.43813895263925,9.10269542712648,-5.05818777047784,-3.47739312439801,-5.84062514622619,1.25734908900401,5.81698796194968,5.23011336110841,-7.50466016633209,-3.63168142704605,5.17330072524878,-3.50614324243331,3.71231073854945,0.154770575382372,10.6281735534677,5.97938856186022,3.02336313631166,2.5000826037985,15.650825095542,-2.59958228889671,3.8514037023984,2.71261925845695,5.71488075368194,..
Tuvalu,TUV,General government final consumption expenditure (% of GDP),NE.CON.GOVT.ZS,..,..,..,..,..,..,..,..,..,..,..,..,..,..,..,..,..,..,..,..,..,..,..,..,..,..,..,..,..,..,..,..,..,..,..,..,..,..,..,..,..,..,..,..
Tuvalu,TUV,"Unemployment, total (% of total labor force) (national estimate)",SL.UEM.TOTL.NE.ZS,..,..,..,..,..,..,..,..,..,..,..,..,..,..,..,..,..,..,..,..,..,6.53,..,..,..,..,..,..,..,5.525,..,..,..,..,..,8.489,26.553,..,..,..,..,7.318,..,..
Tuvalu,TUV,"Inflation, consumer prices (annual %)",FP.CPI.TOTL.ZG,..,..,..,..,..,..,..,..,..,..,..,..,..,..,..,..,..,..,..,..,..,..,..,..,..,..,..,..,..,..,0.5005807431527,..,..,..,..,..,..,..,..,..,..,..,..,..
Tuvalu,TUV,"Mortality rate, infant (per 1,000 live births)",SP.DYN.IMRT.IN,51.1,49.6,48.3,47.3,46.5,46,45.6,45.3,44.9,44.6,44.1,43.6,42.9,42.2,41.3,40.3,39.1,38,36.9,35.8,35,34.3,33.6,32.9,32.1,31.2,30.1,29,27.8,26.7,25.7,24.7,23.9,23.1,22.3,21.5,20.8,20.1,19.5,18.8,18.2,17.7,17.1,..
Uganda,UGA,GDP per capita growth (annual %),NY.GDP.PCAP.KD.ZG,..,..,3.15519965111979,-2.97662323233796,-5.98381522998432,-2.49096889727608,0.79113763901934,4.8731416529707,2.98416591168392,3.08537625148307,2.14720744383359,-0.0452355171633343,4.64880550066493,2.89205348201035,8.51809025515809,6.16502322616066,2.09696413485794,1.83132276374145,4.60903573362658,-0.0506112736721605,2.01473762716464,5.38039055287112,3.163140555198,3.65117760961586,3.25713954596638,7.58857752601207,5.27037575377261,5.5545038560267,3.70592159085399,2.57308463341826,6.23090993981926,0.865151267915266,0.656669463732158,2.04948459267207,2.00429943099081,1.35743312909598,-0.406390812740796,2.75300382511665,2.88958690241905,-0.423922683361482,0.258075577364949,1.48927085105888,2.42759459782118,3.2536138775481
Uganda,UGA,General government final consumption expenditure (% of GDP),NE.CON.GOVT.ZS,..,11.1825487944891,10.2068144621336,10.9762640851479,14.4936962294568,9.0128708186658,7.96091421514991,8.10527279897891,6.97163787843911,7.51104672588783,8.83945838221769,9.6576129689328,11.1505633546646,11.7451883634413,11.1782937764185,11.7569346018981,13.2907714282484,12.8669462699382,12.8642588762285,14.5043243985272,15.5818448612763,16.7924696957705,15.7450533454078,13.8873022739532,14.4927633926747,14.1023117957031,12.8930348105775,11.2108868131021,6.58533254689826,8.27345406223707,15.3978037954044,7.59446464218355,7.09808347224892,7.42890180380585,8.95453398978222,7.3519468435187,8.00943502980076,8.63607272997988,8.77456131212774,9.51141446504173,9.93159612659213,9.78726680444974,9.56616058785446,9.97765637216406
Uganda,UGA,"Unemployment, total (% of total labor force) (national estimate)",SL.UEM.TOTL.NE.ZS,..,..,..,..,..,..,..,..,..,..,..,..,..,..,..,..,..,..,..,..,..,3.5,3.6,..,1.9,..,..,..,3.6,1.401,0.881,3.551,1.91,1.566,..,..,3.428,..,2.563,..,3.416,..,..,..
Uganda,UGA,"Inflation, consumer prices (annual %)",FP.CPI.TOTL.ZG,..,..,..,..,..,..,..,..,..,..,..,..,..,..,..,..,..,..,..,..,..,..,..,..,..,..,..,..,..,..,16.5643496174515,12.6790377224659,4.90520875694553,3.07570668958643,5.58968606251723,5.70637504616216,5.20971705914208,2.61601190952271,2.86758803446903,3.31332289544504,2.20457204757409,7.19578885975811,5.35094804280395,3.32338067086562
Uganda,UGA,"Mortality rate, infant (per 1,000 live births)",SP.DYN.IMRT.IN,126.6,124.7,121.7,118.7,115.9,113.5,111.6,110.1,109,107.2,105.1,103,101.1,99.7,98.8,98.1,97.1,95.5,93,89.8,85.9,81.4,76.6,71.7,67,62.7,58.7,55.1,52.4,49.5,46.7,44.1,42.2,40.3,38.4,36.4,34.6,32.9,31.7,30.6,29.5,28.7,27.6,..
Ukraine,UKR,GDP per capita growth (annual %),NY.GDP.PCAP.KD.ZG,..,..,..,..,..,..,..,2.15178868370032,3.48703210893358,-6.59041563631982,-8.90451869290497,-10.1629691607265,-14.2433546055169,-22.4941466864469,-11.5024738356575,-9.22795603769922,-2.16111095277036,-1.10718093619529,0.605336123329252,6.79706549402465,9.79657550011422,6.26926483071821,10.337484498259,12.5773931558428,3.92453428899148,8.26961304502665,8.71227296398449,2.77550904646171,-14.7807201233911,4.46782513515676,5.78262206521443,0.364275557578679,0.226082936004985,-5.08846879597155,-9.27686663817931,2.94151228987063,2.86027869650954,4.09937975447431,3.87284698333255,-3.08458576352871,4.41050883289091,-22.7456813021158,15.4480219876898,2.53118166051888
Ukraine,UKR,General government final consumption expenditure (% of GDP),NE.CON.GOVT.ZS,..,..,..,..,..,..,..,..,17.3414173023013,16.5269461077844,17.4247491638796,17.5581164315518,15.9833550275505,19.3616050920069,21.2696475667331,21.7593449379899,27.3989189739196,24.6079158422115,19.8295030741632,17.8966433502907,18.9037528116491,17.6870050995567,18.2398009770871,16.8907882666189,17.5271415295468,17.6479333401768,17.0338141354216,16.9735340157991,19.4404260845876,19.6666919510791,17.6915870255815,18.9399463777572,18.8979527234302,18.6657760497569,18.9241475169772,18.602043207607,20.6834635537649,20.7717491381349,18.7805334308224,19.2950967142315,17.7421719075322,39.8363540094756,41.8556928744753,37.922304675009
Ukraine,UKR,"Unemployment, total (% of total labor force) (national estimate)",SL.UEM.TOTL.NE.ZS,..,..,..,..,..,..,..,..,..,..,..,..,..,..,5.62,7.65,8.93,11.32,11.864,11.707,11.061,10.136,9.057,8.59,7.18,6.81,6.351,6.363,8.84,8.1,7.851,7.529,7.17,9.27,9.14,9.35,9.5,8.799,8.194,9.475,9.834,..,..,..
Ukraine,UKR,"Inflation, consumer prices (annual %)",FP.CPI.TOTL.ZG,..,..,..,..,..,..,..,..,..,..,..,..,..,..,..,..,..,..,..,..,..,..,..,..,..,9.05252491133249,12.8387796190181,25.226461707384,15.8811924594476,9.37293105078978,7.95572466274651,0.568727971803845,-0.2389486260454,12.0718562874252,48.6998646434424,13.9127101997796,14.4383227488749,10.9518559353178,7.88671745611135,2.73249209419427,9.36313917695222,20.1836366617478,12.8490222828559,6.50198464669252
Ukraine,UKR,"Mortality rate, infant (per 1,000 live births)",SP.DYN.IMRT.IN,23.7,23.1,22.3,21.5,20.8,20,19.4,18.9,18.5,18.3,18.3,18.5,18.8,19.1,19.4,19.4,19.3,18.9,18.3,17.6,16.8,16,15.3,14.6,14,13.5,13,12.5,11.9,11.4,10.8,10.3,9.9,9.5,9.2,8.9,8.7,8.5,8.3,8.1,8,8,7.8,..
United Arab Emirates,ARE,GDP per capita growth (annual %),NY.GDP.PCAP.KD.ZG,-3.34878165961435,-12.0388671719968,-10.061387988948,-1.61328212311689,-8.62600846774586,-20.143466914837,-3.63567371623506,-8.84606129859837,5.55544428199839,11.5726645148372,-4.58878497796957,-1.93799997086099,-3.63136091579916,2.02491526781952,2.02215215126265,-0.836570707044842,-0.251832471408321,-7.06429544482179,-4.20539217851935,3.63193280286309,-4.86457732769436,-3.6045063779694,2.68556331171166,3.7155106928226,-0.445687772577458,2.2874430309539,-8.10764986229206,-7.9093516619044,-10.9561860264528,-0.804617484632033,2.7072485035069,-2.12798722685963,0.937160700846491,-0.570027636341791,1.18960692010258,0.483038734943889,-2.41185607088708,-0.0245088229496133,0.0477460176562943,-4.50466762459189,2.45717457268877,2.17608343758344,-0.42151086272419,0.0103741735602938
United Arab Emirates,ARE,General government final consumption expenditure (% of GDP),NE.CON.GOVT.ZS,..,..,..,..,..,..,..,..,..,..,..,..,..,..,..,..,..,..,..,..,9.91402351533425,10.146486288123,9.75023354253255,8.74669751420651,7.87259315554192,6.91782205479066,6.73299787689361,7.2968356174588,10.2341429132446,9.6834896681256,9.67287337600639,9.47695082659592,10.7069213443986,10.6423158320926,12.0210761018591,12.1122932563166,13.0457765453002,12.5099814482741,13.087529585058,15.1795645383213,14.6108935200217,12.6475207729689,12.4192015319664,..
United Arab Emirates,ARE,"Unemployment, total (% of total labor force) (national estimate)",SL.UEM.TOTL.NE.ZS,..,..,..,..,1.15,..,..,..,..,..,..,..,..,..,1.8,..,..,..,..,2.25,..,..,..,..,3.12,..,..,..,..,..,..,..,..,..,..,1.64,2.462,2.236,2.331,4.294,3.105,2.872,2.151,1.88
United Arab Emirates,ARE,"Inflation, consumer prices (annual %)",FP.CPI.TOTL.ZG,..,..,..,..,..,..,..,..,..,..,..,..,..,..,..,..,..,..,..,..,..,..,..,..,..,..,..,..,1.5618131744907,0.877983288285865,0.877346595685107,0.662268900269053,1.10111836375708,2.34626865671642,4.06996608361595,1.61748808904197,1.96682557818841,3.06863379251993,-1.93108114782171,-2.0794031794094,0.17993533617437,5.29122604376852,1.62670837213252,1.66336510224892
United Arab Emirates,ARE,"Mortality rate, infant (per 1,000 live births)",SP.DYN.IMRT.IN,23.6,21.4,19.5,17.9,16.5,15.3,14.2,13.3,12.5,11.8,11.2,10.7,10.2,9.8,9.5,9.2,9,8.8,8.6,8.5,8.3,8.2,8,7.9,7.7,7.6,7.5,7.3,7.2,7,6.8,6.7,6.5,6.3,6.1,5.8,5.6,5.3,5,4.7,4.4,4.2,4,..
United Kingdom,GBR,GDP per capita growth (annual %),NY.GDP.PCAP.KD.ZG,-0.822285283020037,2.03145559811702,4.18632130401275,2.10738020537953,3.91131918640228,2.91171032119884,5.16887218599405,5.49788056226355,2.3109288263464,0.433081124350878,-1.40848580773644,0.129933053750108,2.24441054347209,3.58196752336757,2.26078359046697,2.32112531435047,4.65475908470627,3.10177519830457,2.71529291800066,3.96948584831974,2.1786590068052,1.36563283922642,2.6731433331564,1.87663236831716,2.02970275919225,1.63090512948116,1.82887791128532,-1.0307904601615,-5.33927352919615,1.43505257035225,0.351039954761518,0.788536354838072,1.12060990188769,2.42650639164816,1.48787871622346,1.11543382483343,2.09782790191247,0.911082995353411,1.10286255995673,-10.4487894118636,8.18692919398063,3.87760016588989,-0.904567615373168,0.0287022723394443
United Kingdom,GBR,General government final consumption expenditure (% of GDP),NE.CON.GOVT.ZS,21.7147919802293,21.5846377716119,21.3590722629342,21.0614176269506,20.2757729160055,20.2482928802786,19.5419576063952,18.7633168579028,18.3407039921484,18.5427637723272,19.3976855267097,19.8755904012378,19.1850113178115,18.8330325176195,17.0415979432878,16.601226602842,16.0427100759908,16.0397435756199,16.4530389705995,16.6408964053665,17.2634986279976,18.1387381141628,18.8381622049472,19.4000319059576,19.5974402841396,19.7937824974627,19.6826827273981,20.3799573293173,21.9893181956118,21.529660508544,20.8962522329618,20.7376372383973,20.1291035337587,19.8662130861835,19.5485300693835,19.21828438301,18.6593209449109,18.5412934232339,19.0961094864142,22.6109420267119,22.259385665529,20.8275082448421,20.5473252470783,..
United Kingdom,GBR,"Unemployment, total (% of total labor force) (national estimate)",SL.UEM.TOTL.NE.ZS,10.4,10.9,11.088,10.901,11.48,11.508,11.017,9.004,7.405,6.969,8.55,9.772,10.346,9.648,8.694,8.189,7.072,6.198,6.042,5.558,4.696,5.037,4.807,4.594,4.884,5.472,5.399,5.748,7.683,7.973,8.195,8.279,7.752,6.398,5.552,4.909,4.501,4.145,3.657,4.518,4.864,3.768,4.025,4.361
United Kingdom,GBR,"Inflation, consumer prices (annual %)",FP.CPI.TOTL.ZG,11.8766265142296,8.59886383332187,4.60930327269778,4.96071097821928,6.07139434015119,3.42760940369314,4.14892232052945,4.15535171583102,5.76024909185262,8.06346090938832,7.46178295746934,4.5915492957746,2.55857796929706,2.21901260504204,2.69749518304432,2.85178236397749,2.20114313510882,1.82056163731556,1.7529508005142,1.18295624210409,1.53234960272418,1.52040245947455,1.37650038542013,1.39039756680422,2.0891364902507,2.45566166439291,2.38656150773327,3.52140856342538,1.9617317356011,2.49265472467066,3.85611244682819,2.57323479654526,2.29166666666667,1.45112016293279,0.36804684232537,1.00841736811403,2.55775577557753,2.29283990345937,1.73810460086515,0.989486703772449,2.5183710961421,7.92204883147907,6.79396706793964,3.27157294635921
United Kingdom,GBR,"Mortality rate, infant (per 1,000 live births)",SP.DYN.IMRT.IN,11.4,10.8,10.3,10,9.7,9.4,9.1,8.8,8.3,7.9,7.3,6.9,6.5,6.3,6.1,5.9,5.8,5.7,5.6,5.5,5.5,5.4,5.3,5.2,5.1,5,4.9,4.8,4.6,4.4,4.3,4.1,4,3.9,3.9,3.8,3.8,3.8,3.8,3.9,3.9,3.9,4,..
United States,USA,GDP per capita growth (annual %),NY.GDP.PCAP.KD.ZG,1.53630241576847,-2.73469490331989,3.63185803428603,6.31198922445589,3.25057626131206,2.51089496141164,2.5340423456659,3.23533792626863,2.69776021497033,0.741486719242275,-1.4342475779677,2.0966686353638,1.40572318621679,2.76110896653185,1.4689291688057,2.57246399962683,3.19716561006661,3.27222983857737,3.59198037415081,2.92586254690673,-0.0387319301160716,0.761236857470422,1.91588247707845,2.89111091450374,2.53411070471215,1.79819874621896,1.03834382253567,-0.828888121169271,-3.42683194053784,1.82992369865936,0.762796403185064,1.47570596859667,1.34816252728235,1.71094543865911,2.12741138238411,1.02266588951608,1.75014095244312,2.36444249959189,2.05676589936279,-2.56180738365786,5.8883410395074,1.92386172915427,2.03559987696194,1.79735044324696
United States,USA,General government final consumption expenditure (% of GDP),NE.CON.GOVT.ZS,15.8102749543894,16.5838813394027,16.3837857501765,15.7204021286835,15.9170855632166,16.1145952588757,16.0011863532305,15.6681889482889,15.6237968795976,15.9007731491978,16.3175860720034,16.0786874646011,15.6452689260237,15.2060534337024,14.9447710913016,14.5283200229106,14.2293395598185,13.9869093682461,14.0318125353799,14.0239462637226,14.535639012509,15.059033180018,15.243622588149,15.1583063740649,15.0471459247069,15.0044627143132,15.1892936880641,15.9340757550748,16.8076926291334,16.6858385201221,16.0984239985661,15.4758499000552,14.9919526360397,14.5516578754664,14.2333167295426,14.1100041249858,13.8471337748498,13.8442126445718,13.9835585749329,14.8957448696632,14.2530325041781,13.7137950311865,13.4338338893136,13.4202664460959
United States,USA,"Unemployment, total (% of total labor force) (national estimate)",SL.UEM.TOTL.NE.ZS,7.6,9.7,9.6,7.5,7.2,7,6.2,5.5,5.3,5.6,6.8,7.5,6.9,6.119,5.65,5.451,5,4.511,4.219,3.992,4.731,5.783,5.989,5.529,5.084,4.623,4.622,5.784,9.254,9.633,8.949,8.069,7.375,6.168,5.28,4.869,4.355,3.896,3.669,8.055,5.349,3.65,3.638,4.022
United States,USA,"Inflation, consumer prices (annual %)",FP.CPI.TOTL.ZG,10.3347153402771,6.13142700027493,3.21243523316065,4.30053547523429,3.54564415209365,1.89804772234276,3.6645632175169,4.07774110744413,4.82700303008944,5.39795643990325,4.23496396453849,3.02881967814969,2.95165696638559,2.60744159215453,2.80541968853662,2.93120419993441,2.33768993730735,1.55227909874364,2.18802719697358,3.37685727149929,2.82617111885407,1.58603162650601,2.27009497336115,2.67723669309172,3.3927468454955,3.22594410070404,2.85267248150138,3.839100296651,-0.355546266299747,1.6400434423899,3.156841568622,2.06933726526067,1.46483265562717,1.62222297740817,0.118627135552451,1.26158320570536,2.13011000365961,2.44258329692817,1.81221007526021,1.23358439630629,4.69785886363742,8.00279982052121,4.11633838374488,2.94952520485207
United States,USA,"Mortality rate, infant (per 1,000 live births)",SP.DYN.IMRT.IN,12.1,11.6,11.2,10.9,10.6,10.4,10.1,9.9,9.7,9.4,9.1,8.8,8.5,8.2,7.9,7.7,7.5,7.3,7.2,7.1,7,7,6.9,6.8,6.8,6.7,6.6,6.5,6.4,6.2,6.1,6,5.9,5.8,5.8,5.7,5.6,5.6,5.5,5.5,5.5,5.5,5.5,..
Uruguay,URY,GDP per capita growth (annual %),NY.GDP.PCAP.KD.ZG,1.17251396509195,-10.1292739402363,-10.6732559626791,-1.59402132372715,0.977235886818193,8.24266244664604,7.38938186968173,0.883389730478427,0.504600329177435,-0.288978937190848,2.94354443405069,7.33522697716671,2.11624610972325,6.72380888757364,-1.96071762661492,5.02200077420791,7.97449289236334,4.00473000143258,-1.96688389558119,-2.29597374962009,-4.08038978630051,-7.86190240623733,0.734039111911073,4.94141016509036,7.37434772026329,3.98038082694534,6.35892754413862,6.94817225721984,3.99426146565813,7.52764617823019,4.90150561357953,3.27196082931438,4.32675421961548,2.9005302021196,0.0225745559950212,1.35078037686081,1.46549073530204,-0.0151011267874139,0.848968097010115,-7.40535234478858,5.91510198505092,4.66439124923403,0.826336249281525,3.15371074530447
Uruguay,URY,General government final consumption expenditure (% of GDP),NE.CON.GOVT.ZS,14.443093385214,15.7043238775464,14.5306308617692,13.5933396287662,14.4470535147241,14.3282770826853,13.2243616132581,12.1772281635843,12.3424030601529,12.0973181409105,11.9618423259359,11.5840772004318,12.1754488074226,11.8714549164165,11.8392008061517,12.81098519885,11.0416263605056,10.8980410118412,12.1913473805262,12.3560487504224,12.4920421206891,12.3477943480481,11.9890885893952,11.0050185738234,10.9354580037111,11.2852638649094,11.4801831825683,12.2130864916131,12.9437940671953,12.64589594908,12.7604586461063,13.273834491652,13.5224297817283,13.6963930072559,13.8358099973704,..,..,..,..,..,..,..,..,..
Uruguay,URY,"Unemployment, total (% of total labor force) (national estimate)",SL.UEM.TOTL.NE.ZS,6.6,11.7,..,9.94,..,10.7,9.1,..,..,8.53,8.95,8.96,8.35,9.04,10.02,11.93,11.44,9.362,10.466,12.627,15.052,16.648,16.661,12.98,12.009,10.844,9.403,8.025,7.74,7.158,6.307,6.451,6.444,6.547,7.488,7.841,7.89,8.336,8.836,10.413,9.328,7.877,8.355,8.209
Uruguay,URY,"Inflation, consumer prices (annual %)",FP.CPI.TOTL.ZG,..,..,..,..,..,..,..,..,..,..,..,..,..,..,..,..,..,..,..,..,..,..,..,..,..,6.39764974385131,8.11464561179312,7.87707374730889,7.06221874388573,6.69870886978133,8.09283206302989,8.097765805736,8.57513504005399,8.87735333229825,8.66626987079334,9.63941347635079,6.21809382561856,7.60653360377048,7.88198870879619,9.75640636078194,7.74791402314763,9.10437983075439,5.86910359896118,4.84914366613156
Uruguay,URY,"Mortality rate, infant (per 1,000 live births)",SP.DYN.IMRT.IN,32.1,29.5,27.6,26.2,25.2,24.2,23.1,22.1,21.3,20.8,20.4,20.1,19.7,19.2,18.5,17.7,16.8,16,15.3,14.7,14.3,14,13.6,13.1,12.4,11.6,10.9,10.2,9.7,9.2,8.8,8.5,8.2,7.9,7.5,7.2,6.8,6.5,6.2,6,5.8,5.6,5.5,..
Uzbekistan,UZB,GDP per capita growth (annual %),NY.GDP.PCAP.KD.ZG,..,..,..,..,..,..,..,6.16310993886108,0.425647010976732,-0.821590189756222,-2.85571795412289,-13.3582215361321,-4.53440108888314,-7.20602185350127,-2.86447069203842,-0.191816644156489,3.39797706295913,2.6752358801326,2.84655466460448,2.53200282225691,2.90496458528349,2.70575973852742,2.97071220194471,6.1359228663663,5.62058695275762,6.07475146177367,7.948870305745,7.36856523907177,6.33169102436078,5.90590026943735,5.89233420258107,5.49671909783243,5.62825943062448,5.109537480447,5.38345590914129,4.11984456589953,2.64127716153368,3.7517684514097,4.86486140745366,-0.316556159759102,5.960906100364,3.89199511169356,4.16467615314973,4.42179800265912
Uzbekistan,UZB,General government final consumption expenditure (% of GDP),NE.CON.GOVT.ZS,..,..,..,..,..,..,..,..,..,..,..,43.2543003673236,37.2612849909138,30.0951329888899,32.0135619954998,30.8302192420434,20.4993704124566,20.5006079830075,20.6003777024043,18.6999938567392,18.5000101516659,18,17.4,16.2,15.9000025120263,15.2980605825353,15.6090812344803,15.9284882139503,15.4712044005541,12.5052768290409,11.968475506037,12.3643881888673,13.3203912370917,13.2451945912566,13.616882159228,14.1399705792795,11.2974060135322,12.101171076451,14.4693873139304,14.6422818278123,14.9259640726969,14.9774337437257,14.4844754028703,13.9466702778855
Uzbekistan,UZB,"Unemployment, total (% of total labor force) (national estimate)",SL.UEM.TOTL.NE.ZS,..,..,..,..,..,..,..,..,..,..,..,0.2,0.4,0.4,0.4,..,..,..,..,0.4,0.4,0.4,0.3,0.4,0.3,0.2,4.99,4.89,5.04,5.36,4.96,4.87,4.86,5.09,5.15,5.16,5.83,9.35,8.98,5.293,..,..,..,..
Uzbekistan,UZB,"Inflation, consumer prices (annual %)",FP.CPI.TOTL.ZG,..,..,..,..,..,..,..,..,..,..,..,..,..,..,..,..,..,..,..,..,..,..,..,..,..,..,..,..,..,..,13.7797446476602,13.2088026688373,11.8414333622049,9.28309356162694,8.75188196737505,8.13088669523601,13.8757425441635,17.5241796514055,14.5257359560686,12.8677297362607,10.8492397508122,11.4466436998836,9.95659071258019,9.62825465956682
Uzbekistan,UZB,"Mortality rate, infant (per 1,000 live births)",SP.DYN.IMRT.IN,88.3,83,78.2,73.8,70,66.8,64,62.1,60.9,60.4,60.5,60.8,60.9,60.9,60.7,60.3,59.6,58.5,57,55.1,52.9,50.3,47.6,44.7,41.7,38.8,35.8,33,30.4,27.9,25.6,23.5,21.7,20,18.6,17.4,16.4,15.5,14.8,14.2,13.7,13.1,12.7,..
Vanuatu,VUT,GDP per capita growth (annual %),NY.GDP.PCAP.KD.ZG,2.09265591464249,-0.367503627007494,0.548157847582459,6.89313733975376,-1.51419697864081,-2.66238260240461,-5.34800638009034,-4.1855517203644,-1.02551228646894,8.92712683802395,0.612997939991217,0.0703543901579025,-1.69982007313997,6.50928779878551,-1.30636375843737,0.0677771442323802,2.67502125431653,-0.915191995716683,-1.72128358303503,3.5178018108289,-5.79960877399309,-7.5371051751447,1.75159744658461,1.47757366141985,2.78261536346285,5.86726101068508,0.387169374214395,2.9853548158102,0.453966271093378,-1.08593808514806,0.92597879599046,-1.1852141346526,-1.74696050530071,0.305492659735435,1.67602106503972,1.19513802690024,2.00579895676259,0.464610871247203,0.86298251414631,-7.17743078607894,-3.80855711163811,2.77435704923444,-3.24062171975532,1.63020976636477
Vanuatu,VUT,General government final consumption expenditure (% of GDP),NE.CON.GOVT.ZS,20.4403072150505,21.1238208061002,31.3759108444063,28.5764106856386,32.2652170803233,34.9501661129568,33.5574412532637,32.0875665215288,28.4635183527305,27.6038241691537,24.8209917722926,25.0115989708549,25.8574007220217,25.0955741802676,24.7415304260723,26.9520547945205,19.4931342150225,20.1841719735701,21.5708380308155,20.7980556074891,20.5122732123799,15.470686400569,15.0631099544567,13.7906526480896,13.2451098544544,14.0770607475674,16.4921169042308,15.5054040058133,16.4345447934616,18.2718936549942,16.908787460997,16.1696353820838,15.7395525302684,13.8910340052725,15.839754583444,14.462056871712,17.436529766986,16.9185579184488,20.5742205677059,23.4063033098571,24.0378713193579,23.883421650265,..,..
Vanuatu,VUT,"Unemployment, total (% of total labor force) (national estimate)",SL.UEM.TOTL.NE.ZS,..,..,..,..,..,..,..,..,..,..,..,..,..,..,..,..,..,..,..,..,..,..,..,..,..,8.006,..,..,4.565,1.848,..,..,..,..,..,..,..,..,5.444,4.046,..,..,..,..
Vanuatu,VUT,"Inflation, consumer prices (annual %)",FP.CPI.TOTL.ZG,..,..,..,..,..,..,..,..,..,..,..,..,..,..,..,..,..,..,1.99897488467453,2.53768844221106,3.57755452095075,1.96356754199196,3.01624129930394,1.41891891891892,1.19920053297802,2.04081632653061,3.93548387096774,4.84171322160149,4.29706572955358,2.76269469477348,0.873793104781101,1.34740362877658,1.45893371757925,0.798863838096929,2.48326875660444,0.842069084035058,3.08452624403545,2.33096379566871,2.76252019386107,5.32935073101714,2.34328358208955,6.67930581887123,11.1825017088175,..
Vanuatu,VUT,"Mortality rate, infant (per 1,000 live births)",SP.DYN.IMRT.IN,48.6,45.5,42.6,39.8,37.2,34.8,32.8,30.9,29.4,28.1,26.9,25.9,25,24.3,23.7,23.1,22.7,22.2,21.8,21.4,21.1,20.8,20.4,20.1,19.8,19.5,19,18.5,17.9,17.3,16.8,16.3,16,15.7,15.4,15.3,15.1,15,14.9,14.8,14.6,14.4,14.2,..
"Venezuela, RB",VEN,GDP per capita growth (annual %),NY.GDP.PCAP.KD.ZG,-3.08808763242388,-4.71075430312003,-6.32337344554827,-1.22161020241701,-2.40366789406112,3.76431079383444,0.927054412217615,3.15182521619116,-10.828123949166,3.90067774205458,7.14733954912904,3.63082951295625,-1.95884795412418,-4.46506899046501,1.75667432793971,-2.26015838247385,4.21160703706352,-1.70173446759553,-7.78823968801142,1.74180263726988,1.51834092591801,-10.488745515467,-9.38351088983947,16.2742041798105,8.48531169784638,8.1009291008658,7.08319155201522,3.76050287759537,-4.51140308232289,-2.77023251504841,2.84817755288955,4.30852326939922,0.128922904421486,-4.98041137903962,..,..,..,..,..,..,..,..,..,..
"Venezuela, RB",VEN,General government final consumption expenditure (% of GDP),NE.CON.GOVT.ZS,14.4538371995175,14.1531167172501,13.7578659653278,9.97721819116723,10.1085120529499,10.8232073789996,9.8816807649396,10.188461243377,9.2498482150956,8.14378432307665,9.3412492938253,8.88702676496551,8.26862890667472,6.99398697801035,6.89278929824928,4.85079327917191,13.5321926576284,13.4677152827186,12.3169723951295,12.449784505042,14.2372389072529,13.0073547920911,12.8707769572649,11.9559161739061,11.0559042160378,11.7106781208584,12.4710694856514,11.8580025862905,13.7002994343477,11.2095388384583,11.5177950119703,12.1919582234396,12.3888210050297,14.603353775764,..,..,..,..,..,..,..,..,..,..
"Venezuela, RB",VEN,"Unemployment, total (% of total labor force) (national estimate)",SL.UEM.TOTL.NE.ZS,7,8.05,11.49,12.86,13.16,10.93,9.1,7.28,9.74,10.24,9.45,7.69,6.6,8.56,10.24,11.77,11.16,11.15,14.53,13.99,13.04,16.17,16.78,15.07,10.663,8.606,7.279,6.245,6.097,7.112,6.902,6.601,7.54,..,..,5.319,5.045,..,..,7.53,..,..,..,..
"Venezuela, RB",VEN,"Inflation, consumer prices (annual %)",FP.CPI.TOTL.ZG,..,..,..,..,..,..,..,..,..,..,..,..,..,..,..,..,..,..,..,..,..,..,..,..,..,..,..,..,..,..,26.0902123160955,21.0689956331878,40.6394275161588,62.168649979483,121.738085297504,254.948534781815,..,..,..,..,..,..,..,..
"Venezuela, RB",VEN,"Mortality rate, infant (per 1,000 live births)",SP.DYN.IMRT.IN,34.6,33.2,32,30.9,29.8,28.8,27.7,26.5,25.4,24.3,23.5,22.8,22.3,22,21.5,20.8,20,19.1,18.2,17.5,17,16.6,16.2,15.7,15.3,14.8,14.5,14.4,14.4,14.5,14.8,15.1,15.4,15.8,16.8,21.5,21.5,21.5,21.5,21.5,21.5,21.5,21.5,..
Viet Nam,VNM,GDP per capita growth (annual %),NY.GDP.PCAP.KD.ZG,..,..,..,..,1.42506901089281,0.598118657713286,1.50185983593605,3.02944657258952,5.18178495709525,2.92330784870207,3.76339409919927,6.46778613603792,6.0132829316736,6.89120343615872,7.72283797378608,7.68622621093297,6.59239957601929,4.25766192653015,3.41694816736356,5.58792950410756,5.08240100546193,5.23717692306222,5.83556100746738,6.49878740751187,6.55339711441117,5.57239749946528,5.25231213341748,3.74838603993047,3.83237459567542,5.21227683604808,5.1944977799937,4.27630507146044,4.31498880369921,5.13784099364456,5.66896478541561,5.35427097241221,5.61787865063133,6.28095828201967,6.32464886581907,1.91581434772165,1.66651604176819,7.7256990880817,4.36194957647844,6.4172854315141
Viet Nam,VNM,General government final consumption expenditure (% of GDP),NE.CON.GOVT.ZS,..,..,..,..,..,..,..,..,..,..,..,..,..,..,8.18770424479667,8.35257098325222,8.13078122459131,7.62374071027126,6.78523385890954,6.41826259040046,6.3293821876396,6.2322449147196,6.32006559696663,6.39096220224323,5.46520189802856,5.53277472411016,5.55411627975992,5.62508392392053,5.77840741696787,10.3833082456979,9.98091727618404,10.4451862897283,10.9161669772076,10.3174617549851,10.6549127142472,10.3983766667541,10.1349272840895,9.74588913320742,9.5788363682709,9.47881328344632,9.58508554643739,8.81892224803344,8.84756445434067,..
Viet Nam,VNM,"Unemployment, total (% of total labor force) (national estimate)",SL.UEM.TOTL.NE.ZS,..,..,..,..,..,..,..,..,..,..,..,..,..,..,..,1.93,2.87,2.29,2.33,2.26,2.76,2.12,2.25,2.14,..,..,2.026,..,1.737,1.114,0.999,1.027,1.316,1.256,1.848,1.848,1.874,1.161,1.681,2.103,2.383,1.57,1.645,..
Viet Nam,VNM,"Inflation, consumer prices (annual %)",FP.CPI.TOTL.ZG,..,..,..,..,..,..,..,..,..,..,..,..,..,..,..,..,..,..,..,..,..,..,3.23464817293926,7.75494748709601,8.28457243128677,7.41801715108463,8.34444889773837,23.1154483474477,6.71698269988629,9.20746648778415,18.6777322770707,9.09470339557193,6.59267475899189,4.08455446637623,0.63120090517572,2.66824816969081,3.52025688811621,3.53962805942638,2.79582367452249,3.22093436652516,1.83471554810446,3.15650749963127,3.25289282667661,3.62109273885847
Viet Nam,VNM,"Mortality rate, infant (per 1,000 live births)",SP.DYN.IMRT.IN,47,46.2,45.5,44.7,43.9,42.9,41.7,40.4,38.8,37.2,35.5,33.7,31.9,30.1,28.4,26.8,25.3,23.9,22.7,21.7,20.7,19.9,19.2,18.6,18.1,17.7,17.3,17,16.8,16.5,16.3,16.2,16,15.8,15.6,15.4,15.2,15,14.9,14.7,14.5,14.3,14,..
Virgin Islands (U.S.),VIR,GDP per capita growth (annual %),NY.GDP.PCAP.KD.ZG,..,..,..,..,..,..,..,..,..,..,..,..,..,..,..,..,..,..,..,..,..,..,-0.392409019211641,3.32303112200472,3.49771355206596,3.58522291185554,4.04131611143129,1.16259833481369,-6.60082033820244,0.640017045957947,-8.14745069217943,-14.7321849465745,-6.15764738406951,-1.62976237975002,-0.26792231561096,1.78607056891147,-0.517853882355141,2.14490182532539,3.22863068505148,-1.26412494613658,4.07886990081306,-0.883383819313323,..,..
Virgin Islands (U.S.),VIR,General government final consumption expenditure (% of GDP),NE.CON.GOVT.ZS,..,..,..,..,..,..,..,..,..,..,..,..,..,..,..,..,..,..,..,..,..,24.1569589209074,21.405750798722,19.647089807743,17.5474254742547,20.0267618198037,20.9030100334448,24.5758718190386,26.4222804094263,28.168362627197,27.1607861709685,25.0917094644167,27.9026217228464,29.3969144460028,28.2555282555283,27.5934702474987,31.9451765946231,43.2322202396125,37.0541130793497,34.7363442894301,33.9028178389172,34.375,..,..
Virgin Islands (U.S.),VIR,"Unemployment, total (% of total labor force) (national estimate)",SL.UEM.TOTL.NE.ZS,..,..,..,..,..,..,..,..,..,..,..,..,..,..,..,..,..,..,..,..,..,..,..,..,..,..,..,..,..,..,..,..,..,..,..,..,..,..,..,..,..,..,..,..
Virgin Islands (U.S.),VIR,"Inflation, consumer prices (annual %)",FP.CPI.TOTL.ZG,..,..,..,..,..,..,..,..,..,..,..,..,..,..,..,..,..,..,..,..,..,..,..,..,..,..,..,..,..,..,..,..,..,..,..,..,..,..,..,..,..,..,..,..
Virgin Islands (U.S.),VIR,"Mortality rate, infant (per 1,000 live births)",SP.DYN.IMRT.IN,..,..,..,..,..,..,..,..,..,..,..,..,..,..,..,..,..,..,..,..,..,..,..,..,..,..,..,..,..,..,..,..,..,..,..,..,..,..,..,..,..,..,..,..
West Bank and Gaza,PSE,GDP per capita growth (annual %),NY.GDP.PCAP.KD.ZG,..,..,..,..,..,..,..,..,..,..,..,..,..,..,2.4270659709459,-3.21774919288964,9.64623418634368,11.4495735284097,5.54878290672016,-10.8625929085069,-11.5990690763047,-14.696224583011,11.1391726672237,18.8484471333478,8.4829084168252,-3.49430234961132,1.16982596233521,4.51371143942183,5.73457681316152,3.06565425625401,6.86783487502541,3.51036746369036,2.21485047926886,-2.47102630481804,1.37258508832343,6.44666146094556,-0.577622802403482,-1.30481419195327,-1.15161366535136,-13.4963869730477,4.41469534491321,1.58856471383393,-6.81291948696484,-28.2706767006663
West Bank and Gaza,PSE,General government final consumption expenditure (% of GDP),NE.CON.GOVT.ZS,..,..,..,..,..,..,..,..,..,..,..,..,..,18.0670347835262,18.4111124649689,21.8178085405913,22.1474546518432,22.2995230837308,23.4336954485859,25.4752410979228,27.8842071084247,27.7237189943191,22.8326612903226,26.9926788468641,27.0246015178415,26.1615840547464,28.2064067953987,25.0711315386299,28.9733727444748,25.8307080514383,25.8561965296216,25.6126928999705,25.0209019274167,25.1842426928383,25.0100197532278,23.5326573798798,20.7508680555556,21.9910792180185,20.660110310211,23.4333653109447,23.7992158595174,20.4899428660875,20.2483205307067,20.6832420447666
West Bank and Gaza,PSE,"Unemployment, total (% of total labor force) (national estimate)",SL.UEM.TOTL.NE.ZS,..,..,..,..,..,..,..,..,..,..,..,..,..,..,..,..,..,..,..,10.625,21.493,27.465,23.004,23.215,20.016,19.014,18.282,22.913,20.452,21.416,17.597,19.202,19.894,20.526,23.005,23.939,25.677,26.256,25.34,25.895,26.39,24.42,..,31.436
West Bank and Gaza,PSE,"Inflation, consumer prices (annual %)",FP.CPI.TOTL.ZG,..,..,..,..,..,..,..,..,..,..,..,..,..,..,..,..,..,5.57964505838267,5.54439180368747,2.79819892435758,1.22278475878898,5.70951585976626,4.40303221730888,3.00417498638594,4.1072507071593,3.84234125624782,1.85974379351111,9.88999788691849,2.75393485083152,3.74915727597099,2.87724358495939,2.77908768282493,1.72439933626924,1.73298510037452,1.43161145810474,-0.219106604907344,0.212570934228876,-0.195107773730709,1.58018333639456,-0.73533200109217,1.23748102831369,3.74122391852073,5.87110177678991,53.6691458303782
West Bank and Gaza,PSE,"Mortality rate, infant (per 1,000 live births)",SP.DYN.IMRT.IN,65,61.2,57.6,54.3,51.1,48.3,45.6,43.2,41,39,37.2,35.6,34.1,32.7,31.5,30.3,29.2,28.2,27.2,26.4,25.5,24.8,24,23.3,22.6,21.8,21.1,20.4,19.7,19,18.4,17.7,17.1,17.6,15.8,15.2,14.7,14.1,13.6,13.2,12.8,12.3,14.3,..
"Yemen, Rep.",YEM,GDP per capita growth (annual %),NY.GDP.PCAP.KD.ZG,..,..,..,..,..,..,..,..,..,..,2.29860098445927,4.17012014197473,0.16354826043073,2.85442556514698,1.93932487457056,1.17123054361929,1.92969632778934,2.71904691973516,0.593963694817944,2.96401092010485,0.714060018641518,0.89755669377989,0.743278418900516,0.966767059770078,2.37203185301995,-0.129375630986743,0.045109908702031,0.370978630255152,0.598210143519466,4.37449720786746,-15.3366875250526,-0.670663094870363,1.67911232040233,-3.20471705250938,-30.1507550938956,-12.0553743761609,-7.88861201556396,-2.18649019322781,..,..,..,..,..,..
"Yemen, Rep.",YEM,General government final consumption expenditure (% of GDP),NE.CON.GOVT.ZS,..,..,..,..,..,..,..,..,..,15.5469795482502,16.7022460427407,17.4716725701463,17.6389245343007,17.4872367865824,14.4456750769896,14.046330765694,15.5580462162064,16.3161852348493,14.7902647124823,13.5566008072537,14.2177280442043,14.8608604760259,13.7258586471956,12.556982863206,12.2468716699792,13.757094176811,15.5824502049677,13.5202697525702,14.7382691013419,11.8518365629436,12.7990675563647,14.4623057331388,13.0920244120804,11.9817330972498,10.6144941952855,8.64832414801485,6.00374775134919,8.99114080710684,..,..,..,..,..,..
"Yemen, Rep.",YEM,"Unemployment, total (% of total labor force) (national estimate)",SL.UEM.TOTL.NE.ZS,..,..,..,..,..,..,..,..,..,..,..,..,..,8.34,..,..,..,..,11.46,..,..,..,..,16.23,16.05,15.7,15.33,14.97,14.63,17.82,..,..,..,13.467,..,..,..,..,..,..,..,..,..,..
"Yemen, Rep.",YEM,"Inflation, consumer prices (annual %)",FP.CPI.TOTL.ZG,..,..,..,..,..,..,..,..,..,..,..,..,..,..,..,..,..,..,..,..,..,..,..,..,..,..,..,..,..,..,19.5435617131149,9.88538714484848,10.9684421500194,8.10472583623949,..,..,..,..,..,..,..,..,..,..
"Yemen, Rep.",YEM,"Mortality rate, infant (per 1,000 live births)",SP.DYN.IMRT.IN,142.7,134.8,127.3,120.6,114.9,110.1,105.9,102.3,99.2,96.6,94.3,92.4,90.7,89.2,87.9,86.3,84.5,82.1,79.2,75.9,72.3,68.6,65.2,61.9,58.7,55.8,53.1,50.6,48.5,46.6,45,43.7,42.4,41.5,41.3,40.5,39.7,39.6,38.8,37.4,36.7,35.7,34.7,..
Zambia,ZMB,GDP per capita growth (annual %),NY.GDP.PCAP.KD.ZG,2.96593174440794,-5.88551995555419,-5.07622102576212,-3.35758526977152,-1.38870838349084,-2.23905733064601,-0.248588086719636,3.40269789036691,-3.60284277862945,-2.99842702237687,-2.48437862264691,-4.07483415840184,4.28174982443221,-10.7813280458849,0.444103477737357,3.64343431300713,1.19524199921966,-2.96313567721118,1.88247300207094,1.01793976595019,2.17981803196589,1.3381949009155,3.67685887625342,3.68494886266848,3.75264386154687,4.24983217682681,4.59671527144219,3.99773185138027,5.42272309461708,6.54512358380669,2.11650829571791,4.16438800509357,1.74618059430358,1.42432240940171,-0.241301067013211,0.593979723633794,0.398377780872721,0.9537337347912,-1.51894951073589,-5.56773502453288,3.28575461102756,2.34336450166037,2.46464031100994,1.15838680818732
Zambia,ZMB,General government final consumption expenditure (% of GDP),NE.CON.GOVT.ZS,..,..,..,..,..,..,..,..,..,..,..,..,..,..,..,..,..,..,..,..,..,..,..,..,..,..,..,..,..,8.65362421922944,10.2458003430842,11.897397961769,12.1843034143698,14.5238685926023,14.7806073693567,16.0718741959666,13.7207952422721,12.7086519245005,17.6842563810264,14.6896417176015,11.5310478017208,14.4528290197612,13.312782708599,..
Zambia,ZMB,"Unemployment, total (% of total labor force) (national estimate)",SL.UEM.TOTL.NE.ZS,..,..,..,..,..,13,..,..,..,15,18.9,..,19.7,..,..,15.3,..,12,..,12.93,..,..,..,..,15.9,..,..,7.93,..,13.19,..,7.85,..,..,11.888,..,4.529,5.032,5.538,6.032,5.197,5.993,5.861,..
Zambia,ZMB,"Inflation, consumer prices (annual %)",FP.CPI.TOTL.ZG,..,..,..,..,..,..,..,..,..,..,..,..,..,..,..,..,..,..,..,..,..,..,..,..,..,..,..,..,..,..,6.42939681072337,6.575899707577,6.97767605490313,7.80687553566327,10.1105928909618,17.8697300795268,6.57731154205644,7.49457192728517,9.15031644316299,15.7330604721369,22.0207676245776,10.9932039209136,10.884531691282,14.9856262747939
Zambia,ZMB,"Mortality rate, infant (per 1,000 live births)",SP.DYN.IMRT.IN,83.3,84.3,85.9,88.2,91,93.9,96.5,98.8,100.5,101.6,102.2,102.2,101.5,100.2,98.6,97.1,95.8,94.4,92.5,89.4,84.6,78.8,72.9,66.7,61.2,57.5,55.4,52.9,50.7,49,47.6,46.4,44.7,43.3,42.5,40.9,38.8,37.5,35.7,34.5,33.4,32.2,30.9,..
Zimbabwe,ZWE,GDP per capita growth (annual %),NY.GDP.PCAP.KD.ZG,5.66264548013133,-1.28679181217886,-2.20178843986318,-5.33337743503425,3.30860657633912,-1.26273621053357,-2.14009425876773,4.20282934553342,2.19563042366362,4.11277570329889,2.81828456692426,-11.5479035911848,-0.414846598576531,9.10600306176421,-0.767851592161691,8.54322609866776,0.770841531715519,0.893314961753532,-2.41000222090759,-3.94444306922294,0.763068911554825,-9.76645924621916,-17.9767625509112,-6.82497903337783,-6.59884774971488,-4.63046685957951,-4.91456408757202,-18.6542583629186,11.6893554477188,17.7601241720939,12.1874916716396,14.7871576255967,0.563614570402905,0.982274135108966,0.425141516524889,-0.633234617452644,3.234096474165,3.45954546866949,-7.78558357215347,-9.33395397985731,6.61193310477104,4.3435815554552,3.58490301095193,0.228943954704604
Zimbabwe,ZWE,General government final consumption expenditure (% of GDP),NE.CON.GOVT.ZS,16.1944422066538,18.5933155713525,17.29293551949,20.040204177943,20.2034080639151,20.6480210119665,23.3656273629364,27.4870818248197,18.6904113690865,19.4461332509363,16.1197216907836,24.1580702946537,14.9470735250803,16.6938028567593,18.0129607497575,16.9398347504063,16.3150761287941,15.7840505986893,17.7908919421574,24.2653451196761,17.6926919907616,17.9235184015229,17.9162628174724,21.00062760111,15.2112713352578,5.88266510944873,3.20817461978714,2.04712146841042,9.44342476023059,15.3161378680667,18.7734779218938,20.0061319239641,18.4390665288012,19.5598677296147,18.8777489892732,18.1244452010652,11.6514896623328,10.3741618687993,7.33915026067827,8.86785549176631,14.9159064860322,16.6461897920814,15.0892334278599,12.4682431057392
Zimbabwe,ZWE,"Unemployment, total (% of total labor force) (national estimate)",SL.UEM.TOTL.NE.ZS,..,10.8,..,..,..,..,7.18,..,..,..,..,..,..,4.96,..,..,6.93,..,6,..,..,..,..,4.39,..,..,..,..,..,..,5.368,..,..,4.774,..,..,..,..,7.373,..,9.459,10.001,9.29,..
Zimbabwe,ZWE,"Inflation, consumer prices (annual %)",FP.CPI.TOTL.ZG,..,..,..,..,..,..,..,..,..,..,..,..,..,..,..,..,..,..,..,..,..,..,..,..,..,..,..,..,..,3.02267002518891,3.4661297281749,3.72532666110645,1.63495041543827,-0.197784810126641,-2.43096842383403,-1.54366960054167,0.893962316050075,10.6188658669575,255.304990757856,557.201817362051,98.5461050920623,104.705170628667,..,..
Zimbabwe,ZWE,"Mortality rate, infant (per 1,000 live births)",SP.DYN.IMRT.IN,72.2,69.6,66.5,63,59.8,56.9,54.8,53.5,53,52.8,52.9,53.5,54.7,56.2,57.9,58.6,58.5,58.3,58.4,59.3,61.1,58.3,61,64.2,66.6,69.5,71.5,71.7,70.7,67.6,64.7,59.9,57,54.3,52.8,50.8,49.2,47.4,46,44.9,43.6,42.2,40.6,..
Africa Eastern and Southern,AFE,GDP per capita growth (annual %),NY.GDP.PCAP.KD.ZG,0.846006707808684,-2.85926869652116,-3.04597595674161,0.276256217085049,-3.09035235971909,-0.744035844602266,0.88547124963776,1.2888190660487,-0.164985160819441,-2.65495566975152,-2.80608028137624,-4.91386183513896,-3.31455670231567,-0.742939093349378,1.61005563991597,2.70141999746618,1.21370769947127,-0.849750122936939,-0.0080938121918166,0.567873188859963,0.860484299547281,1.16106926678488,0.291535063826842,2.80286242894422,3.37737136230763,3.76971707027903,3.81487410207771,1.56197572031896,-1.83156595891342,2.3699849053211,1.30250042319982,-0.936576676591088,1.48985429686644,1.23938174112168,0.262663002146752,-0.46742082465606,0.0184641811046902,-0.104064111229945,-0.543714731993816,-5.44702113228222,1.82959732231033,0.905330140015167,-0.645083897665742,0.25661327836292
Africa Eastern and Southern,AFE,General government final consumption expenditure (% of GDP),NE.CON.GOVT.ZS,12.4107567032325,12.6299150841486,12.5892048477328,13.6682241424419,12.966823549994,14.116188414803,15.5097599079249,14.7830279576628,14.1044004846088,14.5535591105056,14.9010826035533,16.996975661325,16.7735727493296,17.4370477576582,16.0688640862394,16.4178355380341,16.326490003985,16.3934048178766,16.3358038932901,15.3376149207484,15.6160611271779,15.0931021765358,15.9762797528301,15.8906765080417,15.0534219161295,14.5950632332374,14.6444183805579,14.884073799567,15.5534708028079,15.5541831795362,16.0036692858443,16.1676465001107,16.4956587819237,16.0074302007076,15.4636628202329,15.3936158832339,15.4726580433572,14.8672140757652,14.6164181000572,15.175005715421,14.6827375950211,14.3640354977102,13.9853417122886,14.0776822872541
Africa Eastern and Southern,AFE,"Unemployment, total (% of total labor force) (national estimate)",SL.UEM.TOTL.NE.ZS,..,..,..,..,..,..,..,..,..,..,..,..,..,..,..,..,..,..,..,..,..,..,..,..,..,..,..,..,..,..,..,..,..,..,..,..,..,..,..,..,..,..,..,..
Africa Eastern and Southern,AFE,"Inflation, consumer prices (annual %)",FP.CPI.TOTL.ZG,..,..,..,..,..,..,..,..,..,..,..,..,..,..,..,..,..,..,..,..,..,..,..,..,..,..,..,12.6574601863917,8.71893103461615,4.50923691774372,8.45987233408586,8.9396468278821,5.74883133553456,5.3702896100859,5.24587835022454,6.59650490696546,6.3993434156938,4.72080474200537,4.64496717329564,5.40516207933395,7.24097765588445,10.7737512242899,7.12697482131851,4.42547050381206
Africa Eastern and Southern,AFE,"Mortality rate, infant (per 1,000 live births)",SP.DYN.IMRT.IN,..,..,..,..,..,..,..,..,..,100.891848443124,103.979742123847,103.359095079909,98.5024946856404,99.2462403902775,95.7524125736609,94.2505826472937,92.606935368313,92.2812231146882,87.9441531905424,85.202739159748,82.1943407373521,78.8378528827153,75.6413221963481,72.7254355200617,69.5713791768326,66.2640252936723,63.474495764419,60.8028072164861,58.5097391916938,56.9034241703036,57.8926194287132,53.0417763570726,50.7336578699843,50.0271083910676,49.010304526817,47.7739196418728,46.7832639603647,43.8518142030077,42.1900739123661,41.1258527019551,40.0875597895277,39.6730585330406,37.919755006862,..
Africa Western and Central,AFW,GDP per capita growth (annual %),NY.GDP.PCAP.KD.ZG,-9.31975799573304,-5.99137907758282,-8.77939491693141,-2.07261993627607,2.55221932488885,-1.40131052209229,-1.30958078531511,1.84208878283943,-1.05357705695414,2.92100131188182,-1.56898508846868,-0.431975610897055,-3.99101635114779,-2.8954738520853,-0.876447124097851,1.8209733957343,1.60252624027679,0.800823074189381,-1.20767995585264,1.02438093240183,2.30051954915386,6.92086640919416,2.6673997282076,5.07998224302493,2.94694021657421,2.41943623710358,2.56670015812605,3.31473735565385,3.20309998497927,4.09023808244575,2.02559077291575,2.25663189734959,3.1714126405496,2.86522092946572,0.186777383229455,-2.44845074351349,-0.355460041467396,0.330192195180288,0.792526323823935,-3.32174462925346,1.59974570883409,1.57804619883059,0.920848215901302,1.7071934621577
Africa Western and Central,AFW,General government final consumption expenditure (% of GDP),NE.CON.GOVT.ZS,..,..,..,..,..,..,..,..,..,..,..,..,..,..,..,..,..,..,..,..,..,..,..,..,..,..,..,..,..,..,..,..,..,..,..,..,..,..,..,..,..,..,..,..
Africa Western and Central,AFW,"Unemployment, total (% of total labor force) (national estimate)",SL.UEM.TOTL.NE.ZS,..,..,..,..,..,..,..,..,..,..,..,..,..,..,..,..,..,..,..,..,..,..,..,..,..,..,..,..,..,..,..,..,..,4.42404999199958,..,..,7.23981091529082,..,7.78377673832551,..,..,3.2350062325796,..,..
Africa Western and Central,AFW,"Inflation, consumer prices (annual %)",FP.CPI.TOTL.ZG,..,..,..,..,..,..,..,..,..,..,..,..,..,..,..,..,..,..,..,..,..,..,..,..,..,..,5.36913473801957,8.45297623326755,4.41500374795223,2.20783532536524,4.01869907534492,4.57837463515946,2.43920076104126,1.76843582146222,2.13081738058794,1.48741550755545,1.72548602374726,1.78404994832042,1.98309228487231,2.4903778393195,3.74556782333006,7.9309292543009,5.48928568141135,3.6159657021514
Africa Western and Central,AFW,"Mortality rate, infant (per 1,000 live births)",SP.DYN.IMRT.IN,..,..,..,..,..,..,..,..,..,104.524494940384,103.928301784033,103.514592736963,103.064380351601,102.484203057084,101.657023682294,100.671326022687,99.1955256961176,97.432071875022,95.3519261255103,93.006571317231,90.4939256218665,87.8161044886942,85.0548960442655,82.3543695553498,79.6981632968119,77.2061722191711,74.9347097907418,72.8760386283093,73.0575918951436,69.4122365852538,67.9062516089133,66.5413120103006,65.5037013748662,64.8130500760047,63.4495047767985,62.4306493269898,61.5022772493851,60.1219482365333,59.5677025529984,57.5502079306733,56.4740436067272,56.4303202171376,53.3372158285585,..
Arab World,ARB,GDP per capita growth (annual %),NY.GDP.PCAP.KD.ZG,-2.32624167769619,-8.85936199366827,-6.74419607314418,-1.88250780733415,-3.84780856682883,-3.7721779917476,-2.69459989404437,0.450816902357488,1.07854076703163,4.36870651354707,-2.96174650132478,3.86823159158658,0.42641107494137,0.562137480493249,0.239123822645041,2.29192702161735,2.94280835049395,2.25693693111739,0.345002163689756,3.8085158403199,-0.350194373897168,-1.17291419581674,1.88678392820188,6.56677659803636,3.09464706147841,3.74282919837692,2.00082548391866,2.91583149640064,-1.81477299246657,2.76677365953439,1.41889781336131,2.62269960576931,0.053582125207015,0.21186376334532,0.786178974796513,1.17700571499665,-0.413328594565883,0.834304600490583,-0.169697468589646,-6.73913692652097,2.83541018731216,4.56530790302057,-0.759812749665002,-0.610337907016216
Arab World,ARB,General government final consumption expenditure (% of GDP),NE.CON.GOVT.ZS,18.7841594057727,22.5604789467218,24.5675228087217,23.7357163140761,23.5242340322986,25.8955153867998,24.9670093945936,24.1878105885317,23.5844075208841,17.8057580124462,22.7631135690973,22.6380936364907,20.0679979050815,18.9224284861959,17.951719972763,17.9077375587455,18.45225264817,19.2611307100027,17.5671476283961,16.9620122720461,17.8673540170391,17.9219782928982,17.0256510732026,16.6695281844947,15.4215390300511,14.7912311927721,14.5025293222835,13.3597985661346,16.5457729716228,15.5807303961023,16.1658185588235,16.0219848101012,17.1784232958197,18.4858551827351,20.2669112109247,19.1329820282417,18.503396584833,18.0278823007439,18.4200446485395,20.5835993933211,17.5397424973511,15.5358626644939,16.9931990037174,..
Arab World,ARB,"Unemployment, total (% of total labor force) (national estimate)",SL.UEM.TOTL.NE.ZS,..,..,..,..,..,..,..,..,..,..,..,..,..,..,..,..,..,..,..,..,..,..,..,..,..,10.4289114154945,9.75105152613459,10.0691268834898,9.57816642439292,9.36981355379497,..,10.6960344984254,..,10.7870859161117,..,9.67881987563812,..,..,..,..,..,..,..,..
Arab World,ARB,"Inflation, consumer prices (annual %)",FP.CPI.TOTL.ZG,..,..,..,..,..,..,..,..,..,..,..,..,..,..,..,..,..,..,..,..,..,..,..,..,..,..,..,..,..,..,4.6386876969545,4.56353694438819,3.27712533943639,2.89947905006051,2.55167715246306,2.67659170098194,2.17183298510004,2.45719835917882,1.09184802655853,1.61222220402458,2.96581008346286,5.0875420085391,3.64216403030709,2.07655387954205
Arab World,ARB,"Mortality rate, infant (per 1,000 live births)",SP.DYN.IMRT.IN,..,..,..,..,..,..,..,..,..,62.6370759311399,67.6374905671856,65.5034524139707,56.9864412496962,55.5572999278401,54.227208607329,52.7934865063999,51.3837400713274,49.9104391333288,48.4631797655049,47.0173312638246,45.587116454069,44.223834763239,42.8635458952291,42.2633739266612,40.9558345625738,38.9522787924252,37.5086011545305,36.1970148553493,35.0647908588239,34.8483927109866,39.8109007711286,33.2669346601255,31.3226815316012,30.4846042211855,29.9407485446151,29.3311611016504,29.8010256555211,29.0584370535539,28.0382567044511,27.4244280775006,26.9837450907913,27.7678438480466,25.6477784978592,..
Caribbean small states,CSS,GDP per capita growth (annual %),NY.GDP.PCAP.KD.ZG,-0.365709805251484,-0.157569807833781,-4.36192624133108,1.14746653881421,0.27345405637476,0.457287952490645,-0.626530417539271,1.00041620058204,2.49942041119992,-0.832678645925938,-0.607894053724209,1.39035957690436,-0.312703979889875,2.5703940654293,2.22716192604257,4.01847678160235,3.73375051708274,4.07778026383015,4.28638931516024,3.87562744563419,1.37548839555637,3.20859546496295,5.31123766363058,3.94382060965187,5.20347815730761,7.23515579321304,3.21154175126827,1.06740052399201,-3.88373624736229,1.24927617855994,0.187680415735827,3.72915852578315,0.773774608022748,1.87104486802001,-0.770911744752283,-3.63155122622841,-1.3513942208585,0.277508967464144,0.113349961407792,-9.4427793217518,6.0068369498303,14.5541521407959,8.46304533004233,12.8659836767482
Caribbean small states,CSS,General government final consumption expenditure (% of GDP),NE.CON.GOVT.ZS,..,..,..,..,..,..,..,..,..,..,..,..,..,..,..,..,..,..,..,..,..,..,..,..,..,..,..,..,..,..,..,..,..,..,..,..,..,..,..,..,..,..,..,..
Caribbean small states,CSS,"Unemployment, total (% of total labor force) (national estimate)",SL.UEM.TOTL.NE.ZS,..,..,..,..,..,..,..,..,..,..,..,17.3457703245441,18.1421295195222,17.1652607934677,15.2158406814774,14.6021997048498,13.8378108205561,13.054158353852,12.3414809879968,..,..,10.981890801462,..,..,..,8.20952300917552,..,..,..,..,..,..,7.81901547654473,6.5074465895357,5.97337311779243,6.38100224974367,..,..,7.87933797104325,..,..,..,..,..
Caribbean small states,CSS,"Inflation, consumer prices (annual %)",FP.CPI.TOTL.ZG,..,..,..,..,..,..,..,..,..,..,..,..,..,..,..,..,..,..,..,..,..,1.46135973519764,1.72344927794852,2.35351330138205,3.6046180511121,4.25195321977967,4.48088608614726,8.0332732765034,0.00626357107067205,3.37002540220151,3.45674967234604,2.50461059084476,1.08324168178155,1.14542060958209,-0.852705497032977,0.402621696824936,1.69929570459838,1.20715793367006,1.00054293027233,0.121434644614868,2.22891330700348,5.82838638517964,4.47720868651286,1.84256311073283
Caribbean small states,CSS,"Mortality rate, infant (per 1,000 live births)",SP.DYN.IMRT.IN,..,..,..,..,..,..,..,..,..,33.3489060727685,32.527929323895,31.707997342851,31.0272469230858,30.4299015711213,29.7886604420506,29.1914616025804,28.5804214255176,28.0816645705961,27.3585331417505,26.6695947395656,26.0854781884569,25.5025399081422,24.9472608812466,24.4815705434397,24.0494588448049,23.6731576786203,23.3101355959949,22.8914867239759,22.5039107668812,22.2036147078353,21.8637582585715,21.5008719596145,21.1479571835685,20.7343500494656,20.3070480613609,19.9264127273764,19.4357477853048,18.9694540993662,18.9557957775071,18.219759136336,17.8103424792288,17.3249795510315,16.8199872052641,..
Central Europe and the Baltics,CEB,GDP per capita growth (annual %),NY.GDP.PCAP.KD.ZG,..,..,..,..,..,..,..,..,..,..,-10.6513437334725,-4.62626592226819,0.272239184651866,3.70759855480355,5.86148874490458,4.7129424076318,2.42609176727375,2.80624670602401,2.06691479150756,4.5337211125259,3.75914110245381,4.22035222871759,4.32418316746688,6.16524410340216,5.19655153950755,6.91279864135245,6.73615798891322,4.33519807941161,-3.43713058693029,1.90713006032762,3.84723418949109,1.0744976311929,1.01757078519947,3.551553524067,4.31216377139792,3.13278748329672,5.42584688182464,5.33514293438024,4.24109470646795,-2.6958890290875,7.62001578588882,4.17582864219841,0.658680358814252,2.0915040408718
Central Europe and the Baltics,CEB,General government final consumption expenditure (% of GDP),NE.CON.GOVT.ZS,..,..,..,..,..,..,..,..,..,..,..,..,..,..,19.6129742650801,19.1426229403335,18.9024996723372,18.7328965261963,19.3605045108976,19.1728140682516,19.1477741274634,19.3705903771592,19.9461550191272,19.0547336415825,18.9812774093818,18.8677062982099,18.1393346630928,18.6017796820173,19.3878967839996,19.1577464248347,18.2347976582419,18.0086812253504,18.223291091862,18.1234534323237,17.867560932033,18.0204404306263,17.8996917645965,18.057500550939,18.4696344700413,19.9097789770891,19.4189674601532,18.6559696104498,18.9901286037076,..
Central Europe and the Baltics,CEB,"Unemployment, total (% of total labor force) (national estimate)",SL.UEM.TOTL.NE.ZS,..,..,..,..,..,..,..,..,..,..,..,10.6298888086427,12.1582900320184,11.4054857615167,10.7174555538227,10.2475883617555,9.39719059119214,9.19114175668544,10.6193523185554,12.1660818810567,13.5050590063258,13.9571015257378,13.2635590108026,12.8766296492385,12.0310571699923,10.1172085305052,7.80513723734556,6.60004823198757,8.51651568379027,9.92654756624789,9.80886284662704,10.0131434170111,10.0745705602417,8.87317438577989,7.81307688801119,6.47686556094265,5.27812205629931,4.29574869253763,3.76167438327493,4.3514502761589,4.44757485025027,3.96830240370209,4.01434333367606,4.01028211412363
Central Europe and the Baltics,CEB,"Inflation, consumer prices (annual %)",FP.CPI.TOTL.ZG,..,..,..,..,..,..,..,..,..,..,..,46.0985621037431,31.7621306305932,20.9918180471498,24.9759355316751,18.702718381387,8.73860257590728,9.29476617802785,3.2961108971891,8.91174418658768,6.53895000383451,3.34952746574318,2.64564461265613,4.87005334247892,3.13530102983369,3.93032603841001,4.83732928313988,6.35866380152373,2.75320223914816,1.80117022137135,4.13027562645086,3.33492267693444,1.43829787234044,0.0538213132399892,-0.464499004644924,-0.0549995416704661,2.07593553673849,2.53445424186594,2.66456133425436,1.67244096855763,3.83984491500143,14.6081439492433,9.44284140088566,2.75760909424273
Central Europe and the Baltics,CEB,"Mortality rate, infant (per 1,000 live births)",SP.DYN.IMRT.IN,..,..,..,..,..,..,..,..,..,16.1387522576349,15.5811369928712,15.1562288592439,14.6859776740851,14.2717622423068,13.7465931408408,13.1100489114543,12.420055353026,11.736230797454,11.0732843244853,10.4450429723932,9.89092842387875,9.54450466191146,9.29943226911662,8.93260308975103,8.47291667661146,7.94058665521986,7.37750084724805,6.9443614483283,6.56295924485279,6.17030539617401,5.86633121200653,5.61777538519931,5.33024701256361,5.08377115646495,4.8691632333314,4.65300774010684,4.43311578591842,4.2370588675825,4.05746028397598,3.9944836328859,3.92952886675911,3.92088972010921,3.91337411673734,..
Early-demographic dividend,EAR,GDP per capita growth (annual %),NY.GDP.PCAP.KD.ZG,1.06148920391212,-2.13399301570638,-1.99316198415539,-0.484330833203842,-1.44646668075796,-1.04230003178152,0.394751169628861,0.686312975230081,-0.0381274002365757,2.49640179101178,1.89064419531122,1.81831103747867,1.41836634187815,1.40202426812546,0.454941080407067,3.60424085001019,2.81741010249566,0.461269160187385,0.400429704032845,2.42766265037531,-0.715054607210547,0.135473917472865,3.37832727071101,4.3743095454342,4.12966810071649,4.32413195407449,4.00250546813923,1.81654949747121,-0.849023374995696,4.86894975635562,3.36282142475362,2.66199064244681,2.56863470334771,2.70730785471531,2.98945593179332,3.02451291257083,3.33760583636509,2.58203758654834,1.14300021954961,-5.37272464439869,6.37958569759027,4.78114874495445,3.39061731017421,2.39651872711688
Early-demographic dividend,EAR,General government final consumption expenditure (% of GDP),NE.CON.GOVT.ZS,13.7211743950921,14.5554265213853,14.0724423964997,13.6959154129938,13.9953297424046,14.2083378463188,14.0447021948224,13.4435949529646,13.365127161464,12.6802769214743,12.9902151977178,12.7148057179582,13.0695643046468,12.6372655222165,12.5296109060154,12.3322879318752,12.6375359047791,12.8691182072518,12.8958923884468,12.7302598949784,12.9916768235225,12.7178406675565,12.7595956355881,12.4144706022294,12.2240729960777,12.2192012335358,11.9905392890453,12.1189163795815,13.4501543526529,12.8470402540127,13.1791183685909,13.2985975954297,13.4700212727412,13.8149325568296,14.119067765598,13.6898613624806,13.5470573779476,13.3863421942787,13.3236982631628,14.1654826733443,13.0062106409531,12.3243622586393,12.5970035221963,12.6451887570995
Early-demographic dividend,EAR,"Unemployment, total (% of total labor force) (national estimate)",SL.UEM.TOTL.NE.ZS,..,..,..,..,..,..,..,..,..,..,..,..,..,4.23535519561607,..,..,..,..,..,5.46028303413179,..,..,..,..,5.94069719370366,..,..,..,..,4.9200812959819,..,5.03133339162792,..,..,..,..,..,7.03405576571646,6.42947769257713,7.51279630285864,6.63791163891088,5.59763297470017,4.97572507067258,..
Early-demographic dividend,EAR,"Inflation, consumer prices (annual %)",FP.CPI.TOTL.ZG,..,..,..,..,..,..,..,..,..,..,..,..,..,..,..,..,..,..,..,..,..,..,..,..,..,5.81068550464307,6.37288135593232,10.4469875128223,4.53017659132801,4.33298207227273,5.79676809206531,5.01245237398259,4.79482359524338,4.01861608078671,3.12900274473927,3.52317317628478,3.60247741348943,3.97561015740694,2.76252019386107,2.96354992076063,4.14968003360264,7.19861615609861,5.88585897042163,3.30223338951224
Early-demographic dividend,EAR,"Mortality rate, infant (per 1,000 live births)",SP.DYN.IMRT.IN,..,..,..,..,..,..,..,..,..,77.5437446870962,75.5725295006583,73.8106867455257,72.0279106003519,70.8048069936864,68.4425989662784,66.5883727915182,64.7259005121219,62.8712403762589,60.8581109849845,58.9645915911723,57.021596840067,55.0873127357149,53.2583037016422,51.5481956061436,49.5802939661502,47.8271602366552,46.1055882798905,44.6343544178267,42.8473093079982,41.3474163246064,39.6430277367423,38.0697147541718,36.5527178519051,35.0465686256677,33.7182292440767,32.4493821182905,31.2890875640493,30.2298481709763,29.2451526731132,28.2962304261502,27.3828551047971,26.5516744711551,25.7356924158151,..
East Asia & Pacific,EAS,GDP per capita growth (annual %),NY.GDP.PCAP.KD.ZG,3.06964109094035,2.47446631336517,2.75542401299408,4.5815498696125,4.11951332472715,3.29836487723281,4.56314846045144,5.88547499717104,3.51607308636976,3.50071788071999,3.37909091768003,2.87872818814343,2.89872182938717,3.93241934919473,4.40285962439265,4.37213281699343,2.87851279941624,-0.626775623813685,2.73132045922308,4.44909105241682,2.39248142798235,3.56107999795495,4.17517509347071,5.10141138825337,5.1730501841258,5.68715911760303,6.67442460928349,3.65031572084943,1.89203196708785,6.86651758671388,4.69182593511381,4.35132851357449,4.43826685283044,4.00868443080049,3.97108642011197,3.91329652874224,4.31134233577181,4.15492194506857,3.50605470845468,-0.461919730976661,6.08427926511676,2.79554932606712,3.98284974542496,3.72497987213505
East Asia & Pacific,EAS,General government final consumption expenditure (% of GDP),NE.CON.GOVT.ZS,14.1336110613988,14.2644352277265,14.3297370258723,14.2220514151118,14.1182307041507,13.9220903913271,13.6631735656058,13.3339646839142,13.4048696580957,13.4567106605813,13.5050245138242,13.8221436605497,14.1153385177108,14.2034328904115,14.343588824981,14.2763522276251,14.3910722028009,15.0790940982622,15.5411433625694,15.7183184410341,16.1696379630864,16.2752441266615,16.1762877353434,15.931066257533,15.8464165510913,15.6176213183581,15.4145162559518,15.6081637105713,16.3539646258653,16.0599148325354,16.4536741099739,16.6474145234723,16.4359058478152,16.3114271638475,16.3924392516538,16.5379849271616,16.4453143262203,16.6884274467249,16.9870221384229,17.7705866760275,17.0383054297657,17.0260199380505,17.3249850611129,..
East Asia & Pacific,EAS,"Unemployment, total (% of total labor force) (national estimate)",SL.UEM.TOTL.NE.ZS,..,..,..,..,..,..,..,..,..,2.7378614887887,2.60058019659668,2.60067969983671,2.84602278965133,3.14015149699562,3.09256606234645,3.26184863360144,3.35277491029448,3.69953643291275,3.78365203391937,4.13853926674773,3.90880015279319,4.31215846484609,4.38359136383701,4.36352758063738,4.45840782746785,4.34056896772944,4.16183339970971,4.31732608842007,4.29420307856997,4.01909975423112,3.91376402957684,3.83128437487543,3.77071877096652,3.76348946562197,..,..,3.52233916633326,4.18474449312255,4.20784150297174,4.69729077688504,4.43455361093288,..,..,..
East Asia & Pacific,EAS,"Inflation, consumer prices (annual %)",FP.CPI.TOTL.ZG,..,..,..,..,..,..,..,..,..,..,..,..,..,..,..,..,..,..,..,..,..,..,..,..,..,..,3.76400259181596,8.02626726911851,1.77111716621253,2.91834002677376,4.8699385966957,2.93431609293952,2.51628815142169,2.49939951892551,0.795279630579784,1.2769909449733,1.80034222468618,2.36854905806702,1.70397863236261,0.846905537459283,2.47710241465446,5.34595440908903,5.21536927681554,2.35562726119282
East Asia & Pacific,EAS,"Mortality rate, infant (per 1,000 live births)",SP.DYN.IMRT.IN,..,..,..,..,..,..,..,..,..,44.5,43.8,42.7,41.6,40.3,39.4,38,36.5,35,33.4,31.6,30,28.4,26.3,25,23.2,21.8,20.5,19.6,18.2,17.3,16.4,15.4,14.7,13.9,13.5,12.7,12.1,12.1,11.8,12,11.9,11.8,11.6,..
East Asia & Pacific (excluding high income),EAP,GDP per capita growth (annual %),NY.GDP.PCAP.KD.ZG,3.94539078060001,4.6508261271676,5.87603258242456,8.28102837092031,6.2107453753149,5.3699816420248,7.29394932610055,7.8869563890924,3.93742598473111,3.46984880656855,6.44864368913878,9.67405397887437,9.80079685918685,9.46641207251164,8.50496964861985,7.72392180667913,6.06173791068562,1.78751804507588,5.30542508933011,6.65810738268517,5.97563937978758,7.19785445913136,8.10490253758478,8.26460245967657,9.16969902834161,10.1912363880477,11.5667348465413,7.80386856091148,7.20486717797402,9.08581842606037,7.73841650997775,6.64305779422196,6.40104259459093,6.15575145082286,5.84866817910104,5.71643981569775,5.8616777616447,5.85454857385402,5.30475220317894,0.887897595396666,7.38136662745204,3.30239294503481,5.05942069817398,4.78638894065433
East Asia & Pacific (excluding high income),EAP,General government final consumption expenditure (% of GDP),NE.CON.GOVT.ZS,12.4453681322285,12.6825649483142,12.8513643010858,13.3522790732241,13.3668497172786,12.7851473771988,11.5662592920589,11.3366791625448,12.1455151579563,12.3596646152028,12.3388486742104,12.6397621337982,12.5172375267216,12.3251171899189,11.9992884955419,11.9397209477939,12.4175775498995,13.7896494568287,14.6685038299516,14.8825107050555,14.889238097289,14.6174475640684,14.071027112783,13.6145419513639,13.7173533803185,13.7714485504488,13.7244533774995,13.7016177373141,14.22247946657,14.0068491133049,14.598073361006,15.0466908314236,15.1831639800571,15.1576947001765,15.5675520093966,15.6210446415833,15.6603253631549,15.9910714276675,16.2076506007811,16.8276498738813,15.8215615162176,15.8776864929454,16.2452555052612,..
East Asia & Pacific (excluding high income),EAP,"Unemployment, total (% of total labor force) (national estimate)",SL.UEM.TOTL.NE.ZS,..,..,..,..,..,..,..,..,..,2.75762756237607,2.57237388070758,2.54760222267913,2.79371137250645,3.11860321825038,3.05536822733482,3.22735965043716,3.32189979028154,3.5518874856757,3.6088443895079,4.07894938342172,3.78916766484944,4.21179881333051,4.3091943971776,4.33716317984073,4.47588174303605,4.378078409723,4.20933102066523,4.38068337650941,4.22341441916056,3.93499251300714,3.87505367889353,3.79978976338522,3.74201525143652,3.75915789834287,..,..,3.52925156009553,4.2959664288698,4.33704444038144,4.82179514809106,4.54924606708269,..,..,..
East Asia & Pacific (excluding high income),EAP,"Inflation, consumer prices (annual %)",FP.CPI.TOTL.ZG,..,..,..,..,..,..,..,..,..,..,..,..,..,..,..,..,..,..,..,..,..,..,..,..,..,..,5.19691580299232,10.3368269200353,4.29706572955358,3.53491239189834,5.23541591478431,3.02093170729893,2.7672959767606,2.82693342066399,1.22393195511124,1.91731090233377,2.91263557371475,3.19834755924998,1.94257500833107,2.40629214387009,2.69891859529198,5.37734908193986,5.97802515541414,2.6825794243762
East Asia & Pacific (excluding high income),EAP,"Mortality rate, infant (per 1,000 live births)",SP.DYN.IMRT.IN,..,..,..,..,..,..,..,..,..,46.5705476008443,46.1277188824303,45.2075331015932,44.0312711248495,42.7183859236047,41.7556054008784,40.3298364053222,38.808173311137,37.2211128044709,35.5237876344911,33.6325460006465,31.8849859654618,30.0535761180622,27.8894396822529,26.4112072511615,24.485908161109,23.0020127488892,21.6003373631738,20.7077945770889,19.1743883022398,18.187150584879,17.2906372040441,16.1126398688735,15.4606373192323,14.5822873658936,14.1236722092716,13.3481054035996,12.7061352288216,12.6803994286295,12.3823972395839,12.5869944722223,12.547202398466,12.506974447304,12.3149132336445,..
East Asia & Pacific (IDA & IBRD countries),TEA,GDP per capita growth (annual %),NY.GDP.PCAP.KD.ZG,3.93998081103273,4.64373321803473,5.86906822814848,8.27515348554159,6.20608503888582,5.36500694070267,7.28749078796358,7.88051206882758,3.93331509391616,3.46686385906733,6.44446748640281,9.67052685182873,9.79814892718854,9.46681394487483,8.50298784126781,7.71922166100785,6.05640518876729,1.78271505541932,5.30026959147017,6.6531505873122,5.97101796799289,7.19250052522507,8.1007555866712,8.26232087128294,9.16615275073818,10.1868494100084,11.5617870713705,7.79923121177697,7.20023303064836,9.08122097933945,7.73368531325602,6.6372894741846,6.39549610536756,6.15127313873897,5.84495230158764,5.71271724143136,5.85750801646856,5.85169029545037,5.30282855795426,0.886859027093962,7.38176419277168,3.30403060334272,5.06137138107509,4.78819045460151
East Asia & Pacific (IDA & IBRD countries),TEA,General government final consumption expenditure (% of GDP),NE.CON.GOVT.ZS,12.4455321341982,12.6827245715051,12.8516754878942,13.3526965070966,13.3674858011263,12.7856163822463,11.5664741196034,11.3368247132954,12.1455066018646,12.3595863565996,12.3388955223807,12.6401615321925,12.5180703478503,12.3261976094739,12.0005125868611,11.9410174641619,12.4189253610635,13.7910205073433,14.6701969818998,14.8843346222272,14.891110345179,14.6194134344866,14.0730926643819,13.6165962011483,13.7194524977865,13.7733332254224,13.7259720582677,13.7028155485476,14.2235951921776,14.0077290596945,14.5987481761767,15.0472157802835,15.1836522291045,15.1581369101669,15.5679505334542,15.6214258484183,15.6606860453967,15.99140816375,16.2079942455131,16.8280617104099,15.8218926801116,15.8779888584497,16.2455468335674,..
East Asia & Pacific (IDA & IBRD countries),TEA,"Unemployment, total (% of total labor force) (national estimate)",SL.UEM.TOTL.NE.ZS,..,..,..,..,..,..,..,..,..,2.75762756237607,2.57237388070758,2.54760222267913,2.79371137250645,3.11860321825038,3.05536822733482,3.22735965043716,3.32189979028154,3.5518874856757,3.6088443895079,4.07894938342172,3.78916766484944,4.21179881333051,4.3091943971776,4.33716317984073,4.47588174303605,4.378078409723,4.20933102066523,4.38068337650941,4.22341441916056,3.93499251300714,3.87505367889353,3.79978976338522,3.74201525143652,3.75915789834287,..,..,3.52925156009553,4.2959664288698,4.33704444038144,4.82179514809106,4.54924606708269,..,..,..
East Asia & Pacific (IDA & IBRD countries),TEA,"Inflation, consumer prices (annual %)",FP.CPI.TOTL.ZG,..,..,..,..,..,..,..,..,..,..,..,..,..,..,..,..,..,..,..,..,..,..,..,..,..,..,4.81676767378834,10.4469875128223,3.71405065985662,3.42431101163025,5.08259403890364,3.02093170729893,2.91354193604001,3.14299050879097,1.08648629940417,1.75711158908292,2.88291164981209,2.91740978470448,1.93321335810517,2.39316239316239,2.61248185776488,5.40874375479069,6.16457747898299,2.23172772921704
East Asia & Pacific (IDA & IBRD countries),TEA,"Mortality rate, infant (per 1,000 live births)",SP.DYN.IMRT.IN,..,..,..,..,..,..,..,..,..,46.7264556787986,46.296942641872,45.3681344123242,44.1780629164907,42.8535506190783,41.4227825501012,39.9830376013387,38.4545552784574,36.8561572571406,35.1515571552398,33.268292608938,31.5067245362629,29.6768003036925,27.8971727960818,26.4063314570602,24.4643140856754,22.9675013430371,21.5537858570999,20.66175638619,19.1223652467728,18.135370230964,17.2421948620727,16.0652371742879,15.4183170678231,14.5425671240608,14.0881626251997,13.3121020344373,12.6748371076301,12.6527818290033,12.3564694277262,12.5638036399223,12.5217289355661,12.4761247532852,12.2765509315217,..
Euro area,EMU,GDP per capita growth (annual %),NY.GDP.PCAP.KD.ZG,0.143079321288724,0.436769783957629,1.18505501753255,2.23838306953151,2.11662761333619,2.27078240509924,2.25348227600779,3.96894427511445,3.66063884695352,3.11488177590064,1.93699737693818,0.6985983495357,-1.08925478924286,2.20548207049755,2.22008300536862,1.50328115439866,2.52971572496523,2.78780403834543,2.75483476464262,3.58048443708641,1.85034321126753,0.452670268124095,0.199200385735665,1.7411541068162,1.23619214988413,2.82825969623789,2.46686305501682,-0.0857576072735355,-4.80814494888457,1.86200696939038,1.96823404246939,-1.13084803285216,-0.327215157119227,1.27738505702646,1.85771166948649,1.54064322605878,2.39599500009702,1.46024083700208,1.44220328151744,-6.17894437059564,6.29073446266037,3.09961701811203,-0.0376377439219908,0.623989347362226
Euro area,EMU,General government final consumption expenditure (% of GDP),NE.CON.GOVT.ZS,20.2395450809842,20.2760390874266,20.350569740836,20.1427141280605,20.2142780243681,20.0108032783951,20.2479779154239,19.9319891284779,19.4059088533528,19.487128733533,19.6450017807594,20.0499043073104,20.4347221160097,20.1516540625536,20.0014771843396,20.0761939606234,19.8160262993939,19.5161497540655,19.5194216801044,19.3626014415163,19.4365062101123,19.7893564087709,20.0541496396328,19.9166536261602,19.9953560797032,19.8052775570433,19.5239462735846,20.0306644018255,21.658490595887,21.4028333465238,20.9983575082726,21.0383951792838,21.1043849020736,20.9600296759542,20.6232453955773,20.5603476275716,20.3519822004311,20.2775555067033,20.3413068001772,22.2125795939203,21.7018509915521,21.1376684539288,20.8111470265893,..
Euro area,EMU,"Unemployment, total (% of total labor force) (national estimate)",SL.UEM.TOTL.NE.ZS,..,..,..,..,..,..,..,..,..,8.22163116412694,8.39137307687599,8.97047357337862,10.5927941975937,11.7404071486652,11.3721641861534,11.6233087401922,11.6193395087287,11.2032356956833,10.4520655498087,9.47222938361836,8.41873260562831,8.67989167075215,9.0208405343962,9.28985762130963,9.14955743402771,8.42908540808872,7.53678965173941,7.54387898457331,9.63277240168371,10.1735187864755,10.2600499297652,11.4154534363541,11.9996372462448,11.6247311658148,10.8815468838212,10.0322067439986,9.06874789296679,8.14583969338391,7.50783594736942,7.83492417826981,7.74374867175729,6.77165015217088,6.55681483975153,6.35492988894135
Euro area,EMU,"Inflation, consumer prices (annual %)",FP.CPI.TOTL.ZG,13.3144055680071,11.9784719523806,9.45954847235317,7.67380262247321,5.39548620170352,2.93357920442327,3.28889821400134,2.70081527508112,4.08905388153545,3.44831217961808,4.04703259753466,5.16378397662331,4.5218241221731,3.50262577413398,3.37384030440144,2.57299919930232,2.00709087666531,1.95711094996816,1.66345995007715,2.85303039287157,2.72449326646328,2.63323912175956,2.38551385959886,2.21620788926273,2.47212179047864,2.7200475052927,2.48231546689541,4.11407022033816,0.437175412792704,1.5205755786839,3.28801427219793,2.54154474108013,1.31023355618665,0.220195628198783,-0.085207229696361,0.166009884375597,1.37503641525343,1.68923965804135,1.44123966942342,0.186938139702113,2.48650438120822,8.4711764559089,5.78431554960867,2.18497406958038
Euro area,EMU,"Mortality rate, infant (per 1,000 live births)",SP.DYN.IMRT.IN,..,..,..,..,..,..,..,..,..,7.98110715318623,7.66946535876303,7.27816413631402,6.84263055594984,6.39901810913901,6.0299355044679,5.65643812834415,5.35348234697065,5.13571880215679,4.90003074505618,4.72156318908891,4.52914850955913,4.37764160580312,4.22025127392047,4.04545063400955,3.92058933076222,3.79106573643357,3.67372142194077,3.57095756552572,3.46580038157192,3.41409120760312,3.32407300153235,3.27053534836446,3.22279263211758,3.19458867885643,3.18124945321777,3.16148384071981,3.13924972204618,3.12113123920241,3.06109921374487,3.03698022817174,3.05787567846989,3.02990230182414,3.00512301199409,..
Europe & Central Asia,ECS,GDP per capita growth (annual %),NY.GDP.PCAP.KD.ZG,-0.131334519190588,0.361610752937565,1.36297101838534,2.05124456568129,2.13842997009527,2.10889305133325,2.44260314472275,3.55344321986257,2.87032276148848,1.75585448636272,-0.27685700831104,-1.10577505979062,-1.09052586991501,1.00446016622261,1.97211474675815,1.6230275885157,2.9495690553798,2.49410470213098,2.79429377539088,4.25036288466178,2.10626194581572,1.38289941824171,1.54580440718478,2.89508987023372,2.41836213411311,3.60186919998272,3.35204609420047,0.591063121817157,-4.81194202902383,2.2513095526689,2.14512354311951,-0.0855113638656917,0.486995736633574,1.52724705804739,1.64802063096236,1.4250851651075,2.47694734005026,1.71777589801263,1.49557920155348,-5.58758271845758,6.68223815052622,3.26114614772823,1.00616843233551,1.20691333587916
Europe & Central Asia,ECS,General government final consumption expenditure (% of GDP),NE.CON.GOVT.ZS,20.1263619371944,20.1136200958485,20.0955971604596,19.8050093301873,19.7082638672552,19.603874685803,19.7113889728536,19.3658640921951,19.1981335302063,19.3879004722367,19.4434816448373,19.7624718355076,20.1553529738797,19.8367154111977,19.3965483870172,19.4067012453318,19.1370017205132,18.7165717601094,18.7798676072756,18.5306533129374,18.8103565353035,19.2954392022821,19.6342832378591,19.4641663492476,19.4221487798757,19.2785617372256,19.0216158148572,19.4184187916314,21.1026553695979,20.5720184545016,19.9392155866903,19.9438140095604,19.9721735596587,19.8386244008288,19.5847862301787,19.6730887024267,19.4340456030418,19.3497508502802,19.5178170004645,21.4078798394052,20.6392237570807,19.8533295091035,19.9054924286979,..
Europe & Central Asia,ECS,"Unemployment, total (% of total labor force) (national estimate)",SL.UEM.TOTL.NE.ZS,..,..,..,..,..,..,..,..,..,..,..,7.6540343739824,8.73666665472684,9.71770683930478,9.4519338229736,9.81404560827671,10.1571960322512,10.1064388083667,10.260866397718,9.22488351653652,8.73662885825117,8.64956819828703,8.74183361029904,8.7336676271247,8.36729247923748,7.95450976674417,7.21791241016894,7.18366353518024,9.12712953904813,9.18612211888442,8.83092017215648,9.04372149020027,9.24009111916475,8.91493139663156,8.52633603195774,8.05533295054516,7.49541973192097,6.98008920608706,6.73002856185318,7.07547809508177,6.94774002300658,5.8488347143357,5.56296412118245,5.33736935822181
Europe & Central Asia,ECS,"Inflation, consumer prices (annual %)",FP.CPI.TOTL.ZG,..,..,..,..,..,..,..,..,..,..,..,..,..,..,..,3.06897732509789,2.20114313510882,2.25241329996422,2.32522152149618,3.11813658076934,3.58983413338112,2.80115505180746,2.22355694364839,2.36536204097302,2.48769665164088,3.21362929606346,2.89500321516578,6.0425125388106,1.30470991024336,2.41890639481001,3.85611244682819,2.77333854051582,1.73403963519163,0.620490636732384,0.36804684232537,0.388838296895841,1.9155884645826,2.01321972250341,1.76373586528845,1.19998396936027,3.19017771027093,10.7805806758686,7.44687717385836,2.74954977606439
Europe & Central Asia,ECS,"Mortality rate, infant (per 1,000 live births)",SP.DYN.IMRT.IN,..,..,..,..,..,..,..,..,..,25.7,25.3,25,24.7,24,23.3,22.1,21.1,20.1,18.9,17.6,16.6,15.6,14.7,13.9,13.1,12.3,11.7,11,10.4,9.9,9.4,9,8.7,8.4,8,7.6,7.4,7.2,7,6.9,6.7,6.6,6.6,..
Europe & Central Asia (excluding high income),ECA,GDP per capita growth (annual %),NY.GDP.PCAP.KD.ZG,..,..,..,..,..,..,..,1.86972558733444,-0.103438144645224,1.52700852469769,-5.57997429131916,-5.56893536575087,-2.68229183133607,-10.3986617449589,0.562966288375108,3.5086437867717,5.26913094194612,2.14444668027693,-1.47921994034117,6.33601254541085,-0.533742278015296,5.9379892152118,6.11735686187649,9.03572109281454,8.00785294228001,7.67305523785646,6.86515557757539,2.36140716676493,-4.18883449431098,6.19709314851646,7.55037315991358,3.18971963842112,5.5749932787362,2.43677461060385,2.6562418707784,1.85831449177658,4.90046538214344,2.60562661599855,1.40045991358137,-0.424214114963902,8.38363112220716,3.66042450315351,5.82983547895073,3.15851843025064
Europe & Central Asia (excluding high income),ECA,General government final consumption expenditure (% of GDP),NE.CON.GOVT.ZS,..,..,..,..,..,..,..,..,15.7740140489272,16.0049437139129,17.1941031843703,16.836210817893,15.9090585880694,15.8089607098097,15.3169496464479,15.5649606477095,16.7417826548655,13.9792654813776,14.7252030233659,13.4460108790353,14.8521573073683,14.6896202063456,14.4783311551319,13.8917746560659,13.6621090232682,13.8480090025152,14.2179580253145,14.1447216940304,15.7300584281527,14.9398696731159,13.7428560677958,14.2396318338407,13.937964542561,13.8722847099801,13.9674238241419,14.6216301333027,14.3941118258607,14.190217060849,14.7497096298363,15.4940893194633,14.0012778867137,14.8811788923945,15.8315238117241,16.4399523223756
Europe & Central Asia (excluding high income),ECA,"Unemployment, total (% of total labor force) (national estimate)",SL.UEM.TOTL.NE.ZS,..,..,..,..,..,..,..,..,..,..,..,..,..,..,6.37110412914698,7.66431045056936,8.20639212379428,9.23753433149776,10.5519747502234,8.55866794538757,9.18371452821665,8.77034901766766,8.58926883279383,8.42504849200814,7.94081093051231,8.10223997617596,8.41546517193158,8.5912513481401,10.3461618415711,9.88397383290408,8.79416115464191,8.46504208131931,8.41821741606095,8.82754009259594,8.83519499857112,8.94860491156291,9.03087889806838,9.10320623584476,9.64778858896742,9.23895310378473,9.96446987419393,..,..,..
Europe & Central Asia (excluding high income),ECA,"Inflation, consumer prices (annual %)",FP.CPI.TOTL.ZG,..,..,..,..,..,..,..,..,..,..,..,..,..,..,..,..,..,..,..,..,..,..,..,..,..,8.52530934477475,9.73750036098622,12.59701701853,4.25894936270728,6.77774669133377,7.8583333333334,3.31605566687647,4.59787897363121,3.06881210379543,4.02768573742726,2.13492713939121,4.60357355778863,2.56572880132715,2.64328192719552,2.74615078213777,6.91756771076073,13.8875841659222,9.07365149809048,3.48974086026954
Europe & Central Asia (excluding high income),ECA,"Mortality rate, infant (per 1,000 live births)",SP.DYN.IMRT.IN,..,..,..,..,..,..,..,..,..,49.9446401539267,49.0948530128133,48.5950693017473,48.0205868462938,46.8903081111934,45.7746822708041,43.8404114551484,42.1593997109961,40.1247070106364,37.9844664857179,35.7022786683549,33.6029786552825,31.532274945396,29.4750493615449,27.7504673927991,25.9231966306966,24.2248285155911,22.7173953757801,21.2628915425095,19.8630353678967,18.7081227304465,17.554593965491,16.4554863855131,15.6315313114737,14.8060432921116,14.1877653545582,13.5205168748911,13.0813559660252,12.73597911055,12.463226083948,12.1551526460306,11.9176977604447,11.7494303786583,11.8860410451798,..
Europe & Central Asia (IDA & IBRD countries),TEC,GDP per capita growth (annual %),NY.GDP.PCAP.KD.ZG,..,..,..,..,..,..,..,..,..,-2.09075113766998,-6.36552710509275,-9.90494909467813,-4.93989471817981,-8.62320058622855,-0.199047652906131,0.899147305386649,2.8817411093487,-0.623404824094493,2.45984628279994,7.4255118256935,2.670707622073,5.06432429753556,6.15733453707263,7.79095913847267,6.56497591888312,7.75113117899681,7.6240954441581,4.22081254690336,-5.02847748138447,4.27612457915083,5.44387954746688,2.95432659479602,2.8303136189094,1.81141271803628,0.980686099058431,1.34908344879953,3.80740745706383,3.28800008962855,2.25054163175599,-1.65991260775733,7.41688193346344,2.42441909381486,4.37027751054293,3.4427181002324
Europe & Central Asia (IDA & IBRD countries),TEC,General government final consumption expenditure (% of GDP),NE.CON.GOVT.ZS,..,..,..,..,..,..,..,..,21.4402682789764,21.9246294969148,19.00529729817,16.6811571572497,20.0461842488658,18.7750531390305,17.6569958628891,17.7472129136078,18.7282149024296,16.2644005539676,15.7671882256096,15.2694149387269,16.4272204123967,16.7708154090055,16.7294268072033,15.9744692910784,15.8871084022537,16.20255441635,16.2330585775479,16.5603372874449,18.3041347109761,17.209505815867,16.1845333974621,16.5177931986974,16.7618385984259,16.3892157506371,16.0609991644334,16.6236424654565,16.5492909187235,16.3961392445614,16.8564761612749,18.1451045812588,16.4201017250412,16.5189415674193,17.2932458935831,18.0922793284235
Europe & Central Asia (IDA & IBRD countries),TEC,"Unemployment, total (% of total labor force) (national estimate)",SL.UEM.TOTL.NE.ZS,..,..,..,..,..,..,..,..,..,..,..,6.42033364202944,6.82711759304488,8.27109629518762,8.42733943557245,8.99963500532131,9.89948271334258,10.3170793453992,11.3383010014579,10.105261297086,10.1035872771983,9.68945789926009,9.5612424018752,9.31605153782477,8.56331133097224,8.25245266448275,7.53392212515399,7.41239571097461,9.23707749856962,8.80521350452303,8.04868405820163,7.55529628455004,7.60734326320988,7.54312871464504,7.52570037744673,7.38767392358669,7.10299911751909,6.85858801899335,6.92449398253101,7.15483535048623,6.87354095574837,5.6097221680126,4.9993875037861,..
Europe & Central Asia (IDA & IBRD countries),TEC,"Inflation, consumer prices (annual %)",FP.CPI.TOTL.ZG,..,..,..,..,..,..,..,..,..,..,..,..,..,..,..,..,..,..,..,..,..,..,..,..,..,7.26159462769945,8.75618090972639,12.3487195994021,3.79539242483405,6.14255360247247,7.66862955607735,3.37349808387404,3.38485646137123,2.53187831406914,3.86763469978396,1.1988728289259,3.13106248590118,2.61122378263799,2.67599202639889,2.73249209419427,5.10641129002836,13.8875841659222,9.40235694928791,3.48974086026954
Europe & Central Asia (IDA & IBRD countries),TEC,"Mortality rate, infant (per 1,000 live births)",SP.DYN.IMRT.IN,..,..,..,..,..,..,..,..,..,37.1503461364251,37.0367906739449,37.225647234551,37.3446501536125,36.4452301827252,35.7700531322701,34.3521242099902,33.153524955973,31.5709223535872,29.9294056152136,28.031673230283,26.3032991949487,24.5420973947175,22.874925723115,21.5470771732137,20.1856659071204,18.8740316475238,17.555939460181,16.3674105957231,15.316079648109,14.4603329417282,13.715947119287,12.9456179939798,12.3781247398687,11.7509439500905,11.1734339546534,10.600246224994,10.2361551385643,9.9385404650361,9.72256083968197,9.46628151990603,9.27095003536383,9.12374934703656,9.17673225325607,..
European Union,EUU,GDP per capita growth (annual %),NY.GDP.PCAP.KD.ZG,0.131748009289879,0.509604329869504,1.1791600386549,2.29661914495465,2.07814070066613,2.30154593914446,2.24607765072398,3.79188096380956,3.53401790712064,2.94772868247786,1.1672464054606,0.608793196321542,-0.91828594673305,2.44582571453809,2.53074100306311,1.75038863638935,2.53051867915823,2.84403884070616,2.8345555506008,3.80973793626089,2.02587062576305,0.859833016920845,0.566360919693039,2.20315112011833,1.61035098692153,3.21567426786594,2.78199478591708,0.286208661401119,-4.55448824076477,2.02278193173282,2.11694024136142,-0.908994194741339,-0.116089307412196,1.51576109978929,2.16924219130421,1.74358093946769,2.64539336567664,1.8233708227545,1.74481413787839,-5.5650875600696,6.51053648957918,3.15093790477398,0.0704760633023085,0.854945159618367
European Union,EUU,General government final consumption expenditure (% of GDP),NE.CON.GOVT.ZS,20.7079123041933,20.7084808040267,20.7444169193216,20.4835727331473,20.5444487535194,20.3397635151908,20.5579900081928,20.2551204175145,19.7700553416297,19.9320806349268,20.0880933776594,20.490553606309,20.8119058434999,20.4685180181632,20.2194070401822,20.2900750124633,20.0213642538806,19.7374888539012,19.7937287545519,19.6182771975039,19.686610222454,20.0546484322618,20.3470993050672,20.1519686925965,20.1998784005226,20.0065036054808,19.6922449626236,20.1782371236136,21.7435702655648,21.4810694910083,21.0360956702916,21.096401342916,21.185192581557,21.0361792304451,20.6925997371853,20.6615957108952,20.4434314584145,20.3766198260958,20.4334370853623,22.1973453306569,21.6718168875277,21.0418419012724,20.8160401968522,..
European Union,EUU,"Unemployment, total (% of total labor force) (national estimate)",SL.UEM.TOTL.NE.ZS,..,..,..,..,..,..,..,..,..,7.44642165096745,8.12326490438157,9.27605544765715,10.8720709314946,11.5064098802499,11.035918097976,11.1119453215069,10.9454939970371,10.5266327323995,10.2127404292856,9.70648142104999,9.21023289249237,9.56474012915663,9.70354629905559,9.85574243526537,9.63148127948681,8.68652334151983,7.50180506167496,7.24140110289056,9.21098706069366,9.87273269443519,9.92845830052384,10.8756461962427,11.3509627247917,10.8255500658124,10.0171568889365,9.10668849489035,8.13322601114697,7.24515747039176,6.67825315263667,7.05643113114169,7.03119214454814,6.16004099279901,6.02392546664748,5.90821940150296
European Union,EUU,"Inflation, consumer prices (annual %)",FP.CPI.TOTL.ZG,11.935662982339,9.8528766623784,8.77114656085868,7.8590225062087,5.61329297012435,3.75261289203056,4.0665111594411,4.68620183753042,5.5162774019625,6.14956531179849,4.31021289843465,5.27058998592932,4.62673468331297,4.05184218065717,4.22281614099486,3.31391145924173,2.14570620323299,2.18340863404483,2.15717918055059,3.04210080667795,3.37396832213867,2.46532319171166,2.09847219146923,2.28621706801675,2.45654692931639,2.66631494577069,2.51066565240339,4.16497193524764,0.839262246793891,1.53112270420927,3.28944939564209,2.6628416550802,1.21999342274302,0.199343826570771,-0.0616446800641597,0.183334861123829,1.42910743319303,1.73860861988179,1.63052260754342,0.476498852725014,2.55450699642037,8.83369886749455,6.29942487419122,2.43531202435312
European Union,EUU,"Mortality rate, infant (per 1,000 live births)",SP.DYN.IMRT.IN,..,..,..,..,..,..,..,..,..,10.0894162841563,9.65079443402744,9.17328509025981,8.70241723112204,8.24965868254747,7.76359459717007,7.29422998396271,6.87367375859867,6.53217565874518,6.19284569442224,5.90483764187873,5.62693545206045,5.42840023672902,5.25027609841993,5.04461386348596,4.87230648501981,4.6579441226426,4.45760190622225,4.30176836944364,4.14754996415979,4.00446358361651,3.85472670960752,3.75974229522096,3.65713209823215,3.5873473098987,3.52981745343064,3.46963134457982,3.41215159530482,3.34760221362294,3.25836400565364,3.21949239060874,3.21384433385185,3.18683214828156,3.17037478192545,..
Fragile and conflict affected situations,FCS,GDP per capita growth (annual %),NY.GDP.PCAP.KD.ZG,-8.53575604637894,-3.00401626616004,-6.83049639446737,-3.44700762591536,1.8576156983837,-2.39279325048327,-0.831673109220333,1.33578296180549,-1.25637065352855,2.36411665541689,-8.0867073555781,-2.29028346616784,-4.54660078389483,-6.07708418949665,-2.92848869400612,1.08379279322163,2.28032349052474,2.55578962085646,0.698407007547615,3.04732384866098,1.77498906839071,2.26121075395702,-1.38141492208256,8.64780504545726,3.33784919235545,3.28167049523572,3.52098762930832,2.54836837146817,0.488536448788864,4.42616907320441,-2.35458135674406,3.05098133069149,1.0201747199708,-0.00788853440630533,-1.39649854930731,-0.0818528610712548,0.32325390646082,0.523240519871536,0.0862238486017901,-7.11051082000364,0.223556596159398,-0.663208703411172,-0.0293638863983006,-0.670309092422613
Fragile and conflict affected situations,FCS,General government final consumption expenditure (% of GDP),NE.CON.GOVT.ZS,..,..,..,..,..,..,..,..,..,..,..,..,..,..,..,..,..,..,..,..,..,..,..,..,..,..,..,..,..,..,..,..,..,..,..,..,..,..,..,..,..,..,..,..
Fragile and conflict affected situations,FCS,"Unemployment, total (% of total labor force) (national estimate)",SL.UEM.TOTL.NE.ZS,..,..,..,..,..,..,..,..,..,..,..,..,..,..,..,..,..,..,..,..,..,..,..,..,..,..,..,..,..,..,..,..,..,..,..,..,..,..,..,..,..,..,..,..
Fragile and conflict affected situations,FCS,"Inflation, consumer prices (annual %)",FP.CPI.TOTL.ZG,..,..,..,..,..,..,..,..,..,..,..,..,..,..,..,..,..,..,..,..,..,..,..,..,..,..,..,..,..,..,5.03378120470463,5.47829594346121,4.44648435335714,2.43294141599223,3.16909796750827,3.78722687618845,4.25103775087231,3.21453925489093,2.37758732789784,2.9308718405117,4.37147715792633,7.00530945399787,7.11459205344453,4.42622607851949
Fragile and conflict affected situations,FCS,"Mortality rate, infant (per 1,000 live births)",SP.DYN.IMRT.IN,..,..,..,..,..,..,..,..,..,97.6792358083557,99.5856060711734,98.839766856858,95.4060169128175,94.1816262923603,93.3487314346685,92.0039116552147,90.3381713512205,89.7027544946524,86.4084145839055,84.178849610985,81.8621003611946,79.3387060759909,76.9629576603422,74.7804517715081,72.4166565931262,69.7541880035516,67.4886394870902,65.7981891228558,64.5523111622916,62.3629678098493,62.6323439057374,59.136271592324,57.5271972965154,57.1974564829155,56.3293940413087,55.4658366443468,54.7335350981898,52.3495271634906,51.0904174534603,49.4971960235411,48.4897828488366,48.5154059942791,45.9686669748043,..
Heavily indebted poor countries (HIPC),HPC,GDP per capita growth (annual %),NY.GDP.PCAP.KD.ZG,0.622189338133978,-1.90549168612338,-2.35722203271214,-1.49451275087746,-1.17284510435712,0.35150975134168,0.494933246093069,-1.47385011621131,-1.28090741210318,-3.68294658303951,-2.12945781451251,-4.06899484301425,-2.74186425521088,-3.06755875274605,1.92414823131945,2.12954630385451,2.62882376685556,0.63094626952207,0.205850593851636,0.11663999763563,0.871220903546941,0.956991913863831,0.979117351183518,2.84947303793737,2.70276235090641,2.85210848937956,2.56924609875627,2.74349607745543,0.707448317899747,3.28036945352925,1.71265576654129,1.13173489007654,2.76726938172153,2.63295976331418,1.97843193433367,1.48871549752873,1.99548037024917,1.29325444439749,1.601344399046,-2.4912328951045,1.46665633531968,2.29350139170718,0.841678816226477,2.54857750779902
Heavily indebted poor countries (HIPC),HPC,General government final consumption expenditure (% of GDP),NE.CON.GOVT.ZS,..,..,..,..,..,11.9034183358567,12.723528926301,11.2265828309934,10.6273254563521,10.8766398347453,11.2514808886833,12.6173043503992,12.3026586470789,10.8838494107694,10.1040573163062,9.86504847907778,9.71549358622909,10.676523672788,10.6663454561712,10.042420904519,11.0849075211546,11.0568367818407,11.5472118852737,11.7119183654827,11.4037796533393,11.0238445289366,11.4828016577513,10.9879352899141,11.1000737001422,10.6167892487959,11.5575844791941,11.1590681034073,11.1360065295129,11.2863097246375,11.3510163901086,11.4864924024377,11.7141212129069,10.9953121779839,11.1822144850458,11.7771596958123,11.4045163424895,11.3108636965246,10.8405834517405,10.8844301980983
Heavily indebted poor countries (HIPC),HPC,"Unemployment, total (% of total labor force) (national estimate)",SL.UEM.TOTL.NE.ZS,..,..,..,..,..,..,..,..,..,..,..,..,..,..,..,..,..,..,..,..,..,..,..,..,..,..,..,..,..,..,..,..,..,..,..,..,..,..,..,..,..,..,..,..
Heavily indebted poor countries (HIPC),HPC,"Inflation, consumer prices (annual %)",FP.CPI.TOTL.ZG,..,..,..,..,..,..,..,..,..,..,..,..,..,..,..,..,..,..,..,..,..,..,..,..,..,..,8.68057078513405,14.1519666091977,4.41500374795223,4.82734190074673,6.38109582460691,6.01429442253115,5.16189898581494,3.96986045166307,3.77406982025571,4.66466235810214,4.97595150553836,3.06735996058356,2.80270307928108,3.48393567493207,4.48087963413447,9.57337118555955,7.12697482131851,4.53061267315864
Heavily indebted poor countries (HIPC),HPC,"Mortality rate, infant (per 1,000 live births)",SP.DYN.IMRT.IN,..,..,..,..,..,..,..,..,..,107.642999483698,109.408398576291,108.056973990023,103.56134252621,103.731683725914,100.278522804013,98.4940017578966,96.5458063178002,94.4078574197399,91.6945889853,88.7084353075979,85.5033848675168,82.1763332771632,78.9363447870241,75.9331490941173,72.8490800312807,69.7106432983413,66.9921084171849,64.5292380232775,63.480811445414,60.9266611246967,61.0374988940023,56.8488255709245,54.7200650583484,53.338418171451,51.6687761264626,50.2269860030065,49.2879045338745,47.6038261321914,46.5290188133556,44.9638438232595,43.9350670309859,44.0104847065421,41.3600560328369,..
High income,HIC,GDP per capita growth (annual %),NY.GDP.PCAP.KD.ZG,1.15327904395008,-0.904050268267397,2.16345937038311,3.99708022926258,2.86456985732603,2.44898062184956,2.85331730154404,3.94550476532108,3.15444981964228,1.9874841511318,0.133642632159336,0.78666891410731,0.418908819483903,2.26940230191413,2.12376780642587,2.31011637495955,2.92435492467298,2.16226278320899,3.03990506296994,3.7355617804143,1.08080059171192,1.1206457064052,1.76118480590925,2.96093435384451,2.44061134926999,2.63181100759466,2.17946282210491,-0.0214219454886546,-3.94499436657661,2.57866851696143,1.59637103648566,0.863881210923537,1.03109191944679,1.59961856302149,1.70547685302607,1.21354158116469,2.02405374518237,2.01501148746219,1.57078007529022,-4.13050337624806,5.96888566157625,2.51051033461297,1.08161783520433,1.2723424713425
High income,HIC,General government final consumption expenditure (% of GDP),NE.CON.GOVT.ZS,17.7028706420964,18.158569089721,18.0142560964525,17.445872534461,17.4487365255826,17.502534261114,17.4983961569077,17.0759470890584,16.9824539928201,17.3327849197763,17.4887897061169,17.576075133958,17.4546353893959,17.1238337679464,16.9728469407518,16.8780340938204,16.5906276138191,16.5176564218407,16.5101672604079,16.3484584175783,16.7761062201657,17.2737641485259,17.6130838960665,17.5342174589343,17.4481568734951,17.355074744683,17.3536675105004,17.8951629116204,19.1882923465166,18.8219311020692,18.4778039308184,18.2370726456782,18.1052899782876,17.8978187673818,17.530683273449,17.4601960430696,17.2244613434609,17.2317025645239,17.3749108548827,18.8024841622432,18.1698831428513,17.3686813147602,17.3696486236253,..
High income,HIC,"Unemployment, total (% of total labor force) (national estimate)",SL.UEM.TOTL.NE.ZS,..,..,..,..,..,..,..,..,..,5.75027767895224,6.55139015197907,7.09074819667448,7.60284187912205,7.92385131983361,7.72172346345043,7.77511472453237,7.79179118838604,7.73204760884782,7.65962492703763,7.06018632232088,6.91062268988955,7.23742419704904,7.35949575484376,7.1593676915283,6.79440576540458,6.33253838550155,5.71669116905534,5.95153287685689,8.09109083381877,8.20879361002298,7.89030597363385,7.78106579876175,7.70767757374077,7.09279700200173,6.60104413816696,6.11026478918288,5.60446965933019,5.10401452475116,4.7840433674263,6.49674965049541,5.60444538803755,4.53608873324527,4.37293076494536,4.39329198228292
High income,HIC,"Inflation, consumer prices (annual %)",FP.CPI.TOTL.ZG,..,..,..,..,..,..,..,..,..,..,..,..,..,..,..,..,..,..,..,..,..,2.42443661219696,2.09199838997654,2.21620788926273,2.60932308197749,3.1076654587105,2.78679745804946,4.67145248717947,1.43813538308952,2.23148916021999,3.41374547661776,2.710119177355,1.50472330251882,1.04119621178439,0.330027165141348,0.39476930668638,1.58909413567799,1.88110801380598,1.61519988737214,0.598986330824666,2.5183710961421,7.35165155325367,4.83372362825795,2.35166355962357
High income,HIC,"Mortality rate, infant (per 1,000 live births)",SP.DYN.IMRT.IN,..,..,..,..,..,..,..,..,..,11.4,10.9,10.4,10,9.6,9.2,8.8,8.5,8.2,7.8,7.6,7.3,7.1,6.9,6.7,6.4,6.2,6,5.8,5.7,5.5,5.4,5.3,5.1,5,4.9,4.7,4.6,4.4,4.3,4.3,4.2,4.2,4.1,..
IBRD only,IBD,GDP per capita growth (annual %),NY.GDP.PCAP.KD.ZG,0.303788209280668,0.921581592272219,-0.200264005801444,2.99651619409174,2.54073933098553,1.93041954077553,2.91950882392015,2.1289987701004,1.34170507944063,0.195113763704398,-0.498054463501546,0.0206207739090303,2.19236767163491,2.15491170520778,2.58570602588844,4.0344220758119,3.95738804514345,1.34099084103119,2.44896956148644,4.63587192117157,2.41279941011085,3.43971048067975,4.82033926488343,6.469608856094,6.07183744553888,7.17540463227108,7.86438545727803,4.86489488567625,1.77391573558445,6.72577964292694,5.26655528727629,4.32034904253651,4.09221776954487,3.74110332429558,3.35479275200461,3.55346338628266,4.2527770404663,4.05923831219783,3.22040318730663,-1.92202654946702,7.03345897564924,3.25177211054375,4.31184464252507,3.74477156975016
IBRD only,IBD,General government final consumption expenditure (% of GDP),NE.CON.GOVT.ZS,13.695248331208,14.2426443604333,14.0618011822604,13.6711029467067,14.0080958665028,14.3903284202873,14.113337220641,13.9104996367384,14.6193925896778,14.2884947691591,13.3485580458173,12.8065814173005,14.03693079648,13.8425678594655,14.3065317338324,14.0005630702534,14.4172738992499,14.573477971945,14.3926899034696,14.1536565869053,14.4144494865586,14.371659381043,14.2191181247814,13.8482460386803,13.9135306123208,13.9776177291937,14.0077359241811,14.2801418360007,15.2190576485771,14.7429524648652,14.9894675546468,15.1574861517278,15.3365733466382,15.2944153209558,15.4692895027385,15.5431808218268,15.5526913655546,15.5986172870589,15.8132256356251,16.5173630868664,15.3158345131027,15.2206886695225,15.6027957392272,..
IBRD only,IBD,"Unemployment, total (% of total labor force) (national estimate)",SL.UEM.TOTL.NE.ZS,..,..,..,..,..,..,..,..,..,..,..,..,..,4.0716910499478,..,5.12394768281001,5.35194404560519,5.7533033576772,6.10323465134733,5.41009172978966,6.27690418030624,6.76772944142303,6.58693594246793,6.49667069005545,5.81027417122101,6.10652064056396,5.76958898232984,5.73468670295371,6.02040451681136,4.9856465167763,5.61936898629232,4.93401947411487,5.35657497207816,5.37936353930472,..,..,5.61563617160333,6.34522170255272,6.17066744476537,6.97486595718355,6.44431602020619,5.7482749898503,..,..
IBRD only,IBD,"Inflation, consumer prices (annual %)",FP.CPI.TOTL.ZG,..,..,..,..,..,..,..,..,..,..,..,..,..,..,..,..,..,..,..,..,..,..,..,..,..,6.55851412276983,6.40656087966005,9.99948761552747,3.99895451849943,4.15672722680173,5.45497370685038,4.21238075950269,3.98471235548128,3.58922016616669,3.12900274473927,2.12081713361586,3.32389447576103,3.22703471046143,2.58405829251272,2.41513094083414,4.27166381536798,8.95773596177512,6.07524384579656,3.3367500928228
IBRD only,IBD,"Mortality rate, infant (per 1,000 live births)",SP.DYN.IMRT.IN,..,..,..,..,..,..,..,..,..,56.9275080106418,56.4503459493181,55.4152694536821,54.2197612697099,52.9497293908697,51.5913105766031,50.195129903482,48.7681634241748,47.2840330175586,45.7101346438822,44.0503236479478,42.5676240619616,40.8841589369302,39.1979771001336,37.5849161449109,35.7591493426634,34.0593558865511,32.3489691775783,30.7504795946127,29.2859587421215,27.9420072164342,26.6482998784131,25.0773042853732,24.0389611233001,22.6466728921061,21.8814857382177,20.891497644478,19.8921923488784,19.5785117970087,18.9055225641147,18.5928735549577,18.1460778280348,17.7571168549093,17.3059259032933,..
IDA & IBRD total,IBT,GDP per capita growth (annual %),NY.GDP.PCAP.KD.ZG,-0.168771934565086,0.411830403891429,-0.66119045327855,2.45973650513022,2.33316478463988,1.66736017389439,2.61941902713552,2.03606845793405,1.06867530457227,0.186687354053177,-0.619558676759894,-0.157434362149473,1.68072370190522,1.66120923161263,2.28210991549957,3.70711359854825,3.55235328917038,1.14497172010721,2.11180044028565,4.1900940223651,2.16394817984178,3.20894893616898,4.42151648838636,6.08163565935786,5.6728725006566,6.65600489487525,7.26135224623228,4.45276751234796,1.6253697590754,6.25240538643472,4.7677826022648,3.86452254014796,3.83721370617491,3.51514633491557,2.99361518818912,3.14516086282677,3.82935591283866,3.65724588957714,2.83408658945265,-2.29059303291417,6.32868705219047,2.83465194620787,3.71193053036936,3.28887218911314
IDA & IBRD total,IBT,General government final consumption expenditure (% of GDP),NE.CON.GOVT.ZS,12.9306723656045,13.4722737765519,13.6002678902893,13.4408187809397,13.7321466429484,14.3849967781636,14.1773258970222,13.9612562315062,14.643116436039,14.2863242129774,13.3653759682763,12.9653838677258,14.0603548459688,13.7645266279753,14.0187496289081,13.6489221594827,13.9996665410751,14.0865468610113,14.2545676804124,13.9881147264193,14.2376695031461,14.167431120156,14.0302276112405,13.6848105701149,13.7209438223566,13.7746860093661,13.8333621142468,14.0786424518035,15.00247436052,14.5399752376831,14.8103177892332,14.9636334262264,15.1111940738804,15.0418382230271,15.1969632140712,15.3063281137214,15.3485649482916,15.3759195578091,15.5602922000319,16.2482300892184,15.1508286965931,15.0364650156297,15.4448921863092,..
IDA & IBRD total,IBT,"Unemployment, total (% of total labor force) (national estimate)",SL.UEM.TOTL.NE.ZS,..,..,..,..,..,..,..,..,..,..,..,..,..,4.09719293131331,..,..,..,..,..,5.40541774961801,..,..,..,..,5.7705309036033,..,..,..,..,4.81393406140807,5.21411583839781,4.83331809873295,5.00745241286571,..,..,..,..,6.19257843582616,6.15287634093591,6.72069111585614,6.323500947878,..,..,..
IDA & IBRD total,IBT,"Inflation, consumer prices (annual %)",FP.CPI.TOTL.ZG,..,..,..,..,..,..,..,..,..,..,..,..,..,..,..,..,..,..,..,..,..,..,..,..,..,6.14911606456572,6.48708037786121,10.2266663272483,4.20251661216482,4.03194542028741,5.78925328815879,4.6118443220664,4.33893848329103,3.51695551369242,3.15783117980925,2.81833288054799,3.44637335032668,3.19834755924998,2.68537355266785,2.91924445145124,4.26020772482841,8.48730869535042,6.27439667698539,3.60452203847959
IDA & IBRD total,IBT,"Mortality rate, infant (per 1,000 live births)",SP.DYN.IMRT.IN,..,..,..,..,..,..,..,..,..,69.4327828042993,69.8361066798568,69.1300238039154,67.7585602804482,66.8990897677647,65.4797326573462,64.2277099104191,62.8403726552258,61.5778176555801,59.6898907988078,57.7333693944492,56.0102568238458,54.0639255841069,52.1836004735656,50.3222666974289,48.3636232504531,46.4972563212447,44.6850556971635,43.0736340437462,41.6954512317975,40.2486651799244,39.3377891912301,37.2535798685676,36.1670259322832,35.0671905142375,34.3036394858353,33.2297504955127,32.4046382256703,31.7816732523862,31.1087124272407,30.768023101735,30.3354112438244,30.1389107010954,29.1378116819422,..
IDA blend,IDB,GDP per capita growth (annual %),NY.GDP.PCAP.KD.ZG,-6.8714557758001,-4.18207149577617,-5.88446741808725,-1.60457302464539,2.77878747263614,-0.188071536474041,0.362626532149577,2.89188459933396,0.0765560252816897,2.80484201919853,-1.07903164571024,0.0324193179196897,-2.89991350174074,-1.76106745528666,-0.434846819745403,1.95715047358158,-0.243554603310187,0.108644929296915,-0.562123186850584,0.867876443257458,1.26310161280449,3.763615392327,1.97356686070147,4.713275592348,3.36413276507682,3.12518590500221,2.71520663992644,1.4782153517545,3.18337050656132,3.27296438015019,1.68538130313365,2.1530639987877,3.44767071689259,3.57019260079983,1.75616580489229,0.289531181943275,0.75764499212687,1.80710186284728,0.996577941510225,-3.37330664407763,3.16388476422078,2.33226510781488,0.804068920235721,1.94337284568762
IDA blend,IDB,General government final consumption expenditure (% of GDP),NE.CON.GOVT.ZS,..,..,..,..,..,..,..,..,..,..,..,..,..,..,..,..,..,..,..,..,..,..,..,..,..,..,..,..,..,..,..,..,..,..,..,..,..,..,..,..,..,..,..,..
IDA blend,IDB,"Unemployment, total (% of total labor force) (national estimate)",SL.UEM.TOTL.NE.ZS,..,..,..,..,..,..,..,..,..,..,..,..,..,..,..,..,..,..,..,..,..,..,..,..,..,..,..,..,..,..,2.73979112781899,..,3.5474170860364,3.5358267754864,4.10756654371273,4.6280997111489,..,..,7.62246044412275,..,..,..,..,..
IDA blend,IDB,"Inflation, consumer prices (annual %)",FP.CPI.TOTL.ZG,..,..,..,..,..,..,..,..,..,..,..,..,..,..,..,..,..,..,..,..,..,..,..,..,..,..,4.1349131333157,7.40385437010742,0.991103480568084,3.25034409180129,4.69315868608744,4.17763587102518,2.58117037252936,1.20139964481059,1.37488542621438,1.65038994431567,1.14765339305811,2.4803084319191,1.989587441209,2.11018901952464,3.46677876951927,6.32752007290451,4.56457719814893,3.46637314660163
IDA blend,IDB,"Mortality rate, infant (per 1,000 live births)",SP.DYN.IMRT.IN,..,..,..,..,..,..,..,..,..,99.0291082312748,98.5406251913761,97.9960990256518,97.4296076285921,96.7017800376882,95.6766662389693,94.411933567149,92.7926844332668,90.9988808876179,89.0694236477062,86.9409967373038,84.8418015046188,82.4867805719193,80.4184625607316,78.2972902802241,76.2549878893653,74.3194974193571,72.5032691201803,70.7350207898314,69.2212693024844,67.7377616008734,66.4739114403638,65.0606385629548,63.701329502373,62.3492363437094,61.0172110589809,59.7387697723443,58.4150306171814,56.8953832803911,55.4405844429813,53.9202572114668,52.4355453327047,50.9914254908524,49.5417880591402,..
IDA only,IDX,GDP per capita growth (annual %),NY.GDP.PCAP.KD.ZG,0.964733538565028,-1.61835925106116,-1.12921820902845,-0.640856203459947,-0.366917763950681,0.471074285812307,1.24236402985645,0.612346137977156,-1.24303568747938,-1.1874429533171,-0.487239323191474,-1.38572321014102,-0.469416844719177,-1.61529000899321,2.32689439287554,2.24311889794468,2.61593557119627,1.63759272500195,1.37374184069394,1.93950142032674,1.7193612680029,2.03142152919537,2.90685756548864,3.62735073584656,4.06286822043671,3.97666845219706,4.00205618072387,3.57352749489299,1.94352856312409,4.09849063210899,1.93708692361889,0.103975433447019,2.69296972103812,2.90680638148031,0.862138895388568,2.00043270487858,2.86747561242558,2.49043216687228,2.56302069548151,-2.59915268319004,1.35964271616177,2.12008201912688,0.989229063952052,2.2572368820551
IDA only,IDX,General government final consumption expenditure (% of GDP),NE.CON.GOVT.ZS,..,..,..,..,..,..,..,..,..,10.2972263467393,10.7739869333484,11.5397147001462,11.4320732835617,11.1308525818924,9.68993483670285,9.29154535742237,9.19527312587411,9.79368329689328,9.52380057934834,9.38407191356407,9.99706500742968,10.2624161408874,10.5281532566045,10.9515999941564,10.727986862375,10.5975536174288,10.9455003443812,10.4699060545764,10.7093983351841,10.117043874455,10.5266643057798,10.3076573911827,10.2071761535819,10.2056205492614,9.8662024604489,9.62547365102061,9.7674092228728,9.43402767908882,9.50984619838566,9.69907115188798,9.54916848019613,9.42212158007268,9.14551070307228,9.29458769939108
IDA only,IDX,"Unemployment, total (% of total labor force) (national estimate)",SL.UEM.TOTL.NE.ZS,..,..,..,..,..,..,..,..,..,..,..,..,..,..,..,..,..,..,..,..,..,..,..,..,..,..,..,..,..,..,..,..,..,..,..,..,..,..,..,..,..,..,..,..
IDA only,IDX,"Inflation, consumer prices (annual %)",FP.CPI.TOTL.ZG,..,..,..,..,..,..,..,..,..,..,..,..,..,..,..,..,..,..,..,..,..,..,..,..,..,..,8.01243669043408,11.8036825944824,4.62294778323744,4.7631162752545,6.42939681072337,5.9413013158571,5.00964645344951,4.12924306873774,3.55075967356746,3.95888846593072,4.44769937376297,3.06735996058356,2.86758803446903,4.20179312190558,4.48087963413447,9.45801281304023,7.12086716935025,4.19081721344524
IDA only,IDX,"Mortality rate, infant (per 1,000 live births)",SP.DYN.IMRT.IN,..,..,..,..,..,..,..,..,..,102.207885753894,102.678410712286,101.123478865234,97.1825861024645,96.3173880986962,93.2510383044663,91.2663389382337,89.0378908181081,87.7402537324514,83.8308728680282,80.8265778654363,77.6839152013424,74.5398937374362,71.5752888339316,68.9036997002015,66.0843948320766,63.2940725985228,60.7819078318983,58.9328418466047,57.5647895363453,55.3410404554705,55.2936628535695,51.8582664632197,50.0397613329264,49.4569527275608,48.3346454118107,47.155152334448,46.2502667775613,43.9276981822977,42.7511955922775,41.3770079139356,40.5009461575421,40.5319767556079,38.3197770437326,..
IDA total,IDA,GDP per capita growth (annual %),NY.GDP.PCAP.KD.ZG,-3.10337197235204,-2.83662779173258,-3.56616796404062,-1.07493333611161,1.34524101448412,0.235034076415189,0.891611220945251,1.94794271652148,-0.418019697239984,1.12177903316098,-0.690359016083548,-0.575097343757932,-1.78417568381877,-1.68073614846743,0.870763187031898,2.12277487683339,1.13553736591136,0.872950079881576,0.396375151267733,1.429868883371,1.53888100079078,2.93152956942295,2.44028374971748,4.21824052554204,3.73382642025607,3.56284354781747,3.39023708683651,2.56361122292066,2.61279382675848,3.73440246522667,1.84157783586964,1.13797389554865,3.08622900195019,3.23941854277746,1.29999239893269,1.08962209037058,1.7617076899237,2.10924745102734,1.73687784068754,-3.02259568071402,2.20744499562475,2.19100212305372,0.851336435732321,2.05249290599652
IDA total,IDA,General government final consumption expenditure (% of GDP),NE.CON.GOVT.ZS,..,..,..,13.6035129072473,13.4139652540788,16.2942053686531,16.9071702239826,16.4225867203994,16.4330665800261,15.6240811638694,15.6208542662697,16.603017566542,15.7347181078417,13.542385694325,11.1007947509961,10.2293586505676,9.47024792101024,9.32921751405541,12.4451862595845,12.1403259322715,11.9791263605474,11.9734138447859,12.1214326822644,12.0391650688385,11.3275030414301,11.2674169408499,11.302964511939,10.9866892882853,11.7377371592227,10.8694453804042,11.0815036744014,10.8288408170328,10.6801063233453,10.5641504187955,10.8558200624358,11.4620985446186,11.6184804205451,11.2405492612206,11.0608866794679,11.6559248382157,11.578701196555,11.3312787818125,11.5214672736422,12.0594412506792
IDA total,IDA,"Unemployment, total (% of total labor force) (national estimate)",SL.UEM.TOTL.NE.ZS,..,..,..,..,..,..,..,..,..,..,..,..,..,..,..,..,..,..,..,..,..,..,..,..,..,..,..,..,..,..,..,..,..,..,..,..,..,..,..,..,..,..,..,..
IDA total,IDA,"Inflation, consumer prices (annual %)",FP.CPI.TOTL.ZG,..,..,..,..,..,..,..,..,..,..,..,..,..,..,..,..,..,..,..,..,..,..,..,..,..,..,6.55722772638066,11.0595466061807,4.29706572955358,3.73337757704245,6.27075302995686,5.32312847064055,4.81507152137759,3.47756105663922,3.16346457365876,3.37153003512097,3.89251625363387,2.9676036600445,2.72643037388829,3.48393567493207,4.18621506523519,8.06408196804895,7.10220928557054,3.92206330291069
IDA total,IDA,"Mortality rate, infant (per 1,000 live births)",SP.DYN.IMRT.IN,..,..,..,..,..,..,..,..,..,101.099737573875,101.225519260415,100.02208310257,97.2692071201072,96.4518549281586,94.098859896389,92.3672355610513,90.3503595924884,88.8802862492535,85.672917537905,82.9836015705562,80.2156405948841,77.3552265680671,74.7141946903268,72.2327695890696,69.7044088162398,67.2488344576535,65.0210316793996,63.2503324611337,61.8614851795559,59.9353026585794,59.4434830407051,56.7406223295395,55.0726039599942,54.1909593076065,52.9565538330763,51.6859645921813,50.59489119295,48.5145941529772,47.1954776104743,45.736384443873,44.6460203206208,44.1536280844604,42.1951603422233,..
Late-demographic dividend,LTE,GDP per capita growth (annual %),NY.GDP.PCAP.KD.ZG,-1.26427359504657,0.40217330951937,0.24768418940198,6.31298172932557,5.7082259634925,4.20714584229242,4.80083523270045,3.52770285739494,3.19276672944349,-1.09820118464673,-0.757586068986285,-0.3763907681776,3.18666991214288,3.35064233172839,4.60695035907467,4.07488415195274,4.62974189577223,1.92013996228957,3.76271306078347,6.19641911353706,4.42730074224995,5.33553054190097,6.18766222944352,7.51740430411442,7.12190856452951,8.59806753809862,9.4919053616039,6.26312629768965,3.10162148240028,7.42734911141731,6.49400430564444,5.05219831932786,4.89748641918324,4.52215943810421,4.00308592542409,3.76899655931796,4.60806009077078,4.86507568107028,4.26871993558882,-0.0122857297832013,7.40136487390963,3.13947147689986,4.24085522533835,4.35192598931624
Late-demographic dividend,LTE,General government final consumption expenditure (% of GDP),NE.CON.GOVT.ZS,13.3588128010105,14.0618082608507,14.562342232434,14.6547979274506,14.9186753798603,15.1083221983862,14.8119053189981,15.0261826276936,16.5032750744363,17.6828325707199,15.9876013846819,15.1672608540169,16.5274833235182,16.1464381027677,16.7322689536257,16.3918662076817,16.7203782424059,16.8247166109198,16.6621075461495,16.2891378046193,16.451345173471,16.5031853836942,16.081704752966,15.4672165039456,15.5061245728375,15.5273747170104,15.4865806332035,15.5311467861288,16.4162844902385,15.9446224692551,15.96441672509,16.1463149131431,16.3431542668182,16.2554361819816,16.4338697149442,16.6374076717751,16.6429342354276,16.6914985954568,17.0033033227572,17.7011657763726,16.4263080372842,16.3741403529806,16.9078543230637,..
Late-demographic dividend,LTE,"Unemployment, total (% of total labor force) (national estimate)",SL.UEM.TOTL.NE.ZS,..,..,..,..,..,..,..,..,..,3.05446811151959,2.83066921781163,3.58211497625556,3.75086057167919,4.04550884335776,4.49977647982479,4.55531276367788,4.85678383640374,5.04200943039421,5.3717903122082,5.18831041347928,5.42155990861088,5.67003965970026,5.75907697472707,5.55376774149528,5.57554079998071,5.23879740557804,4.91414772299327,5.05734018798324,5.34469506054135,4.70118313772642,4.86026256384127,4.74883047157708,4.68254229413207,4.62029237126735,..,..,4.8845037008598,5.41986329892805,5.56535000813962,6.24045991744637,5.84765707287389,..,..,..
Late-demographic dividend,LTE,"Inflation, consumer prices (annual %)",FP.CPI.TOTL.ZG,..,..,..,..,..,..,..,..,..,..,..,..,..,..,..,..,..,..,..,..,..,..,..,..,..,5.01772726806076,6.60132603055638,9.73228317146887,3.04166827698483,3.48251329590442,4.37073559939224,3.31605566687647,2.68229684085034,2.04461481539334,1.55790711346268,1.10920805807031,2.17727572689262,2.47446347118432,2.16176258133053,1.93694126694221,3.49505757399449,8.51819703483592,6.19528319961629,2.89855072463763
Late-demographic dividend,LTE,"Mortality rate, infant (per 1,000 live births)",SP.DYN.IMRT.IN,..,..,..,..,..,..,..,..,..,40.6948452806339,39.7108149520381,38.8142900093852,37.743709089549,36.4285817054385,35.4955270000873,34.0300966191718,32.5166220510148,30.8952220236761,29.2399989956937,27.6415879788499,25.7694199260403,23.9750847470689,21.9103181195507,20.3479902290409,18.8261713897155,17.490677371478,16.1965250258299,15.1011282311145,14.152089292236,13.2354021660287,12.4335507118677,11.6014405553995,10.9790118981943,10.315132625126,9.79186098217097,9.3191959384053,8.72997585765813,8.42571688686783,8.16102174023508,8.01259746974431,7.84904402519256,7.74327168139762,7.5706602286046,..
Latin America & Caribbean,LCN,GDP per capita growth (annual %),NY.GDP.PCAP.KD.ZG,-0.951886019792809,-2.29270051457983,-4.33932426165914,1.72161106017199,1.0125928783345,1.40990867886678,1.28070388425614,-1.33566745057956,-0.208743824593583,-2.23063264143565,1.07160458820923,0.75615763855275,2.58418965726995,3.4476300621716,-0.833950163586707,2.23698339418968,3.72959780387667,1.38184826343277,-0.841685450059842,2.11724116146436,-0.935129250744311,-0.872249793811264,1.14562040984303,4.13001355626878,2.69056475572431,3.89665610454277,3.9700392630555,2.4624135544862,-3.36785598732617,5.23652085802837,3.28977296287314,1.48623138785813,1.69498856170624,0.313288434590547,-0.573256715386265,-1.27308051212107,0.965070697665425,0.732309442471461,-0.131553065914488,-7.27383064858172,6.46573438273843,3.35286345770662,1.55133524255311,1.55975148474981
Latin America & Caribbean,LCN,General government final consumption expenditure (% of GDP),NE.CON.GOVT.ZS,11.1018430773308,11.3342358007653,10.5669646542036,9.80673878255046,10.3516669120751,10.7173647869158,11.1265679235726,11.0957552216606,12.3008291304766,12.7285309572158,11.5526030784106,11.0808251620956,12.4742388136251,12.9326030481726,14.8953838103542,14.4395586083738,14.4642184484481,14.6253695515543,14.110410158688,13.5885197211073,13.7190961757759,13.7049370495039,13.850372541876,13.4952443801565,13.7664994105158,13.8963311699508,14.2165755868577,14.4842546425595,15.8090479784115,15.3330802730626,15.3741302864584,15.2950853153541,15.5635429290614,15.8249718462413,16.1282908176255,16.3043416336097,16.295963865408,15.8218147046008,15.9005461278739,16.7332237418151,15.4866978923382,15.216580583354,15.5118237489608,15.176166488687
Latin America & Caribbean,LCN,"Unemployment, total (% of total labor force) (national estimate)",SL.UEM.TOTL.NE.ZS,..,..,..,..,..,..,..,..,..,..,..,6.77653537451306,6.57564403562077,..,8.43750342824071,8.89469139492553,8.54599418940547,9.0957424027377,9.97306158827998,..,9.29490841836988,9.63755622881203,9.4026562149268,8.69047056946231,8.337423034269,7.25330459126955,7.29575144831391,6.70260193373575,7.72594400562551,..,6.60130118820209,6.40944505045311,6.25541208365808,6.01035585887134,6.52126124575905,7.59509970566171,7.93795993609847,7.95187413118216,8.12224184234375,10.4818460628989,9.25688637493753,6.93083158385914,6.1472468399571,5.46974052091559
Latin America & Caribbean,LCN,"Inflation, consumer prices (annual %)",FP.CPI.TOTL.ZG,..,..,..,..,..,..,..,..,..,..,..,..,..,..,..,..,..,..,..,..,..,..,..,..,..,4.29342363628925,6.14356655248047,8.75868317728785,2.40905304082199,3.55437734567847,5.04243426485763,3.78180754679684,2.52864788538366,3.38341272749477,1.86148302863365,1.65038994431567,2.19201010963042,2.37951733360488,2.37167859363037,1.49389017299585,3.87805442411132,7.71367726901419,4.78561281021137,3.30223338951224
Latin America & Caribbean,LCN,"Mortality rate, infant (per 1,000 live births)",SP.DYN.IMRT.IN,..,..,..,..,..,..,..,..,..,43.9,42.2,40.3,38.5,36.7,34.9,33.2,31.5,30.1,28.5,27.1,25.8,24.6,23.5,22.4,21.5,20.6,19.8,19.1,18.4,18.4,17.3,16.8,16.3,15.9,15.6,15.8,15.2,14.9,14.6,14.3,14.1,13.8,13.5,..
Latin America & Caribbean (excluding high income),LAC,GDP per capita growth (annual %),NY.GDP.PCAP.KD.ZG,-1.12721443440745,-1.83810613369744,-4.20275070773329,1.69501569703898,1.03342852310513,1.27232738231075,1.12067755891761,-1.60808686527839,-0.562582049233967,-2.35900944657996,0.937678577806068,0.267073432867065,2.52094220647395,3.49737670957479,-1.28038871660941,2.21659256857349,3.61859849898497,1.14396817451927,-1.03696254244153,2.11218962286941,-1.24589617537478,-1.00054986057664,1.07444094627928,3.97778428408553,2.73110238489748,3.98741812725223,4.07869993495989,2.54010702041879,-3.51714268224937,5.52776161685216,3.30576873432771,1.25569799404181,1.70096088877084,0.241170190787443,-0.732052044198724,-1.49990525575504,0.976208415169168,0.523270634954187,-0.382705834252477,-7.29649864156184,6.17382231524681,3.18417338934982,1.45393495551234,1.27914563185514
Latin America & Caribbean (excluding high income),LAC,General government final consumption expenditure (% of GDP),NE.CON.GOVT.ZS,10.4954159957531,10.7371012179092,9.80597981018905,9.39101540687874,10.0461283962085,10.3291903347946,10.9842377429333,10.9861438679097,12.4036692282322,12.96307951685,11.5947454231885,11.1203444856786,12.686155184786,13.2165888909334,15.5276013812202,14.9392774662305,14.6661660162209,14.8770046002392,14.3367219993389,13.7571475998827,13.8143772996422,13.8624289859072,14.0920143149294,13.8031936249586,14.1805045570932,14.3525777512599,14.6623134244358,14.9976478867965,16.3168858564437,15.9394684008801,15.8656617071148,15.7971875593935,16.0740794061796,16.2244817569544,16.5438028995392,16.7286731480771,16.6525993397752,16.1473248849663,16.2105338040791,17.0587829074528,15.7636230624518,15.5002661784201,15.7701882009553,15.4530621376553
Latin America & Caribbean (excluding high income),LAC,"Unemployment, total (% of total labor force) (national estimate)",SL.UEM.TOTL.NE.ZS,..,..,..,..,..,..,..,..,..,..,..,6.58092589712333,6.43508319520326,..,8.32987689276343,8.65621788655325,8.32622432213087,8.95450801037623,9.64886469528849,..,8.98447424858688,9.18572895968167,8.91942247446002,8.25965739523551,8.13278422910534,7.05544168132616,7.25492542071598,6.63661372041227,7.66181628218745,..,6.50396464745759,6.34195032992412,6.14082960109293,5.93019915507078,6.48634232839445,7.75175120458665,8.11355847980964,7.9564027572357,8.13064974704418,10.4512970637093,9.20405991684738,6.83341331228432,6.00716062503381,5.28704590730954
Latin America & Caribbean (excluding high income),LAC,"Inflation, consumer prices (annual %)",FP.CPI.TOTL.ZG,..,..,..,..,..,..,..,..,..,..,..,..,..,..,..,..,..,..,..,..,..,5.78743749269159,7.40197751169899,5.29621445194823,4.08912987534747,4.29342363628925,6.42627934470524,10.1547846489023,2.59194673430567,4.00811816256668,5.79676809206531,3.9466586787499,2.74483621896182,3.42826414810782,3.14341696227426,2.77316004021469,3.36296514855607,3.4025017947204,2.50460959460401,2.5266350008471,4.27166381536798,8.33370630096233,5.08677483158105,3.83540271728534
Latin America & Caribbean (excluding high income),LAC,"Mortality rate, infant (per 1,000 live births)",SP.DYN.IMRT.IN,..,..,..,..,..,..,..,..,..,46.2677462476652,44.3987690948699,42.4312093890674,40.4633908566984,38.5241713651453,36.5924525250333,34.7637914131084,32.9513577106907,31.5307151699337,29.7270009446636,28.2551359498222,26.8944528234399,25.5682048273012,24.4167080560968,23.3370930908578,22.3084513005185,21.4041933240909,20.5750268413318,19.7585238958858,19.050628187806,19.031819964563,17.7483754131726,17.2031292416487,16.6958326092064,16.1978920115006,15.7977820988667,15.8279420916708,15.1106075883306,14.7679407872851,14.4913290901461,14.2127372030552,13.9215782793868,13.6510686282049,13.3682618891253,..
Latin America & the Caribbean (IDA & IBRD countries),TLA,GDP per capita growth (annual %),NY.GDP.PCAP.KD.ZG,-1.28894152384045,-2.50980340662373,-4.56822884052436,1.49779319518311,1.00125805906734,1.41840560657987,1.30784530026926,-1.59369280975417,-0.314465149931237,-2.13128356406584,1.37766403463328,0.953162461787244,2.86699691689898,3.50264251579569,-1.00620420107353,2.19826969430403,3.75488434568081,1.30560032588805,-1.10404343638524,2.05525639731663,-1.19311424838541,-0.938203960223447,1.19309948225481,4.01077356729233,2.75482786611796,3.97140036428316,4.10158798156186,2.5942106567455,-3.4460732228694,5.49168370694957,3.42800872898989,1.52329136004347,1.75431709356894,0.339134756805322,-0.648379551462867,-1.30748187506461,1.0268131830818,0.775304938722172,-0.157612437390966,-7.2090387640566,6.63497374862305,3.35208961999946,1.61215263356422,1.51626389120381
Latin America & the Caribbean (IDA & IBRD countries),TLA,General government final consumption expenditure (% of GDP),NE.CON.GOVT.ZS,10.5416815822378,10.7253742154946,9.74365656559554,8.89148050135737,9.51318289413631,9.83860071560198,10.3177230983148,10.3076135006238,11.6592743297718,12.1520043979112,10.9780892864682,10.5563728143838,12.0771546169978,12.6647653309322,14.7492182300837,14.2783758718967,14.3216734724659,14.5116478598574,13.9344355855221,13.4183213191817,13.5444762036914,13.4223009479947,13.5709964114659,13.2010131345861,13.5178737577538,13.6780118024806,13.9767280450935,14.2300240321139,15.5851232437946,15.1831866596917,15.2141083142233,15.1642564872397,15.434543237931,15.6927656501776,16.0019624397241,16.1902600895355,16.1803012112753,15.6950285706832,15.7294817152595,16.3725843891887,15.1290731895402,14.8494930115601,15.1242834970681,14.8017061685571
Latin America & the Caribbean (IDA & IBRD countries),TLA,"Unemployment, total (% of total labor force) (national estimate)",SL.UEM.TOTL.NE.ZS,..,..,..,..,..,..,..,..,..,6.28790868740132,..,6.69556472188764,6.49275516247243,..,8.39879395348984,8.89037622753917,8.54248848807954,9.13544210467547,10.0489599613656,..,9.40003622142048,9.76436100322985,9.53929916467695,8.82166949287589,8.45116740188623,7.34681891382728,7.38606148951392,6.77910628875779,7.80664654139503,..,6.61974896912384,6.42250790881393,6.26814299539653,6.03316548294403,6.57653495944664,7.68177022149508,8.03726026687066,8.06049036180596,8.1205238745131,10.4611374272007,9.26230986248601,6.93455398748519,6.14522602164118,5.46974052091559
Latin America & the Caribbean (IDA & IBRD countries),TLA,"Inflation, consumer prices (annual %)",FP.CPI.TOTL.ZG,..,..,..,..,..,..,..,..,..,..,..,..,..,..,..,..,..,..,..,..,..,5.12704751455371,5.8383443753029,3.72154938995965,3.98805714597437,5.57775207654297,6.42627934470524,8.75868317728785,2.59194673430567,3.79644333768704,5.79676809206531,4.14457284086407,2.74483621896182,3.42826414810782,2.92482169718978,2.53781710390565,2.8227580554717,2.32414485367922,2.09604635327805,1.76751592356698,4.26105127422814,7.89627619168551,4.92637573192676,3.46497037946077
Latin America & the Caribbean (IDA & IBRD countries),TLA,"Mortality rate, infant (per 1,000 live births)",SP.DYN.IMRT.IN,..,..,..,..,..,..,..,..,..,44.4727791924818,42.6408552104166,40.7516375549025,38.8810703673758,37.0567075563395,35.237918058356,33.506214091519,31.8223331608371,30.4673442461587,28.7514917851291,27.331240341613,26.0224281682686,24.7749189795693,23.680036301771,22.6452957321461,21.6498605824987,20.7733853580931,19.988363526965,19.2376057517004,18.5937937592311,18.5724876987292,17.4122278373253,16.913857229888,16.4620962146911,16.01666242103,15.6979020474724,15.974321307192,15.3161494186166,14.9730038361273,14.6886102237351,14.4187896982468,14.1464722886566,13.8758102791969,13.6285676732373,..
Least developed countries: UN classification,LDC,GDP per capita growth (annual %),NY.GDP.PCAP.KD.ZG,0.204909771148351,-1.41905797489619,-0.991226398607097,-0.35332347852939,-0.94080170790312,0.757973121730998,1.59942173927787,0.209619280900043,-0.752418158040896,-2.4188446807039,-0.640363130765337,-2.22688789332733,-3.03778000746877,-2.06637324150354,2.97149078274177,2.85104689930853,2.68071523133717,1.42317261595973,1.49959702607303,1.86474854080478,2.41256576620563,2.75593852580276,2.50477426961623,3.95666779642785,4.9592139700501,4.32501663394966,4.79230836410262,4.01228130073679,1.80296596348808,3.83184686671443,0.923169903172024,0.782465317965659,3.27317158809318,3.01144501500994,0.435551679482884,1.32067452728207,2.10322838257527,2.20118273352357,2.62811945672274,-2.46203831134298,0.453845544449052,2.42663718054841,0.722846606029265,1.50698781300349
Least developed countries: UN classification,LDC,General government final consumption expenditure (% of GDP),NE.CON.GOVT.ZS,..,..,..,..,..,..,..,..,..,..,..,..,..,..,..,..,..,..,..,9.83322598306167,10.732830520958,10.6553904237554,11.0192715751113,10.6105875774938,10.6792044800165,10.9125875520404,11.369853699963,11.1364680285486,11.315406911476,10.4460885523127,10.9947009129216,10.9956545958535,11.6693415354692,11.073444294548,10.3243910729715,9.64716409642634,9.94207123483029,9.24610616552716,9.14384996153594,9.2570624343252,9.14169162143723,9.42857725136777,8.97325236448215,9.32549900923986
Least developed countries: UN classification,LDC,"Unemployment, total (% of total labor force) (national estimate)",SL.UEM.TOTL.NE.ZS,..,..,..,..,..,..,..,..,..,..,..,..,..,..,..,..,..,..,..,..,..,..,..,..,..,..,..,..,..,..,..,..,..,..,..,..,..,..,..,..,..,..,..,..
Least developed countries: UN classification,LDC,"Inflation, consumer prices (annual %)",FP.CPI.TOTL.ZG,..,..,..,..,..,..,..,..,..,..,..,..,..,..,..,..,..,..,..,..,..,..,..,..,..,..,..,..,4.68438868976505,5.04968075857403,6.38109582460691,6.31474450315182,5.58358380709893,4.12924306873774,3.55075967356746,5.51352572692994,4.77424402935671,3.4779666691496,3.32090626980375,4.46414437232861,4.18621506523519,8.83128161964115,7.12697482131851,5.21364286316532
Least developed countries: UN classification,LDC,"Mortality rate, infant (per 1,000 live births)",SP.DYN.IMRT.IN,..,..,..,..,..,..,..,..,..,107.993341328311,108.556259591296,106.921126228595,102.71051751174,101.808242539397,98.5722820705583,96.4607299546798,94.1171136776148,92.7041353267241,88.7191837397774,85.5513577383789,82.3010678944177,78.99152913577,75.8398714832758,72.9084444619336,69.9598242129432,66.9561127238954,64.3009351534279,62.3281277063937,60.7190380446674,58.3353583866334,58.1803711629168,54.3761882331903,52.3177356680705,51.5527663279719,50.25202219685,48.9503544372124,47.9454329909933,45.5085858986774,44.3125367635008,42.8731198848264,41.9477612359959,41.9506230406724,39.6616837734436,..
Low & middle income,LMY,GDP per capita growth (annual %),NY.GDP.PCAP.KD.ZG,-0.188282307868477,0.697164376452847,-0.555883171634989,2.50281014280765,2.33407481568094,1.51786448162457,2.4574237747198,1.97187465968108,0.976712103926047,1.04790903338063,0.927159041550695,2.3615244273353,3.13044753948834,3.31188122420534,2.81588257813922,4.44415729069445,3.90980254476577,1.65255008636042,2.01790333119378,3.93680576795126,2.06863116115086,3.24951278078144,4.40078819342375,6.13196791831167,5.84765049837061,6.70191942525969,7.34934679531743,4.48725910050074,2.59217510381286,6.68146423959197,4.90733906684744,4.02818332597748,4.19019695217142,3.7976030483329,3.36608044272877,3.41662137537435,3.99067027277526,3.7210240075008,2.90353580863056,-2.16018821379078,6.32935929819176,2.9962609120672,3.83479667316713,3.30820044805226
Low & middle income,LMY,General government final consumption expenditure (% of GDP),NE.CON.GOVT.ZS,11.94850444965,12.4808851639674,12.6685149259766,12.6691297026778,12.9213284790367,13.5110674422931,13.3314949774784,13.1576405460727,13.5317101092461,13.0873347196571,12.7763199981306,12.8070685233987,13.29177262589,13.1999595913484,13.6376691303837,13.234344038453,13.4394607356746,13.8313432838605,14.2235469316781,13.9104091237263,14.0545605987131,13.9002877732158,13.6894947163002,13.3793403976409,13.4014420448248,13.3847332448426,13.4374436470087,13.6204944702075,14.5411672477312,14.2049223097104,14.5977933910589,14.740952202032,14.8283886355362,14.8191388866739,15.1102695207788,15.1876849391869,15.2027283797587,15.2574843476826,15.4297233996931,16.0664518534532,15.0255690919587,14.9244799221337,15.3100898535517,..
Low & middle income,LMY,"Unemployment, total (% of total labor force) (national estimate)",SL.UEM.TOTL.NE.ZS,..,..,..,..,..,..,..,..,..,..,..,..,..,3.66442568145212,..,..,..,..,..,4.95506276098884,..,..,..,..,5.59599191029306,..,..,..,..,4.62144551927688,..,4.71888349242235,..,..,..,..,..,6.25366401318798,6.23250894284353,6.75881403101384,6.43817900651972,..,..,..
Low & middle income,LMY,"Inflation, consumer prices (annual %)",FP.CPI.TOTL.ZG,..,..,..,..,..,..,..,..,..,..,..,..,..,..,..,..,..,..,..,..,..,..,..,..,..,..,6.48708037786121,10.3353973518684,4.2497911708592,4.15672722680173,6.10742714590245,5.00686319367274,4.61474758546291,3.52566203758284,3.19377155203379,3.01913975139129,3.66699702675919,3.2405693293057,2.75709727562778,3.02272119663757,4.25936417542868,8.32008377271929,6.20657592272128,3.69663281355523
Low & middle income,LMY,"Mortality rate, infant (per 1,000 live births)",SP.DYN.IMRT.IN,..,..,..,..,..,..,..,..,..,69.7854440018764,70.1547144745312,69.3258697605742,67.8358809928928,66.9824216756484,65.6539280423612,64.3894478647178,62.98711295658,61.7432294374247,59.822539864672,57.8669083047014,56.1634274212154,54.2406717821342,52.3016311651231,50.4683768913549,48.5125060517967,46.6730089016459,44.9109895892517,43.3436395110396,41.9911158576323,40.5422114897549,39.6373032020589,37.5291582119938,36.4410797119095,35.3430567407123,34.5874793305239,33.4799803925393,32.6210805847341,31.9909093598889,31.2901423668018,30.9592983669989,30.5311414233056,30.3477935620875,29.3326473183927,..
Low income,LIC,GDP per capita growth (annual %),NY.GDP.PCAP.KD.ZG,0.767357216300994,-0.849100323182824,-1.7536694747006,-3.15653957931278,-0.540437190198645,-0.621760814972561,1.55628690710219,1.34211163806771,-2.47596645886436,-5.6016708710542,-0.144946627039346,-2.04218684964515,-3.03709846447305,-1.27502001242394,1.95312392270368,2.12510547113305,3.50526878901437,1.92998722670741,-0.412532516794585,0.254331783957213,1.27418687646188,2.28282624835012,2.54830195649171,2.79166578295968,3.24893973683638,2.31274024938877,2.48519838166024,2.04512821708438,0.543544277696157,3.52861265697612,-2.91499774662142,-7.08554985764876,-0.153893734915471,0.612418778342899,-4.47583293105205,-1.88526694431391,-0.929254020852937,-0.0703770710019569,0.521036796135547,-3.80859099802431,-1.44560500798346,0.937505491479683,-2.87761757068253,-0.425782080832519
Low income,LIC,General government final consumption expenditure (% of GDP),NE.CON.GOVT.ZS,..,..,..,..,..,..,..,..,..,10.4471766476014,11.7149201265398,13.7498967974611,13.1635908749668,13.6990445174874,11.6625802120411,11.3608536939773,11.3561941565764,12.4244256305404,12.2107254625826,11.0736359940616,12.6486074924657,12.1252070924346,12.6498559217085,13.1093561722615,12.0085000880535,11.7598729118458,12.3787411969653,11.7239942005341,11.9240730580797,11.5491565690188,11.9814393556401,11.7804725289261,11.7247333767372,11.8584640344455,11.3134988503099,11.1282560281544,10.9440764228168,11.3072940278434,11.4864274629266,12.1865748300601,11.5422417151402,12.1667400376049,11.7915023174771,11.9003029406026
Low income,LIC,"Unemployment, total (% of total labor force) (national estimate)",SL.UEM.TOTL.NE.ZS,..,..,..,..,..,..,..,..,..,..,..,..,..,..,..,..,..,..,..,..,..,..,..,..,..,..,..,..,..,..,..,..,..,..,..,..,..,..,..,..,..,..,..,..
Low income,LIC,"Inflation, consumer prices (annual %)",FP.CPI.TOTL.ZG,..,..,..,..,..,..,..,..,..,..,..,..,..,..,..,..,..,..,..,..,..,..,..,..,..,..,..,..,..,..,6.79138291952617,6.58776239392586,5.61162933815828,3.74052951571965,4.37712665065658,5.70637504616216,8.1568632340337,2.79180778478361,2.83514555687505,4.46414437232861,5.1332034082496,9.50611771237136,7.12697482131851,4.19081721344524
Low income,LIC,"Mortality rate, infant (per 1,000 live births)",SP.DYN.IMRT.IN,..,..,..,..,..,..,..,..,..,109.3,111.7,110.5,105,105,102.1,100.1,98.1,97.5,92.9,90,86.8,83.6,79.8,77,74,70.7,67.8,65.1,64.4,61.5,62.4,57.8,55.7,55.4,54.2,53,52.2,49.2,47.9,46.3,45.3,45.8,42.8,..
Lower middle income,LMC,GDP per capita growth (annual %),NY.GDP.PCAP.KD.ZG,-0.615887013268505,-0.379214406754485,-0.312464145922419,0.128911541088456,1.38479328701226,1.29612786442594,1.10695518343051,4.13816413327854,1.21960954610741,2.50174356437931,-0.253478750495546,1.36783917705381,0.0627311091882916,1.69554966456771,2.846939405017,4.07752935614684,1.79634517917171,2.35462601902211,3.22211602141537,2.11777464774747,2.27322001117258,2.52450490944018,3.98527791792237,5.13261699936305,4.79892697097807,5.08331770010496,5.0036026228434,2.7795608936281,4.14635927934643,5.03254810125347,2.99905110669152,3.4458845196008,3.99266201246147,4.44004565636824,4.32666166908011,4.12240542628616,3.92236804491797,3.95135786579137,2.64729564404742,-4.89356793309113,5.31531659947559,4.83355948528796,4.68701422816733,3.81907223904794
Lower middle income,LMC,General government final consumption expenditure (% of GDP),NE.CON.GOVT.ZS,9.49230028980172,10.1073947752362,10.8209826367217,11.3784244895164,11.6139095041361,13.0963817479005,13.5278110634481,13.6802354287297,13.9410658593609,13.4326848600159,12.9285902224203,13.1132385783649,12.884344223842,11.8183379171971,11.2281765366151,10.7520699416592,11.0285301684196,11.1034414630425,12.8507712023191,12.4276742817817,12.187430737698,11.9508419599815,11.755588546229,11.239139247534,11.0278719417998,10.6719402169923,10.6489593169447,10.8017031071257,11.8381035288109,11.4023895848711,11.5211583862587,11.3842011082575,11.2627570410867,11.1398147995291,11.2227492601658,11.2848844903271,11.3778506146866,11.2619335574526,11.2404524973927,11.8291186275036,11.2942386273092,10.914576898996,11.0157147367197,11.080263069229
Lower middle income,LMC,"Unemployment, total (% of total labor force) (national estimate)",SL.UEM.TOTL.NE.ZS,..,..,..,..,..,..,..,..,..,..,..,..,..,3.55548922390076,..,..,..,..,..,4.10027255288659,..,..,..,..,4.96271833414246,..,..,..,..,3.40198703194013,..,3.84118173158652,..,..,..,..,..,6.49519014150887,6.27903086271451,6.64263249303165,6.15974733735403,4.78811980868988,3.93566413805362,..
Lower middle income,LMC,"Inflation, consumer prices (annual %)",FP.CPI.TOTL.ZG,..,..,..,..,..,..,..,..,..,..,..,..,..,..,..,..,..,..,..,..,..,..,..,..,..,..,6.54788141101718,11.4922511281092,4.3560347387529,4.60406378375299,6.22011099219645,5.9413013158571,5.45858016808548,5.08770819355614,3.39401538410559,3.52317317628478,3.73888388490667,4.1763772204447,3.39341969627972,4.92488537408931,4.31527983386856,7.65532722535376,7.24878668009589,4.60621098127105
Lower middle income,LMC,"Mortality rate, infant (per 1,000 live births)",SP.DYN.IMRT.IN,..,..,..,..,..,..,..,..,..,84.7,83.1,81.6,80.1,78.7,77.2,75.7,73.9,72.1,70.2,68.1,66,63.9,61.9,60,58.1,56.3,54.5,52.9,51.1,49.6,47.9,46.3,44.7,43.3,41.8,40.5,39.3,38,36.8,35.6,34.6,33.5,32.6,..
"Middle East, North Africa, Afghanistan & Pakistan",MEA,GDP per capita growth (annual %),NY.GDP.PCAP.KD.ZG,-2.61476046550413,-4.35364272349187,-3.52534879848729,-3.05397157001482,-2.56892475191715,-4.5906864229699,-2.10771820498951,-0.768707833772481,0.801474837491384,5.01228236817187,-0.628002544845359,3.23742618547146,-0.315128876732246,0.448149689923156,0.658278886999312,2.55607245367567,1.64847554030725,1.69830077523805,0.367873977382118,3.91375891312869,-0.378560852294328,-0.22140365781047,2.30476882960404,5.40831652433415,2.80380835635339,3.44539859363331,2.73544775301295,1.92154511628715,-1.25374725375245,2.67701833169689,1.48358193478624,1.70233889245817,0.246718568481285,1.06534737542623,0.727447590462532,2.59438547071096,0.556937213001277,0.998724067672853,-0.201809022555594,-5.05794440811147,3.55523153318377,4.36902248122595,0.175209758684062,0.0215154557122474
"Middle East, North Africa, Afghanistan & Pakistan",MEA,General government final consumption expenditure (% of GDP),NE.CON.GOVT.ZS,19.7290145742102,21.8289960042962,22.4536392026538,21.7261434297898,21.5009387395247,22.3056497057078,22.5534608513755,22.5843443752501,21.6587257850494,17.6908885324703,20.9530620687597,20.1559313385419,19.7623043229967,19.0210725595138,18.4475195694955,18.0958706847608,18.34294701459,18.9745087952464,17.4859737185992,16.870968307989,17.4722414497264,17.5163430279604,16.6723258728659,16.141068957945,15.2841569656952,15.0067106146231,14.1548096679096,13.4906490093467,15.9204466153261,15.1581168032873,15.880739184308,15.7351237959098,16.7086105230637,17.7020517180569,19.2123910669245,18.4073783785046,17.9943126051823,17.722209582055,18.0630944187087,19.805226507932,17.3186545500791,15.501448773113,16.7503576293444,..
"Middle East, North Africa, Afghanistan & Pakistan",MEA,"Unemployment, total (% of total labor force) (national estimate)",SL.UEM.TOTL.NE.ZS,..,..,..,..,..,..,..,..,..,..,9.82191598528999,..,..,9.83499874047304,..,7.97753210072231,..,..,..,10.3268400163941,10.2192357533877,11.0183486654796,10.4415491431332,9.86179962797176,9.84175543106602,7.15333507900509,6.78564938550366,6.26772369473139,6.567356478467,6.83725184056333,6.95352324109867,7.99997234562558,7.59312156968082,7.53553384497107,7.86899878811747,7.41067291913981,..,7.21883865145789,7.01559239822504,7.808646401244,7.8527347531515,..,..,..
"Middle East, North Africa, Afghanistan & Pakistan",MEA,"Inflation, consumer prices (annual %)",FP.CPI.TOTL.ZG,..,..,..,..,..,..,..,..,..,..,..,..,..,..,..,..,..,..,..,..,..,..,..,..,..,..,..,..,2.75393485083152,3.54406845599084,4.6386876969545,4.12321953713944,3.27712533943639,2.77351613126122,1.81407723937758,2.70750189418476,2.06932928164423,1.94579304594439,1.33601568147654,1.44703656998739,2.86833027751023,5.17980847967062,4.22522603168918,2.07655387954205
"Middle East, North Africa, Afghanistan & Pakistan",MEA,"Mortality rate, infant (per 1,000 live births)",SP.DYN.IMRT.IN,..,..,..,..,..,..,..,..,..,54.5,52.3,50.1,48.5,46.9,45.4,43.7,42.2,40.6,38.9,37.3,35.7,34.2,32.8,31.4,30.1,28.8,27.5,26.3,25.3,24.4,23.6,23.1,22.5,21.7,21.2,20.5,20.1,19.8,19.4,19,18.6,18.1,17.8,..
"Middle East, North Africa, Afghanistan & Pakistan (excluding high income)",MNA,GDP per capita growth (annual %),NY.GDP.PCAP.KD.ZG,-4.4474039539116,7.57441327779911,1.55361085240611,-2.94916468376046,1.14863657598934,-4.77256747580009,-1.99569285055699,-1.15203351428093,-0.12911737302953,6.16959937762883,-1.58919879893202,2.11121307575743,-1.14602047995857,-0.258328676436506,0.470566952630747,3.47120506663023,1.07601518046758,3.00358830848111,1.83961567505784,3.42237307891912,0.610202427437969,0.989162861392828,0.566106419979434,5.28771404721991,2.59262156998923,3.02658494462879,3.53232136577459,1.24608177596446,0.58207586473867,2.58676136907366,-2.44522987370063,1.50390701018017,-0.792879222509214,0.525218085220502,-0.604846314303558,3.85305297642608,1.61995979940583,0.762135696905503,-0.572332788508561,-4.54983176099739,2.69950384193567,2.42715379518339,1.0655052677552,0.231804488391745
"Middle East, North Africa, Afghanistan & Pakistan (excluding high income)",MNA,General government final consumption expenditure (% of GDP),NE.CON.GOVT.ZS,19.757611683528,19.9097046811729,19.8940605398686,18.7549272680645,18.5672233957455,19.4285574244475,19.3438502531989,20.0507801371325,18.2301058677534,13.3540753964888,14.2011382155551,14.3738330320137,15.5326942845862,15.1873476265427,14.3720491641002,13.8406666528433,14.0604215536214,14.7013051652947,13.589367995879,13.2690965033152,13.576461404027,13.7286276366085,13.0571892192925,13.5447658638299,13.070794833176,13.0325525127359,12.372992527851,12.3977109227538,13.9294280622839,13.4671109756467,15.3493664582596,14.8023161035798,15.0330351311111,15.3578422060234,15.8457782493661,15.8239547008042,15.4684592132105,14.9735230514988,15.3196194069912,15.2105107600368,13.6423061882222,12.4256867594345,13.4025978786256,13.3824907249319
"Middle East, North Africa, Afghanistan & Pakistan (excluding high income)",MNA,"Unemployment, total (% of total labor force) (national estimate)",SL.UEM.TOTL.NE.ZS,..,..,..,..,..,..,..,..,..,..,9.81407968618437,..,..,9.99179852036166,..,8.09012052753819,..,..,..,..,10.6405614396781,11.3856452341867,10.8104816355002,10.1501044518198,10.27321383258,7.24998374680584,6.90995098082581,6.43902671780276,6.71641516140667,7.03865981068169,7.05287648282677,8.26565807931441,7.85146562030106,7.80950190522732,8.2948823975132,8.03360290395942,..,..,7.54852605534023,8.26278622223122,8.35855673037176,..,..,..
"Middle East, North Africa, Afghanistan & Pakistan (excluding high income)",MNA,"Inflation, consumer prices (annual %)",FP.CPI.TOTL.ZG,..,..,..,..,..,..,..,..,..,..,..,..,..,..,..,..,..,..,..,..,..,..,..,..,..,..,..,..,1.97451578124347,3.91106195534029,5.02009983235183,6.51134364308898,5.07042922798114,3.77123895800742,2.52932817254228,3.69725926870481,4.64865184428514,4.36615064471282,2.6538810045361,2.41513094083414,5.21404940513041,8.30646124447624,6.09114152504136,4.04611455313438
"Middle East, North Africa, Afghanistan & Pakistan (excluding high income)",MNA,"Mortality rate, infant (per 1,000 live births)",SP.DYN.IMRT.IN,..,..,..,..,..,..,..,..,..,81.2510493402079,79.4020263463774,77.7944899162914,76.6801215165365,75.6535124753391,74.2874778269966,72.6899726939471,70.8274784054459,68.8755839168042,67.006296208859,65.0797679976933,62.9264911374216,60.9732430428847,59.3219316549244,57.3964275878335,55.6628917734301,54.1488773158669,52.6181957676564,51.1808842064674,49.8673709064156,48.4291815538868,46.9937334978657,45.6001016491135,44.1158291719865,42.7047471684335,41.4766400770653,40.3161305967128,39.3355861159403,38.732410112487,37.9433751397736,36.9738972040549,36.111580347842,35.1385328983309,34.1207734088251,..
"Middle East, North Africa, Afghanistan & Pakistan (IDA & IBRD)",TMN,GDP per capita growth (annual %),NY.GDP.PCAP.KD.ZG,-4.4474039539116,7.57441327779912,1.55361085240608,-2.94916468376044,1.14863657598934,-4.77256747580009,-1.99569285055699,-1.15203351428093,-0.129117373029501,6.75408061478512,-1.58007320745412,2.12114068936775,-1.13580364463596,-0.247022032588134,0.457382112033372,3.51462616259246,1.02149134023686,2.94509844646511,1.81150872342602,3.53328381764008,0.691884235752056,1.08199589782853,0.513730966524562,5.21276890359354,2.55566189608882,3.06999444131952,3.54721215797211,1.22619254175846,0.549259271598899,2.58346778848453,-2.50867933225504,1.48847523179541,-0.816467710658102,0.548417697400197,-0.620743185786978,3.83168923067576,1.63751691228993,0.777894437114995,-0.568460332567739,-4.47920990549619,2.68684885558434,2.43313253925268,1.12389969737245,0.428600619167256
"Middle East, North Africa, Afghanistan & Pakistan (IDA & IBRD)",TMN,General government final consumption expenditure (% of GDP),NE.CON.GOVT.ZS,19.727995687893,19.8798607032481,19.8642400119856,18.7268142626567,18.5393917521315,19.3994346700837,19.3148544720368,20.0207246918423,18.2027795519794,13.3340580864522,14.1798511868322,14.3522871395671,15.5094112980846,15.1645823030705,14.3387529177067,13.7788411873264,13.9940121211906,14.6351548655967,13.506225278507,13.1763371947313,13.4761832385856,13.6393452151853,12.9943865593089,13.4599940013766,12.9863069252305,12.9614503140359,12.2962506006697,12.3340776287171,13.842714732743,13.3926747278465,15.2872270466863,14.7374511169214,14.9621380435876,15.2851682736283,15.772655643925,15.7578232087568,15.4216945922647,14.911044723592,15.2681803407012,15.1313181273766,13.5446284213573,12.3523461654091,13.3425052226643,13.346716969348
"Middle East, North Africa, Afghanistan & Pakistan (IDA & IBRD)",TMN,"Unemployment, total (% of total labor force) (national estimate)",SL.UEM.TOTL.NE.ZS,..,..,..,..,..,..,..,..,..,..,9.81407968618437,..,9.79209722107646,9.99179852036166,11.5296654427,8.09012052753819,..,..,..,..,10.5748107696662,11.3058631665468,10.7307653772208,10.080977542226,10.2209045347875,7.18872189907276,6.85168888778568,6.3526400543882,6.64133616867155,6.95782586298267,6.98481260784163,8.2016159403841,7.77126410580433,7.73430907255881,8.18944096633006,7.92556072382967,..,..,7.39159249584192,8.11797946146612,8.22316545223192,..,..,..
"Middle East, North Africa, Afghanistan & Pakistan (IDA & IBRD)",TMN,"Inflation, consumer prices (annual %)",FP.CPI.TOTL.ZG,..,..,..,..,..,..,..,..,..,..,..,..,..,..,..,..,..,..,..,..,..,..,..,..,..,..,..,..,1.19509671165542,3.94727068694931,5.06871394777982,6.58147447683681,5.31623531326692,4.62555099534026,3.48334972287864,3.7651191635658,4.97595150553836,4.46231108475482,3.00538949390382,3.73003191530477,5.46019980671871,8.7859883799959,7.70665764216227,3.08613611099231
"Middle East, North Africa, Afghanistan & Pakistan (IDA & IBRD)",TMN,"Mortality rate, infant (per 1,000 live births)",SP.DYN.IMRT.IN,..,..,..,..,..,..,..,..,..,81.5588080217165,79.7197153564884,78.1229148462824,77.0199649456802,76.004375083978,74.6455563750405,73.051765682926,71.1868696013831,69.2320726861836,67.3560660909366,65.4210321509203,63.2600195784284,61.2966481058085,59.6329531967948,57.696454067472,55.950766986724,54.4236183855442,52.8788539110489,51.4334329765766,50.1157137000695,48.6753235406891,47.2314092797263,45.8282889888899,44.3361665365005,42.9122440584237,41.6942590967163,40.5324420046715,39.5470671786103,38.9459677209249,38.1549611623357,37.1789755952984,36.3124355800439,35.3341433369107,34.2896652390574,..
Middle income,MIC,GDP per capita growth (annual %),NY.GDP.PCAP.KD.ZG,-0.219037254752706,0.731366328345587,-0.507659680942268,2.65925927025566,2.41981601909163,1.58208047380832,2.49334656505854,1.99954471261169,1.06588850830289,1.19385303034805,0.965126846049486,2.49397295939495,3.3182336615013,3.45455178681178,2.88365078780461,4.54756721050751,3.97340273981321,1.70411172963998,2.12643202530901,4.06478973307875,2.14355290217765,3.34723151548467,4.52266084169905,6.27913242126877,5.98493105657387,6.88418269913429,7.54074168280128,4.62756009525094,2.72573672055697,6.84002309967069,5.1495505314967,4.31180192610962,4.34169145531311,3.92751101876394,3.57147748255848,3.59481993026371,4.17312812564205,3.90046058222131,3.07644082499898,-1.99846783968043,6.58226420386083,3.17647328848281,4.08078144942704,3.5179478090857
Middle income,MIC,General government final consumption expenditure (% of GDP),NE.CON.GOVT.ZS,11.8964662750947,12.4699158205023,12.6455911492551,12.6241157965036,12.8538164828866,13.4969125331244,13.3429305544399,13.2372206881777,13.6210566089843,13.1854813700197,12.8316099646383,12.7964199934791,13.3075715638115,13.2001434038896,13.6808171129147,13.270203416291,13.4789041708798,13.8619690149359,14.2651968858392,13.9720119555177,14.0882605668888,13.9441026988076,13.7197082988467,13.3954658300477,13.4389766347499,13.4258315572406,13.4675921182021,13.66602321961,14.5984182741036,14.2564766464465,14.6435626114679,14.7815621615391,14.8682372377553,14.8576218413703,15.1580156898344,15.2290732111973,15.2427227556017,15.2934281401388,15.4665734053374,16.1017282691295,15.0539550861069,14.9495248544457,15.3410462787626,..
Middle income,MIC,"Unemployment, total (% of total labor force) (national estimate)",SL.UEM.TOTL.NE.ZS,..,..,..,..,..,..,..,..,..,..,..,..,..,3.64487282552955,..,..,..,..,..,4.95121959998589,..,..,..,..,5.65887827456096,..,..,..,5.58849032195132,4.57662257002751,5.0475301842991,4.77035234707555,4.95972398454186,5.03393697237898,..,..,..,6.28157556491527,6.28509915769113,6.85199533799165,6.44845564220752,..,..,..
Middle income,MIC,"Inflation, consumer prices (annual %)",FP.CPI.TOTL.ZG,..,..,..,..,..,..,..,..,..,..,..,..,..,..,..,..,..,..,..,..,..,..,..,..,..,5.81068550464307,6.38972111779619,10.2266663272483,3.67595245570858,4.06749555950264,5.95209761898388,4.52640399783169,4.23623652531457,3.52566203758284,3.15783117980925,2.73151216017021,3.44637335032668,3.46147484973737,2.72643037388829,2.74615078213777,4.12081596526564,8.28913257195325,6.09852132676208,3.60452203847959
Middle income,MIC,"Mortality rate, infant (per 1,000 live births)",SP.DYN.IMRT.IN,..,..,..,..,..,..,..,..,..,66.2919384272088,66.1027383287084,65.1432843936312,63.9835287975754,62.8328497589701,61.5249579377155,60.1795381241757,58.7131025418135,57.2109387631643,55.5547514616457,53.6819794636942,52.07617417802,50.2384893014314,48.4696106147083,46.6888646624735,44.7980402731097,43.0967069332935,41.435874609378,39.9798193609515,38.4172913603105,37.1560685846528,35.8004327492746,34.1613397622753,33.1557376884851,31.8230122251025,31.014492062429,29.8504061385382,28.8424158534458,28.4983758303748,27.7715279952778,27.5158032031332,27.0537464985015,26.5608532035754,25.9715849560897,..
North America,NAC,GDP per capita growth (annual %),NY.GDP.PCAP.KD.ZG,1.58730856923638,-2.87807918907542,3.4486634581786,6.18682011762945,3.29223011868969,2.39264940307511,2.54284481951095,3.21531712893521,2.49802048296878,0.5637332392904,-1.58755120023835,1.90610173201652,1.42080654154452,2.80929198622609,1.48533596266674,2.42104521688672,3.20599325216963,3.26101328345484,3.65254562984845,3.02774826787495,0.0258439241605117,0.845649566328731,1.83410107822415,2.83072343007493,2.50962272239398,1.78328378012458,1.04070815312399,-0.774886679292464,-3.4801399209186,1.83184752632984,0.86549061161449,1.40176940047066,1.33391953239853,1.71567746731607,1.94842348312518,0.926338171666714,1.74379836355128,2.25847908283603,1.90533273228071,-2.85284497768508,5.8367193806599,1.92080922531004,1.7107999709479,1.48591135482279
North America,NAC,General government final consumption expenditure (% of GDP),NE.CON.GOVT.ZS,16.3009466436448,17.1331651596506,16.9257126916617,16.2345903646199,16.396366495386,16.5729334901469,16.4532535395229,16.1528331369601,16.1499068542245,16.5125146722888,17.0154606356115,16.7790249939746,16.2880933101244,15.7581716142619,15.4393015677756,14.9800239460596,14.6283695071555,14.3693445155281,14.3798196581129,14.3682572408269,14.860234559087,15.3658942237527,15.5806584045908,15.4882079266478,15.3793514530413,15.3731169661456,15.5618385082635,16.292481403271,17.2531486689929,17.1493090642742,16.6179110912497,16.0395823804397,15.5545646680766,15.0824772705517,14.7535417039825,14.6305412432282,14.3780517274985,14.3704142856316,14.4831116616792,15.4565672625997,14.8055528251876,14.2339795226364,13.9762821817663,13.9828836584115
North America,NAC,"Unemployment, total (% of total labor force) (national estimate)",SL.UEM.TOTL.NE.ZS,..,..,..,..,..,..,..,..,..,5.8603703841796,7.16085104908465,7.87315728585848,7.34989291267264,6.54555954314501,6.03024492508477,5.86183834660521,5.40301547573426,4.88226202925985,4.55171801715172,4.27316817166147,4.97961964201139,5.97486412366027,6.15326151532504,5.70124819512877,5.25750859640354,4.81614395081572,4.78243165759455,5.83652846325955,9.16994852137916,9.47758645184374,8.80784798616693,7.99588953313322,7.34976348971497,6.26083245211775,5.4606408215288,5.10340701910414,4.57971738602629,4.10721429919148,3.890566885067,8.23059990715153,5.59210979982087,3.83303148633239,3.84073751321764,4.29229186681221
North America,NAC,"Inflation, consumer prices (annual %)",FP.CPI.TOTL.ZG,11.4031638775571,8.45019944999442,4.53801163146717,4.30265688957582,3.75383734637285,3.04641700659949,4.01033596486715,4.05298762808012,4.90531246497451,5.08921668663315,4.93041402523427,2.25947629094757,2.40836816573248,1.38650225303091,2.47709000955755,2.2508676625029,1.97945315907633,1.27411077770083,1.96143507401638,3.04814861420953,2.67564562932656,1.92221301795728,2.51432909348113,2.26724770583214,2.80314943994659,2.61398474802283,2.49552823708488,3.10468548554699,-0.0280397316452211,1.70845749165809,3.03448832867273,1.79250774825296,1.20156227672121,1.76442944229342,0.621934248247615,1.3451713763581,1.86349706609465,2.3554044847046,1.88073954968808,0.97529201430705,4.04652602445637,7.40280048696865,3.99766999081457,2.66555451883189
North America,NAC,"Mortality rate, infant (per 1,000 live births)",SP.DYN.IMRT.IN,..,..,..,..,..,..,..,..,..,9.1,8.9,8.5,8.3,8,7.7,7.5,7.3,7.2,7.1,7,6.9,6.8,6.8,6.7,6.6,6.6,6.5,6.4,6.2,6.1,6,5.9,5.8,5.7,5.7,5.6,5.5,5.5,5.4,5.4,5.4,5.4,5.4,..
Not classified,INX,GDP per capita growth (annual %),NY.GDP.PCAP.KD.ZG,..,..,..,..,..,..,..,..,..,..,..,..,..,..,..,..,..,..,..,..,..,..,..,..,..,..,..,..,..,..,..,..,..,..,..,..,..,..,..,..,..,..,..,..
Not classified,INX,General government final consumption expenditure (% of GDP),NE.CON.GOVT.ZS,..,..,..,..,..,..,..,..,..,..,..,..,..,..,..,..,..,..,..,..,..,..,..,..,..,..,..,..,..,..,..,..,..,..,..,..,..,..,..,..,..,..,..,..
Not classified,INX,"Unemployment, total (% of total labor force) (national estimate)",SL.UEM.TOTL.NE.ZS,..,..,..,..,..,..,..,..,..,..,..,..,..,..,..,..,..,..,..,..,..,..,..,..,..,..,..,..,..,..,..,..,..,..,..,..,..,..,..,..,..,..,..,..
Not classified,INX,"Inflation, consumer prices (annual %)",FP.CPI.TOTL.ZG,..,..,..,..,..,..,..,..,..,..,..,..,..,..,..,..,..,..,..,..,..,..,..,..,..,..,..,..,..,..,..,..,..,..,..,..,..,..,..,..,..,..,..,..
Not classified,INX,"Mortality rate, infant (per 1,000 live births)",SP.DYN.IMRT.IN,..,..,..,..,..,..,..,..,..,..,..,..,..,..,..,..,..,..,..,..,..,..,..,..,..,..,..,..,..,..,..,..,..,..,..,..,..,..,..,..,..,..,..,..
OECD members,OED,GDP per capita growth (annual %),NY.GDP.PCAP.KD.ZG,1.22575258364944,-0.697207881658116,2.01914470934423,3.9045081456488,2.8890142939884,2.20567355685066,2.71607330814538,3.6908339424335,2.90607761547899,2.02496353218731,0.188666979443624,1.13346079292597,0.504204824696799,2.37710897263759,1.86226762863424,2.31334083936061,2.84527003717308,2.26575834429991,2.68271941095948,3.36426829784342,0.668537439896923,0.78698473947189,1.30124342461056,2.52694687258837,2.11475647015416,2.30220145795583,1.86536252080354,-0.406772361371907,-4.08347522232498,2.25908360375269,1.35144913464214,0.743176278147686,1.02288016738328,1.56284996984336,1.88508645436963,1.19989047483615,1.96344439260065,1.70843745616469,1.28425689579497,-4.2652033064624,5.76524565168239,2.50904774544489,1.13579159944983,1.16943120645989
OECD members,OED,General government final consumption expenditure (% of GDP),NE.CON.GOVT.ZS,17.5214124218373,17.9083973365181,17.7197666290075,17.1481347236059,17.1228318615807,17.2503088339845,17.2821120316826,16.8786437313111,16.6622352452332,17.0084158945007,17.2333701627722,17.4195541470943,17.1356924554768,16.8811544878149,16.783364033308,16.6754396350989,16.3386495242206,16.2504993166016,16.3264379693578,16.1376125361331,16.535845243703,17.0416644541764,17.4334869153695,17.3911117920746,17.3138931385184,17.2251880451783,17.2653336854909,17.8582740968422,19.0849066300444,18.7867060227123,18.4855750853049,18.2225436961593,17.9950555378139,17.7547186091357,17.3239966362302,17.3064289806677,17.0770315350243,17.1123352848063,17.2353944007844,18.5786793144613,18.0747089547901,17.2818965907857,17.2103875169512,..
OECD members,OED,"Unemployment, total (% of total labor force) (national estimate)",SL.UEM.TOTL.NE.ZS,..,..,..,..,..,..,..,..,..,5.95584376330512,6.53384379460425,7.24811391809182,7.66569196489358,7.78880838551489,7.5524508771652,7.51892837431564,7.23341096438632,7.19792255660025,7.15547439470993,6.7083838866833,6.61573849549144,7.12657014692963,7.25979162567432,7.12723663112606,6.82006078514588,6.17699509249115,5.84731845213217,6.17229717949343,8.34405492532614,8.50938629784569,8.11159098780145,8.10360485294997,8.00623981734089,7.41428538745077,6.86081831055774,6.43822553457877,5.91813769341954,5.4763684976539,5.38832311791288,7.13619108518883,6.19303471200932,4.98767427204102,4.81997764302293,4.88810653452112
OECD members,OED,"Inflation, consumer prices (annual %)",FP.CPI.TOTL.ZG,13.4786831903896,11.0549840341482,8.77114656085868,7.37072950287747,6.40304410885111,4.76378590580442,4.55169680805765,5.45541364917159,6.01004023571119,6.72181952228657,5.93421344335924,5.05697796731731,4.56907173681812,2.95340936761079,4.22281614099486,2.93120419993441,2.20114313510882,1.95913632274252,2.17260318876209,3.06380344899536,3.18908268106052,2.47736067910935,2.18428358241519,2.25796409638229,2.47212179047864,2.60015376460351,2.48470438812871,4.11407022033816,1.1045771117539,1.80735230566099,3.37429759432519,2.52945520915771,1.45156526398381,0.624517311086547,0.338705695410185,0.443258157565797,1.82264336059061,1.93246812286361,1.74071267870184,0.732851645175847,2.81528854435833,8.23803240697185,5.67767862615429,2.76589367979524
OECD members,OED,"Mortality rate, infant (per 1,000 live births)",SP.DYN.IMRT.IN,..,..,..,..,..,..,..,..,..,18.1613968079166,17.3920631680892,16.6475118804382,16.0252492969208,15.3204921191017,14.6349180087051,13.8863436615836,13.2333868187557,12.625844034917,12.0200750189681,11.347868201331,10.8759627751955,10.4183995742779,9.9553508029092,9.53244239532772,9.18771965547091,8.78241932057637,8.43197789947464,8.11432144392982,7.85783003232234,7.55493094357476,7.33706463704323,7.12061597635021,6.96527131788814,6.75271598983656,6.58736077281296,6.39539325628312,6.23747148462924,6.14074210688119,6.00859311233872,5.9047844584081,5.80134634820117,5.71264898693856,5.75600195308485,..
Other small states,OSS,GDP per capita growth (annual %),NY.GDP.PCAP.KD.ZG,-9.32243772643055,1.26195169006789,-0.675671098152847,0.97283239497969,0.167655994924203,0.0991825505812187,4.08743732045474,1.15921270932078,0.870682120098493,3.09571943543089,-2.49106316060991,-3.8799245083499,-0.156655239352304,1.96850266654805,3.67458070497608,2.13380297446643,5.11453252513243,2.1084708969092,2.47193204039915,7.09426512371411,1.38062515012858,1.72125947374913,2.88545687214979,3.4395668288779,3.35991098812771,5.10086055299975,4.13340083177447,-0.270463260072106,-6.10106948942973,1.26649468093692,2.33540665089518,0.165000587325224,-0.116361053680762,0.941556924696087,2.33447421239268,3.01692418060588,3.95948008958493,3.16343957322276,3.09206341185228,-6.82458875509836,6.67006819035826,3.32558432358563,1.53934468562089,1.92756321941951
Other small states,OSS,General government final consumption expenditure (% of GDP),NE.CON.GOVT.ZS,..,..,..,..,..,..,..,..,..,..,..,..,19.2174286840387,19.6255576849877,18.3827016287095,18.6529098807035,18.6947016634387,20.0331526676291,20.34555044919,20.8975473013048,21.8238179702482,22.1229962117149,21.2485113769742,20.0552939904799,19.6116611078324,19.2337396973088,19.5962717338122,19.4954329890716,21.2218089101231,20.581752528323,19.982268963741,19.6999658216912,19.6368641015878,19.4762360502496,19.9189039340726,19.8422473225233,19.4426374605717,19.17870936311,19.6237221848816,22.1631805877234,20.8917492398251,19.8861457497774,20.2491543878344,..
Other small states,OSS,"Unemployment, total (% of total labor force) (national estimate)",SL.UEM.TOTL.NE.ZS,..,..,..,..,..,..,..,..,..,..,..,..,..,..,..,..,..,..,..,..,..,..,..,..,..,..,8.46183712056123,..,..,..,..,..,..,..,..,9.61100791731975,..,..,..,..,8.54557455459121,..,..,..
Other small states,OSS,"Inflation, consumer prices (annual %)",FP.CPI.TOTL.ZG,..,..,..,..,..,..,..,..,..,..,..,..,..,..,..,..,..,..,..,..,..,..,..,..,..,..,..,10.3623580313683,2.51609128145112,2.93236301369857,4.23745503254073,4.03932356139047,2.74329950913588,1.22741398857008,1.02687746128346,0.572606092569466,2.07032579116868,2.62384789639848,1.37436338032504,0.638544956776647,2.44608867175474,7.00530945399787,5.09396758978879,2.06284153005467
Other small states,OSS,"Mortality rate, infant (per 1,000 live births)",SP.DYN.IMRT.IN,..,..,..,..,..,..,..,..,..,64.364827865111,63.7617031985907,62.2354051476089,61.4101347715538,60.9951028542363,61.1627709451947,60.0621548308443,59.2464228569408,59.3028486705017,59.4647472740917,49.0951909333186,48.5168616065257,47.5432356529022,46.4569838572259,44.925004384604,43.4070076509437,40.5989948681809,39.3856734695711,38.4047590407071,36.8702130499786,35.4569895124806,34.1204269092027,33.291850303347,32.6941814963842,32.0008352778217,30.849368691028,29.6168969010671,29.0600093221724,28.1212584629571,27.6233969304904,26.9765261074745,26.2418277256097,25.8597399999,25.2193205602151,..
Pacific island small states,PSS,GDP per capita growth (annual %),NY.GDP.PCAP.KD.ZG,0.707332255062298,-5.37770296066994,-3.31640524030323,2.99410322709114,-3.86083338382826,3.06998685955284,-3.86037714939231,-0.560222019357639,2.8659244107087,2.0925007413356,-1.9655552116089,3.31092486697781,0.458346190425772,3.378510987238,3.08810277387343,1.65865124757742,-2.71110514934604,-0.122441859761963,2.73091676370174,-2.87038239526922,-0.428612580404405,0.732660916085919,0.630248718005078,2.78125448239641,1.27318646188837,1.21075678530687,-0.946569520080118,0.937024914774383,-1.53493064402763,2.51426013771324,2.43446567289962,-0.320198707866609,1.88045828476552,2.21973451794031,2.66301448836259,2.31797525042714,2.53895518988361,1.47399766496473,0.104260546170792,-11.0809470896487,-3.79971275601419,8.11667926192324,3.75855674064091,2.73152916972816
Pacific island small states,PSS,General government final consumption expenditure (% of GDP),NE.CON.GOVT.ZS,..,..,..,..,..,..,..,..,..,..,..,..,..,..,..,..,..,..,..,..,..,..,19.2152603898269,19.0164240131437,20.9826662674861,23.1126525438819,21.9636205725622,20.7334943223548,21.9359536174076,21.1535576533035,20.8978653299303,21.7870705634595,22.6799767155693,23.1752352340738,23.062446910397,22.0445040650026,21.8457646024981,22.8050790647626,24.0241583208077,25.3538059157331,26.2747342814835,25.5099054164633,..,..
Pacific island small states,PSS,"Unemployment, total (% of total labor force) (national estimate)",SL.UEM.TOTL.NE.ZS,..,..,..,..,..,..,..,..,..,..,..,..,..,..,..,..,..,..,..,..,..,..,..,..,..,..,..,..,5.82476775138897,..,..,..,..,..,..,..,..,..,..,..,..,..,..,..
Pacific island small states,PSS,"Inflation, consumer prices (annual %)",FP.CPI.TOTL.ZG,..,..,..,..,..,..,..,..,..,..,..,..,..,..,..,..,..,..,..,..,..,..,..,..,..,..,3.76400259181596,11.0064471756381,4.29706572955358,2.76269469477348,4.67469879518073,1.69821123199408,1.45893371757925,0.798863838096929,0.648242939254504,1.07339388853344,1.58394248575813,2.89621932270304,1.40719939417024,0.386388224517504,2.47788271992721,6.09871755232029,7.92164684826778,..
Pacific island small states,PSS,"Mortality rate, infant (per 1,000 live births)",SP.DYN.IMRT.IN,..,..,..,..,..,..,..,..,..,27.8138021926364,26.912241440051,26.1112676529361,25.3325114323523,24.648116630164,24.0671055478802,23.5136997675191,23.092821538718,22.6487638988447,22.2535419687047,21.9112459425718,21.6085668362359,21.4532240509252,21.1441872292952,21.1119730378156,21.0340244990671,20.9897877813505,20.8492293209089,20.6521981856246,20.5331514950271,20.029668629525,19.699677885673,19.3558894624394,19.0688639985148,18.8996947618682,18.8068440189626,18.9049921468387,19.0265294711501,19.1626971843097,19.3966172462147,19.4172902530281,19.3875368754956,19.2214754830071,18.9596956716323,..
Post-demographic dividend,PST,GDP per capita growth (annual %),NY.GDP.PCAP.KD.ZG,1.27747191968012,-0.408628791044535,2.57049048615805,4.25432326770124,3.18572768750087,2.62746057032177,2.95632301866624,4.07199473907949,3.16889313898041,2.04479936412369,0.321756396116314,1.19781859401486,0.520212654013207,2.57094824849563,2.16005054565291,2.36745016274466,2.8952474786677,2.32368136133967,3.04505412928047,3.52066308727123,1.03901771977559,1.01391125790951,1.51503770416683,2.6763731541553,2.27066431078136,2.38182164714891,1.93279532440221,-0.259104794277349,-3.87634082679722,2.40529797491564,1.37385388037772,0.793243034895923,1.12207566451615,1.58486522890739,1.78414400451199,1.3250382997586,2.05442935654997,1.85756094241827,1.51393608668346,-4.26069214643515,5.71856861995994,2.61434088833229,1.50074316136761,1.20281233748318
Post-demographic dividend,PST,General government final consumption expenditure (% of GDP),NE.CON.GOVT.ZS,17.7152672461936,18.0437181192634,17.8599859824017,17.2813801101014,17.282874620482,17.3442248988013,17.3580737587174,16.9471122409203,16.7385414696274,17.08172050306,17.3222424176127,17.5022460284974,17.2949554230672,17.0157135806858,16.8732149797723,16.7594207564492,16.4399731771868,16.4031249419478,16.4529783505098,16.3015254402343,16.7085918467182,17.229309990124,17.6077499303669,17.5899930746783,17.537373756399,17.4517377132755,17.4888826178116,18.0966679426309,19.2819372000759,19.0088471215595,18.7215233219524,18.440405625533,18.2022508481998,17.9388850154257,17.4923666853081,17.4419552614653,17.2163838557809,17.2385700757602,17.363860705174,18.7652340588904,18.3010288707919,17.5926945413407,17.4823490853974,..
Post-demographic dividend,PST,"Unemployment, total (% of total labor force) (national estimate)",SL.UEM.TOTL.NE.ZS,..,..,..,..,..,..,..,..,..,5.74148999670438,6.54006873388559,7.10376329342928,7.62694601804194,7.63830342662931,7.19139571184365,7.31667182925718,7.1791720913757,7.22645961773398,6.96118028754254,6.37422962529957,6.2575250808027,6.62772807802489,6.71830976672885,6.52079611044419,6.25897951687104,5.92874539242097,5.51142417110953,5.84600871774736,8.07190101324186,8.36792705755403,8.00687781646713,8.06410276843656,7.96155747571102,7.41297901474111,6.83968494118501,6.41162039704017,5.85148859657059,5.30548588604716,4.96888495981394,6.76803980003266,5.84266610486536,4.55229872598313,4.49459506917385,4.6277406196616
Post-demographic dividend,PST,"Inflation, consumer prices (annual %)",FP.CPI.TOTL.ZG,11.8220069743239,9.47098932052414,7.50134284900615,6.25452673595642,5.45523829694007,3.55289676116383,4.13097559129001,4.68620183753042,5.34189367273679,5.75120162014572,4.27258843148657,3.60221480900054,3.44035999424388,2.49249121845925,2.57893148499078,2.28571305402195,2.04310779750136,1.82056163731556,1.57329467655878,2.66733720969148,2.65691093929316,2.15848213589264,2.07507820646508,2.09728311239315,2.27716394887834,2.45679305317578,2.32003495338801,4.11407022033816,0.807015189090634,1.90487337870475,3.32985323350645,2.48567562177015,1.40858109183014,0.906794000434214,0.36804684232537,0.607397074641636,1.73079959118893,1.73860861988179,1.61963190184049,0.63226733191168,2.50835221473775,7.87737003690614,5.09396758978879,2.44091572720695
Post-demographic dividend,PST,"Mortality rate, infant (per 1,000 live births)",SP.DYN.IMRT.IN,..,..,..,..,..,..,..,..,..,9.03249586664735,8.68499791675278,8.40617337649725,8.02644069110116,7.59147138952546,7.2701293988132,6.96229620632883,6.69253615384668,6.45409144092506,6.23658297170722,6.05874316335672,5.8865628877348,5.78835332462193,5.66168479243436,5.51836143075822,5.43247240372577,5.32887333193992,5.20515933205454,5.08973853247444,4.95408000289414,4.7919235293189,4.6807466658976,4.57899222200574,4.50263686637708,4.4097452522303,4.36023997668223,4.28373268861762,4.21335019048368,4.18888249540161,4.1220030933533,4.10139169008525,4.09641477391411,4.09082593379732,4.07979128956356,..
Pre-demographic dividend,PRE,GDP per capita growth (annual %),NY.GDP.PCAP.KD.ZG,-6.3279085914748,-3.70311221132624,-7.37449593986707,-2.19062622584663,0.771710903362361,-0.22455289243797,1.09628793672339,1.08914453997708,-1.30001199524436,5.51507659532844,-10.4594400134065,-0.514629163832907,-3.54014058181542,-3.23109313194732,-0.113978301466915,2.82422838216176,3.53590197431298,4.00951368490905,1.30036504199424,2.61923646205229,1.41990930923264,2.84731096237107,-3.59664921979252,8.79148659995977,2.94845925084728,3.20982522589006,3.19895424366796,3.37013190751262,1.75664033262153,3.5175865091196,1.32107218546207,1.19741323226457,2.77564778108564,2.23656641162174,0.212568568720272,-0.406014347460044,-1.14872808257869,-0.171490932148259,0.57937946085957,-5.10438218027673,0.535952826068623,1.69496454846998,-0.278111060263456,0.514879688779232
Pre-demographic dividend,PRE,General government final consumption expenditure (% of GDP),NE.CON.GOVT.ZS,..,..,..,..,..,..,..,..,..,..,..,..,..,..,..,..,..,..,..,..,..,..,..,..,..,..,..,..,..,..,..,..,..,..,..,..,..,..,..,..,..,..,..,..
Pre-demographic dividend,PRE,"Unemployment, total (% of total labor force) (national estimate)",SL.UEM.TOTL.NE.ZS,..,..,..,..,..,..,..,..,..,..,..,..,..,..,..,..,..,..,..,..,..,..,..,..,..,..,..,..,..,..,..,..,..,..,..,..,..,..,..,..,..,..,..,..
Pre-demographic dividend,PRE,"Inflation, consumer prices (annual %)",FP.CPI.TOTL.ZG,..,..,..,..,..,..,..,..,..,..,..,..,..,..,..,..,..,..,..,..,..,..,..,..,..,..,..,..,..,..,6.42939681072337,6.44121280934116,4.76841247712007,3.53436856147326,3.55075967356746,4.66466235810214,4.97595150553836,2.9676036600445,2.45280214062729,3.48393567493207,4.25936417542868,8.06408196804895,7.10220928557054,4.07856834812022
Pre-demographic dividend,PRE,"Mortality rate, infant (per 1,000 live births)",SP.DYN.IMRT.IN,..,..,..,..,..,..,..,..,..,104.914365307894,106.777787447855,105.977948090817,102.461818588917,101.197170819488,100.221539876047,98.9156317666133,97.2637514176286,96.4947037188338,92.9142575671378,90.2157633697868,87.3162279852982,84.2406659780374,81.1692633449643,78.2903266538427,75.3125779431962,72.2925909642189,69.7370079453067,67.4038379756145,66.2768579661118,63.766995322238,63.9413567476982,60.437904868291,58.679784521772,58.1058315241343,57.0223617036034,55.9338259946456,54.9964859347697,52.5555184092646,51.2817838109435,49.7186076410923,48.6301223757596,48.4289891841862,45.9338672007582,..
Small states,SST,GDP per capita growth (annual %),NY.GDP.PCAP.KD.ZG,-5.141521662847,-0.00970407047226729,-2.58682040632652,1.02162752725079,-0.240747490340752,0.286522971511388,1.43770149793363,0.824961130568539,1.48101871737228,1.31484127652371,-1.91711573567217,-1.822082590861,-0.207440182156432,2.21527746970848,3.13436366182248,2.69272602827286,4.12301277371239,2.55761469884419,3.02182225119456,5.44403249520653,1.25160187165292,2.11550050777693,3.52205903330531,3.53550961168747,3.69562156824985,5.56634308106953,3.55879389346181,0.185959919262473,-5.21275783308262,1.26517472117887,1.56535964915463,1.24140291650731,0.213186566110224,1.24764251610851,1.2631445571176,0.784324487258402,2.20700441670547,2.20792806173411,2.07864836265964,-7.79394648264096,5.96718858721319,6.56285775239893,3.61959421217428,5.25067141988484
Small states,SST,General government final consumption expenditure (% of GDP),NE.CON.GOVT.ZS,..,..,..,..,..,..,..,..,..,..,..,..,19.3884163989489,19.7310411432024,18.9349368113673,19.0637367320424,18.5489525398359,19.2976860283465,19.3657085856938,19.5041707544401,20.1712988271126,20.630811918456,20.3689052732839,19.5996918735753,19.1138923397566,18.5931304193029,18.9571582301122,18.5297998136051,20.6341860428234,19.7758414694769,19.5530010548389,18.9628156341605,18.8685332586987,18.7629597446095,18.8866681762965,19.4195131245499,19.5047041783328,19.6048460521786,20.1297689283581,23.2885670665692,21.8589707015131,19.7660609658596,20.3900564831058,..
Small states,SST,"Unemployment, total (% of total labor force) (national estimate)",SL.UEM.TOTL.NE.ZS,..,..,..,..,..,..,..,..,..,..,..,..,..,..,..,..,..,..,..,..,..,..,..,..,..,..,..,..,..,..,..,..,..,..,..,..,..,..,..,..,..,..,..,..
Small states,SST,"Inflation, consumer prices (annual %)",FP.CPI.TOTL.ZG,..,..,..,..,..,..,..,..,..,..,..,..,..,..,..,..,..,..,..,..,..,..,..,..,..,4.34088232674111,4.48088608614726,9.89926249802688,2.08432746082342,2.99936630549003,4.23745503254073,3.40012783870427,1.60439298078072,1.11296303373857,0.562405884956053,0.643389055936922,1.75515618332652,2.10970464135021,1.17954334821804,0.576790480838927,2.41075255288778,6.13440586021486,5.0769567426116,2.20209151718041
Small states,SST,"Mortality rate, infant (per 1,000 live births)",SP.DYN.IMRT.IN,..,..,..,..,..,..,..,..,..,51.8438449664212,51.2545774603834,50.1101441541634,49.1136398003932,48.5637551887148,48.2170270758506,47.2991048356585,46.5345302261391,46.4055786369666,46.3633596490749,39.5218655773604,39.0210054193374,38.4030152587134,37.6556699559101,36.6400382164891,35.5711590546142,33.7113643501279,32.8594981858949,32.1482333643658,31.0947209498637,30.061117276068,29.0778668834354,28.4011124060942,27.8536569015407,27.2786236864527,26.4504813165448,25.6454118109054,25.2222340627973,24.5769721875905,24.2966545368129,23.783960174342,23.263921314831,22.8784198884606,22.3309013559083,..
South Asia,SAS,GDP per capita growth (annual %),NY.GDP.PCAP.KD.ZG,3.69618902297562,0.94656132302444,4.17216563940195,1.69243526743226,2.66351567306442,2.3287999749036,1.51679139812624,6.14425971668979,3.17944257398568,3.3232873106132,-0.619111860450786,3.21687159804797,2.66819961662765,4.23775582853449,5.07850991998129,4.97363938027566,2.1928636537472,3.9590697323936,6.17158601416727,2.15841091873195,2.6676139453333,1.95675617575917,5.67266297803781,5.79387533147168,5.97128261061583,6.29308020205721,6.00206729196773,2.07510471117163,5.93398148851347,6.72705848207893,4.05367435260628,4.27930192502724,4.95217158292876,5.96282550682321,6.46173917419135,6.73733729870807,5.60196771951836,5.27934085506818,3.04100951053226,-5.90537297999809,8.33028192637491,6.24173655779443,7.55416870193901,5.28734250784994
South Asia,SAS,General government final consumption expenditure (% of GDP),NE.CON.GOVT.ZS,8.98941903631949,9.55505582095774,9.54130271461789,9.71223678428671,10.2167390264798,10.8168625343241,11.1406746938175,10.8348290821379,10.7822726240053,10.4917720368917,10.2244354026457,10.1235258337092,10.193935801814,9.78473576031237,9.91332586811646,9.6596802312856,10.2707996670375,11.0112225595332,11.2428821952638,11.0763711994558,10.8996152209588,10.6305223722733,10.2843013966599,9.91842050540958,9.9351572609251,9.54603787832048,9.62030913761934,10.2279673902961,11.0733773389936,10.6492481595116,10.673184896707,10.2714382839415,9.85377670004775,10.0013693932408,9.9734212081083,9.79564165533001,10.2156678474162,10.2459422481639,10.4305334761499,10.9099918798807,9.93612445042164,9.66421374870298,9.73513217039209,9.64433686876076
South Asia,SAS,"Unemployment, total (% of total labor force) (national estimate)",SL.UEM.TOTL.NE.ZS,..,..,..,..,..,..,..,..,..,..,..,..,..,2.36331108193892,..,..,..,..,..,2.8714984635458,..,..,..,..,3.91116169185226,..,..,..,..,3.17003308484017,..,3.232501737788,..,..,..,..,..,7.59582975276584,6.47683021043448,7.81780734350757,6.35756829068924,4.79261898520551,4.0778870112508,4.17240444926015
South Asia,SAS,"Inflation, consumer prices (annual %)",FP.CPI.TOTL.ZG,..,..,..,..,..,9.7221932767856,9.70407232943322,8.98300338208989,7.16585889470779,8.2397003745321,14.7136770282735,16.8559977535548,7.50539419087105,8.34928672883386,7.62296950698163,8.97715233826453,7.16425211462724,11.2444677818614,4.66982038037593,2.47882020709132,2.68830373545629,4.1786723990479,3.8058589952885,2.84181131248978,4.24634362031923,5.79652337561633,6.37288135593232,9.90783005306479,10.8823529411764,9.32650410745394,9.22707546125951,9.45980980357135,7.53040640913172,6.82864780544372,4.72755869604733,4.45355240327603,4.29108988840868,3.33139516437674,3.6289496588547,5.66021998689359,5.33853088974922,7.1749129543919,6.38195135323064,2.76131569624095
South Asia,SAS,"Mortality rate, infant (per 1,000 live births)",SP.DYN.IMRT.IN,..,..,..,..,..,..,..,..,..,89.9,87.8,85.8,83.9,82,80,77.9,75.8,73.7,71.5,69.3,67.2,65.1,63.2,61.4,59.6,57.9,56.1,54.4,52.6,50.8,49,47.1,45.2,43.4,41.6,39.7,38.1,36.5,35.1,33.7,32.5,31.3,30.2,..
South Asia (IDA & IBRD),TSA,GDP per capita growth (annual %),NY.GDP.PCAP.KD.ZG,3.69618902297562,0.94656132302444,4.17216563940195,1.69243526743226,2.66351567306442,2.3287999749036,1.51679139812624,6.14425971668979,3.17944257398568,3.3232873106132,-0.619111860450786,3.21687159804797,2.66819961662765,4.23775582853449,5.07850991998129,4.97363938027566,2.1928636537472,3.9590697323936,6.17158601416727,2.15841091873195,2.6676139453333,1.95675617575917,5.67266297803781,5.79387533147168,5.97128261061583,6.29308020205721,6.00206729196773,2.07510471117163,5.93398148851347,6.72705848207893,4.05367435260628,4.27930192502724,4.95217158292876,5.96282550682321,6.46173917419135,6.73733729870807,5.60196771951836,5.27934085506818,3.04100951053226,-5.90537297999809,8.33028192637491,6.24173655779443,7.55416870193901,5.28734250784994
South Asia (IDA & IBRD),TSA,General government final consumption expenditure (% of GDP),NE.CON.GOVT.ZS,8.98941903631949,9.55505582095774,9.54130271461789,9.71223678428671,10.2167390264798,10.8168625343241,11.1406746938175,10.8348290821379,10.7822726240053,10.4917720368917,10.2244354026457,10.1235258337092,10.193935801814,9.78473576031237,9.91332586811647,9.6596802312856,10.2707996670375,11.0112225595332,11.2428821952638,11.0763711994558,10.8996152209588,10.6305223722733,10.2843013966599,9.91842050540958,9.9351572609251,9.54603787832048,9.62030913761934,10.2279673902961,11.0733773389936,10.6492481595116,10.673184896707,10.2714382839415,9.85377670004775,10.0013693932408,9.9734212081083,9.79564165533001,10.2156678474162,10.2459422481639,10.4305334761499,10.9099918798807,9.93612445042164,9.66421374870298,9.73513217039209,9.64433686876076
South Asia (IDA & IBRD),TSA,"Unemployment, total (% of total labor force) (national estimate)",SL.UEM.TOTL.NE.ZS,..,..,..,..,..,..,..,..,..,..,..,..,..,2.36331108193892,..,..,..,..,..,2.8714984635458,..,..,..,..,3.91116169185226,..,..,..,..,3.17003308484017,..,3.232501737788,..,..,..,..,..,7.59582975276584,6.47683021043448,7.81780734350757,6.35756829068924,4.79261898520551,4.0778870112508,4.17240444926015
South Asia (IDA & IBRD),TSA,"Inflation, consumer prices (annual %)",FP.CPI.TOTL.ZG,..,..,..,..,..,9.7221932767856,9.70407232943322,8.98300338208989,7.16585889470779,8.2397003745321,14.7136770282735,16.8559977535548,7.50539419087105,8.34928672883386,7.62296950698163,8.97715233826453,7.16425211462724,11.2444677818614,4.66982038037593,2.47882020709132,2.68830373545629,4.1786723990479,3.8058589952885,2.84181131248978,4.24634362031923,5.79652337561633,6.37288135593232,9.90783005306479,10.8823529411764,9.32650410745394,9.22707546125951,9.45980980357135,7.53040640913172,6.82864780544372,4.72755869604733,4.45355240327603,4.29108988840868,3.33139516437674,3.6289496588547,5.66021998689359,5.33853088974922,7.1749129543919,6.38195135323064,2.76131569624095
South Asia (IDA & IBRD),TSA,"Mortality rate, infant (per 1,000 live births)",SP.DYN.IMRT.IN,..,..,..,..,..,..,..,..,..,85.4175395602239,83.245337882945,81.1727017014835,79.1873914250356,77.2965392343461,75.3303933545799,73.298153305218,71.2543436329934,69.2234449993299,67.0045928431559,64.8831302416243,62.7243247795815,60.6786103019274,58.6826930664413,56.780714876981,54.7759834779257,52.8596845975647,50.8791672922026,48.9575720604333,47.0155706124186,45.0794863977843,43.0875530690447,41.0933352819563,39.1657963340536,37.2409278032834,35.4324201369112,33.6197647177214,31.9802653204503,30.3752175594854,28.8626379125237,27.4829630315707,26.2233648576991,25.1760759188118,24.2308945172015,..
Sub-Saharan Africa,SSF,GDP per capita growth (annual %),NY.GDP.PCAP.KD.ZG,-3.73197304110529,-4.18718041027621,-5.39714584400403,-0.645451604808116,-0.897101011481894,-1.00680528409333,0.0116319887539618,1.50777282730488,-0.514768334931901,-0.469686900583881,-2.30583820337085,-3.08517896446679,-3.59850262522862,-1.63939559752249,0.588241053310213,2.34455240201052,1.37095881324495,-0.180474731659714,-0.498658447343473,0.754168197978217,1.44978314540354,3.53858354772515,1.30893293338168,3.79330314891411,3.19469490009843,3.18357898342818,3.27579721507583,2.32219264074286,0.332193914575569,3.13213058184955,1.63074592225566,0.498780272628679,2.25613343225008,1.98923056249676,0.22757167018969,-1.38523306035557,-0.154037046663717,0.0845981671924108,0.0539480052962347,-4.48421200709723,1.70511279034909,1.20192722562284,0.075734468357112,0.932461473747722
Sub-Saharan Africa,SSF,General government final consumption expenditure (% of GDP),NE.CON.GOVT.ZS,10.4876761607461,10.9322603945435,12.4364939666533,13.7343924580157,12.6636202091633,16.5651012313233,18.4424292263901,18.0068997038847,17.7401866527036,18.223917088355,18.3609843067418,20.5339247483802,19.9997372864132,18.6816969393283,15.3878450304591,14.1804353081904,13.9447803720055,13.3214793112842,18.2955959952748,17.1593966660039,17.0527876124939,15.8725460808412,17.337532040539,17.0724556366491,15.9450996668059,14.8185384739592,14.9208447690248,14.5653035902778,15.9034812172726,15.6301404280536,16.3119868887666,15.9215279591878,15.6835630215264,14.9179461182421,14.8000094462429,15.3490480676739,16.1357057699425,15.2669925309202,14.720960913377,15.466903055397,15.4748714256364,15.0208200994836,15.3676721144526,17.1697301635291
Sub-Saharan Africa,SSF,"Unemployment, total (% of total labor force) (national estimate)",SL.UEM.TOTL.NE.ZS,..,..,..,..,..,..,..,..,..,..,..,..,..,..,..,..,..,..,..,..,..,..,..,..,..,..,..,..,..,..,..,..,..,..,..,..,..,..,..,..,..,..,..,..
Sub-Saharan Africa,SSF,"Inflation, consumer prices (annual %)",FP.CPI.TOTL.ZG,..,..,..,..,..,..,..,..,..,..,..,..,..,..,..,..,..,..,..,..,..,..,..,..,..,..,..,10.7156661309681,7.23809523809527,4.28836623862318,5.04610226320201,6.575899707577,4.88516387595465,4.4022530924343,3.55075967356746,5.43051966119157,5.19795180719177,4.09297819300639,2.83514555687505,3.48393567493207,4.61874544887136,8.83128161964115,6.69759990789842,4.21492822110782
Sub-Saharan Africa,SSF,"Mortality rate, infant (per 1,000 live births)",SP.DYN.IMRT.IN,..,..,..,..,..,..,..,..,..,102.4,104,103.4,100.4,100.6,98.2,96.9,95.3,94.4,91,88.5,85.7,82.6,79.6,76.8,73.8,70.9,68.3,65.9,64.7,62.3,62.2,58.9,57.1,56.4,55.2,54,53,50.6,49.4,47.8,46.8,46.5,44.2,..
Sub-Saharan Africa (excluding high income),SSA,GDP per capita growth (annual %),NY.GDP.PCAP.KD.ZG,-3.86993901325275,-4.15391803780204,-5.62632343334833,-0.56214807838586,-0.639109914505113,-1.13934898474581,-0.151348282763919,1.69681194654898,-0.364153703454207,-0.390979176816913,-1.99505852913227,-2.78761265834501,-3.76932229098034,-1.59279492506313,0.615274152444883,2.25754039376054,1.44577160404668,0.00182217174109667,-0.50967556707397,0.743234796792308,1.40830085648527,3.69414917136299,1.48939101196748,3.69448796015533,3.09484898153063,3.09529608095971,3.16851755448184,2.20481756746894,0.199261131678867,2.96386596947667,1.44229504605013,0.340694380874098,2.07748130679366,1.79791751712384,-0.0484207630389193,-1.7077566439448,-0.447078799416161,-0.0962350373486061,-0.207671749733393,-4.86239383949771,1.65237054084702,1.1241418341552,-0.134027234935388,0.721303125099098
Sub-Saharan Africa (excluding high income),SSA,General government final consumption expenditure (% of GDP),NE.CON.GOVT.ZS,10.667153606834,11.1455379928639,12.7485871850002,14.1031136275479,13.0792374049213,17.1729719703532,19.0950923634675,18.6330171971397,18.3757949293291,18.8187006371975,18.982665756901,21.1229392001307,20.4653400302423,18.9993867876512,15.6091037253729,14.3807566131893,14.1279123878595,13.4683467933572,18.6174241959107,17.4159606215035,17.3183069779896,16.0531162361718,17.5292757179347,17.2582572373113,16.1329861334165,14.9935841368284,15.1375051038917,14.8476042796731,16.304199653872,15.9310668031921,16.6098169137855,16.2883975393782,16.0142477538613,15.2099894637218,15.1075399989689,15.5565183914366,16.0610185844609,15.5285059109616,15.029680619644,15.8610011623021,15.8850177675786,15.5497130894841,15.899304495903,17.7644251046287
Sub-Saharan Africa (excluding high income),SSA,"Unemployment, total (% of total labor force) (national estimate)",SL.UEM.TOTL.NE.ZS,..,..,..,..,..,..,..,..,..,..,..,..,..,..,..,..,..,..,..,..,..,..,..,..,..,..,..,..,..,..,..,..,..,..,..,..,..,..,..,..,..,..,..,..
Sub-Saharan Africa (excluding high income),SSA,"Inflation, consumer prices (annual %)",FP.CPI.TOTL.ZG,..,..,..,..,..,..,..,..,..,..,..,..,..,..,..,..,..,..,..,..,..,..,..,..,..,..,..,9.90998456005467,5.00627361534046,4.28836623862318,5.04610226320201,6.31474450315182,4.88516387595465,4.4022530924343,3.39401538410559,5.43051966119157,5.19795180719177,4.09297819300639,2.83514555687505,3.48393567493207,4.25936417542868,8.83128161964115,6.69759990789842,4.21492822110782
Sub-Saharan Africa (excluding high income),SSA,"Mortality rate, infant (per 1,000 live births)",SP.DYN.IMRT.IN,..,..,..,..,..,..,..,..,..,99.5453966125679,101.609173652089,101.316744355674,98.2897315201842,98.9444849569112,96.7162753217911,95.733817669493,94.4297562204853,93.845733288198,90.4563323443628,88.0119441647679,85.308708338381,82.3143268413328,79.3749873512372,76.6537219218397,73.7864649580071,70.897093368331,68.4085591719437,66.0659883560233,65.0195378030184,62.5761093694385,62.758802295882,59.3088684181765,57.5947396584899,57.0257808107354,55.9413198513661,54.8534102683566,53.9201181447722,51.5133747061561,50.2721929589089,48.7492824815544,47.709939341088,47.5482911880344,45.1384280693628,..
Sub-Saharan Africa (IDA & IBRD countries),TSS,GDP per capita growth (annual %),NY.GDP.PCAP.KD.ZG,-3.73197304110528,-4.18718041027624,-5.39714584400403,-0.645451604808073,-0.897101011481922,-1.00680528409335,0.0116319887540044,1.50777282730488,-0.514768334931944,-0.469686900583852,-2.30583820337085,-3.08517896446676,-3.59850262522868,-1.63939559752249,0.588241053310242,2.34455240201052,1.37095881324495,-0.180474731659714,-0.498658447343473,0.754168197978217,1.44978314540354,3.53858354772511,1.30893293338168,3.79330314891413,3.19469490009847,3.18357898342816,3.2757972150758,2.32219264074291,0.332193914575555,3.13213058184955,1.63074592225563,0.498780272628679,2.25613343225011,1.98923056249676,0.227571670189676,-1.38523306035559,-0.154037046663717,0.0845981671924108,0.0539480052962347,-4.48421200709723,1.70511279034911,1.20192722562282,0.0757344683570977,0.93246147374775
Sub-Saharan Africa (IDA & IBRD countries),TSS,General government final consumption expenditure (% of GDP),NE.CON.GOVT.ZS,10.4876761607461,10.9322603945435,12.4364939666533,13.7343924580157,12.6636202091633,16.5651012313233,18.4424292263901,18.0068997038847,17.7401866527035,18.2239170883549,18.3609843067418,20.5339247483802,19.9997372864131,18.6816969393283,15.3878450304591,14.1804353081904,13.9447803720055,13.3214793112842,18.2955959952748,17.1593966660038,17.0527876124939,15.8725460808411,17.337532040539,17.0724556366491,15.9450996668058,14.8185384739591,14.9208447690248,14.5653035902778,15.9034812172726,15.6301404280536,16.3119868887666,15.9215279591878,15.6835630215264,14.9179461182421,14.8000094462429,15.3490480676739,16.1357057699425,15.2669925309202,14.720960913377,15.466903055397,15.4748714256364,15.0208200994836,15.3676721144526,17.1697301635291
Sub-Saharan Africa (IDA & IBRD countries),TSS,"Unemployment, total (% of total labor force) (national estimate)",SL.UEM.TOTL.NE.ZS,..,..,..,..,..,..,..,..,..,..,..,..,..,..,..,..,..,..,..,..,..,..,..,..,..,..,..,..,..,..,..,..,..,..,..,..,..,..,..,..,..,..,..,..
Sub-Saharan Africa (IDA & IBRD countries),TSS,"Inflation, consumer prices (annual %)",FP.CPI.TOTL.ZG,..,..,..,..,..,..,..,..,..,..,..,..,..,..,..,..,..,..,..,..,..,..,..,..,..,..,..,10.7156661309681,7.23809523809527,4.28836623862318,5.04610226320201,6.575899707577,4.88516387595465,4.4022530924343,3.55075967356746,5.43051966119157,5.19795180719177,4.09297819300639,2.83514555687505,3.48393567493207,4.61874544887136,8.83128161964115,6.69759990789842,4.21492822110782
Sub-Saharan Africa (IDA & IBRD countries),TSS,"Mortality rate, infant (per 1,000 live births)",SP.DYN.IMRT.IN,..,..,..,..,..,..,..,..,..,102.374097826193,103.958762217712,103.422705702743,100.370370926698,100.576885186948,98.1669313178404,96.8792454896798,95.3122696000839,94.4045555539777,91.0106302709542,88.4584247331351,85.6681410434689,82.6072391698416,79.6054487777858,76.7805896444924,73.8468115856058,70.8946463760397,68.3349212795159,65.9297335433365,64.7191502934068,62.2659926410538,62.2035668538863,58.868047115909,57.1069304418804,56.3967220187974,55.2106447453952,54.0253732823717,53.0002326831677,50.6432085680392,49.3592659458161,47.8405809228252,46.7775335569482,46.5056199745582,44.209453036333,..
Upper middle income,UMC,GDP per capita growth (annual %),NY.GDP.PCAP.KD.ZG,0.133271874843203,1.25380557339578,-0.35066028574677,3.61682683619505,2.9502465615668,1.87786324468344,3.08824883299441,1.59617104459436,1.22187916745997,1.06819463962793,1.5679306226118,3.08550895774798,4.54431212239936,4.24664969510459,3.20400080871566,4.9925538934251,4.88732222561133,1.85268019521241,2.15870239257366,4.95119664342415,2.46101962380247,3.92810207280473,5.02296931528853,6.9501361610445,6.65066347570762,7.72727522120731,8.6104339244733,5.46368431117588,2.7035786826376,7.67375006485796,6.04320997403754,4.82311189138393,4.70183876055354,4.08659599202157,3.65588426981577,3.73502829200409,4.50194280908813,4.15565146415722,3.47177429573662,-0.9323089513246,7.26912569986311,3.1628925344688,4.36127093977237,3.8332312118953
Upper middle income,UMC,General government final consumption expenditure (% of GDP),NE.CON.GOVT.ZS,13.0057025235271,13.593202060976,13.5414636758283,13.2259254579394,13.4895701354565,13.852475379362,13.5540084063895,13.3358410265432,13.6997603807057,13.2359562350635,12.906749009456,12.8051787030563,13.4554691457163,13.5679411453396,14.3444540846029,13.978405302623,14.1554653680419,14.655696378327,14.6750537456395,14.3825804429863,14.5904526666339,14.5097738415057,14.2931652536133,13.9934484630709,14.0699680446804,14.1318019597857,14.1835575670337,14.3022218628662,15.2607856710008,14.9226704263366,15.2950187484484,15.4783958375792,15.6007376386058,15.6587505108997,16.0506503010124,16.1711561983766,16.1502515348895,16.2063677895822,16.4671073250349,17.1133397227959,15.8817951299142,15.8646901980892,16.3049413884076,..
Upper middle income,UMC,"Unemployment, total (% of total labor force) (national estimate)",SL.UEM.TOTL.NE.ZS,..,..,..,..,..,..,..,..,..,3.16223834546886,3.0751018021452,3.28183477539669,3.50406250281814,3.68946859688103,4.30854454096054,4.41158069944216,4.54337556007101,5.03842445960068,5.34864744445998,5.47705166150489,5.79714867095563,6.32632208024871,6.18200635522144,6.04750352839894,6.04933055187283,5.75531715092687,5.71188485391005,5.58406826458554,5.91391960346687,5.37610657033019,5.38752441426396,5.30071313278798,5.16169825069402,5.21393595184661,..,..,5.68096786596627,6.15595056699239,6.28946354669142,6.98448406249683,6.63476188653577,..,..,..
Upper middle income,UMC,"Inflation, consumer prices (annual %)",FP.CPI.TOTL.ZG,..,..,..,..,..,..,..,..,..,..,..,..,..,..,..,..,..,..,..,..,..,..,..,..,..,6.12556615620284,6.17781214809388,10.0662418245849,2.5540190078784,3.91106195534029,5.67533350732011,3.66626973126654,2.70281658214476,3.03372718252382,2.24655506538953,2.09056659525741,3.3082807676822,3.04505397337069,1.84922984511088,1.82893754590454,4.05681586746244,9.0383038041557,5.07719516250967,3.05252419284581
Upper middle income,UMC,"Mortality rate, infant (per 1,000 live births)",SP.DYN.IMRT.IN,..,..,..,..,..,..,..,..,..,45.4,44.5,43.2,41.8,40.3,38.8,37.2,35.6,33.9,32.3,30.6,29,27.3,25.7,24.5,22.9,21.5,20.3,19.1,18,17.1,16.3,15.3,14.7,14,13.5,12.8,12.2,12.1,11.8,11.9,11.8,11.6,11.5,..
World,WLD,GDP per capita growth (annual %),NY.GDP.PCAP.KD.ZG,0.150961004099187,-1.44907240248997,0.803858487738694,2.85188998564121,1.89845860920259,1.41620828895421,1.911162828459,2.71008516131126,1.92224296504804,0.947929811666583,-0.458934529972154,0.379584094696696,0.24326123638518,1.77521321433083,1.56689150640645,2.05806651763029,2.44846007772641,1.38330305073941,2.15843642856102,3.12577816864714,0.680241704482796,0.998009060071169,1.78700126923876,3.1490065599797,2.72430990675502,3.15143577137142,3.07757116500433,0.788423585356824,-2.54765618494204,3.26292949064214,2.09536477927612,1.42148340567505,1.62872344910325,1.91136420427671,1.91988468764173,1.62304481882583,2.2922397869997,2.18571527957843,1.64294945599994,-3.79858154569934,5.53567230494956,2.46040330769289,1.99141580479943,1.88946919141083
World,WLD,General government final consumption expenditure (% of GDP),NE.CON.GOVT.ZS,16.6120769275893,17.0779357410333,17.0531283008343,16.5803252000917,16.6324353065021,16.9112908198908,16.9676386457579,16.6120193398566,16.5621165156461,16.793596819395,16.9388965647769,17.0324951217244,16.9500994780068,16.6270019667868,16.5413465299794,16.347865519389,16.1182804345573,16.1243630575531,16.2115456503712,16.0009671097339,16.3838492014609,16.7854183246024,17.0390258285619,16.8871136939444,16.7445469718459,16.5939175103269,16.5252200047065,16.8947762465962,18.0308076285724,17.5158187164869,17.3192521677749,17.1409654842394,17.0424795219349,16.8836570539935,16.7166699830163,16.701983612428,16.5325981060526,16.5497038991362,16.6934269873961,17.8518370636829,17.0427357468218,16.4768822613799,16.6267843174389,..
World,WLD,"Unemployment, total (% of total labor force) (national estimate)",SL.UEM.TOTL.NE.ZS,..,..,..,..,..,..,..,..,..,..,..,..,..,4.90883463064334,..,5.62982900646811,..,..,6.24766723495896,5.54427749733772,6.14844982595919,..,6.49925520944164,..,5.8626277922544,5.79602448232956,5.58483376803058,..,6.32819374793563,5.49058568496107,5.81551200738033,5.43976949807136,5.63368066164593,5.57737213964081,..,..,5.63258420913338,5.97708054082845,5.9054958526829,6.69966095784118,6.20707186901919,..,..,..
World,WLD,"Inflation, consumer prices (annual %)",FP.CPI.TOTL.ZG,..,..,..,..,..,..,..,..,..,..,..,..,..,..,..,..,..,..,..,..,..,..,..,..,..,3.84234125624782,4.82704847846411,8.69482814363902,2.46257216113655,3.21283442224664,4.79588266183109,3.67591897974496,2.62105001748119,2.35449052820362,1.45069057605953,1.60553917414213,2.2542765193481,2.44989082805349,2.21677593359912,1.91983527270797,3.48388055266683,7.9309292543009,5.87110177678991,2.94952520485207
World,WLD,"Mortality rate, infant (per 1,000 live births)",SP.DYN.IMRT.IN,..,..,..,..,..,..,..,..,..,64,64.2,63.4,62.2,61.4,60.3,59.1,57.9,56.7,55,53.2,51.6,49.9,48.1,46.4,44.6,42.8,41.2,39.7,38.5,37.2,36.4,34.5,33.5,32.5,31.8,30.8,30,29.5,28.9,28.5,28.1,28,27.1,..
,,,,,,,,,,,,,,,,,,,,,,,,,,,,,,,,,,,,,,,,,,,,,,,
,,,,,,,,,,,,,,,,,,,,,,,,,,,,,,,,,,,,,,,,,,,,,,,
,,,,,,,,,,,,,,,,,,,,,,,,,,,,,,,,,,,,,,,,,,,,,,,
Data from database: World Development Indicators,,,,,,,,,,,,,,,,,,,,,,,,,,,,,,,,,,,,,,,,,,,,,,,
Last Updated: 10/07/2025,,,,,,,,,,,,,,,,,,,,,,,,,,,,,,,,,,,,,,,,,,,,,,,
